[{"version_UUID": "37d2431b-7e23-4680-86a9-e7d42079cc36", "creation_time": "2024-01-01T22:01:41.566110Z", "creation_date": "2024-01-01", "creation_day_since_launch": 3489, "creation_year": 2024, "creation_month": 1, "site_cat": 5, "type": "bite", "lon": 13.8936766, "lat": 42.9285272, "movelab_annotation": null, "movelab_annotation_euro": null, "tiger_responses": null, "tiger_responses_text": null, "site_responses": null, "site_responses_text": null, "tigaprob_cat": 0, "visible": true, "latest_version": true, "n_photos": 0, "final_expert_status_text": 1, "responses": [{"id": 637369, "translated_question": "Quante punture hai ricevuto e in che parte del corpo?", "translated_answer": "", "question_id": 1, "question": "question_1", "answer_id": 11, "answer": "N/A", "answer_value": "1", "report": "37d2431b-7e23-4680-86a9-e7d42079cc36"}, {"id": 637370, "translated_question": "Dove ti hanno punto?", "translated_answer": "Braccio sinistro", "question_id": 2, "question": "question_2", "answer_id": 22, "answer": "question_2_answer_22", "answer_value": "1", "report": "37d2431b-7e23-4680-86a9-e7d42079cc36"}, {"id": 637371, "translated_question": "Dove eri quando ti hanno punto?", "translated_answer": "In un edificio", "question_id": 4, "question": "question_4", "answer_id": 42, "answer": "question_4_answer_42", "answer_value": null, "report": "37d2431b-7e23-4680-86a9-e7d42079cc36"}, {"id": 637372, "translated_question": "Quando ti hanno punto?", "translated_answer": "Adesso", "question_id": 5, "question": "question_5", "answer_id": 51, "answer": "question_5_answer_51", "answer_value": null, "report": "37d2431b-7e23-4680-86a9-e7d42079cc36"}], "country": "ITA", "cached_visible": null, "point": "SRID=4326;POINT (13.8936766 42.9285272)", "nuts_3": "ITI34", "nuts_2": "ITI3", "ia_filter_1": null, "ia_filter_2": null, "session": null}, {"version_UUID": "8e25012a-eca3-42aa-8e88-d65167e894c3", "creation_time": "2024-01-02T02:21:10.662375Z", "creation_date": "2024-01-02", "creation_day_since_launch": 3490, "creation_year": 2024, "creation_month": 1, "site_cat": 5, "type": "adult", "lon": -8.6488078, "lat": 42.4246571, "movelab_annotation": null, "movelab_annotation_euro": null, "tiger_responses": {}, "tiger_responses_text": {"question_6": "question_6_answer_64", "question_13": "question_13_answer_132"}, "site_responses": null, "site_responses_text": null, "tigaprob_cat": 0, "visible": true, "latest_version": true, "n_photos": 0, "final_expert_status_text": 1, "responses": [{"id": 637380, "translated_question": "\u00bfQu\u00e9 tipo de mosquito crees que es?", "translated_answer": "No lo s\u00e9", "question_id": 6, "question": "question_6", "answer_id": 64, "answer": "question_6_answer_64", "answer_value": null, "report": "8e25012a-eca3-42aa-8e88-d65167e894c3"}, {"id": 637381, "translated_question": "\u00bfD\u00f3nde has encontrado el mosquito?", "translated_answer": "Dentro de un edificio", "question_id": 13, "question": "question_13", "answer_id": 132, "answer": "question_13_answer_132", "answer_value": null, "report": "8e25012a-eca3-42aa-8e88-d65167e894c3"}], "country": "ESP", "cached_visible": null, "point": "SRID=4326;POINT (-8.6488078 42.4246571)", "nuts_3": "ES114", "nuts_2": "ES11", "ia_filter_1": null, "ia_filter_2": null, "session": null}, {"version_UUID": "47db25c2-4f09-49cc-8810-6bd999cd1edd", "creation_time": "2024-01-02T01:10:31.266297Z", "creation_date": "2024-01-02", "creation_day_since_launch": 3490, "creation_year": 2024, "creation_month": 1, "site_cat": 5, "type": "adult", "lon": -75.5711541, "lat": 9.5911535, "movelab_annotation": null, "movelab_annotation_euro": null, "tiger_responses": {}, "tiger_responses_text": {"question_6": "question_6_answer_61", "question_13": "question_13_answer_131"}, "site_responses": null, "site_responses_text": null, "tigaprob_cat": 0, "visible": true, "latest_version": true, "n_photos": 0, "final_expert_status_text": 1, "responses": [{"id": 637392, "translated_question": "What type of mosquito do you think it was?", "translated_answer": "Invasive Aedes", "question_id": 6, "question": "question_6", "answer_id": 61, "answer": "question_6_answer_61", "answer_value": null, "report": "47db25c2-4f09-49cc-8810-6bd999cd1edd"}, {"id": 637393, "translated_question": "Where did you find the mosquito?", "translated_answer": "Inside a vehicle", "question_id": 13, "question": "question_13", "answer_id": 131, "answer": "question_13_answer_131", "answer_value": null, "report": "47db25c2-4f09-49cc-8810-6bd999cd1edd"}], "country": null, "cached_visible": null, "point": "SRID=4326;POINT (-75.5711541 9.591153500000001)", "nuts_3": null, "nuts_2": null, "ia_filter_1": null, "ia_filter_2": null, "session": null}, {"version_UUID": "249be072-07d1-45d3-9b1b-d0bbdeff6363", "creation_time": "2024-01-02T15:40:51.167608Z", "creation_date": "2024-01-02", "creation_day_since_launch": 3490, "creation_year": 2024, "creation_month": 1, "site_cat": 5, "type": "adult", "lon": -73.03994748741388, "lat": -36.79808993574475, "movelab_annotation": null, "movelab_annotation_euro": null, "tiger_responses": {}, "tiger_responses_text": {"question_6": "question_6_answer_61", "question_7": "question_7_answer_731", "question_13": "question_13_answer_133"}, "site_responses": null, "site_responses_text": null, "tigaprob_cat": 0, "visible": true, "latest_version": true, "n_photos": 0, "final_expert_status_text": 1, "responses": [{"id": 637431, "translated_question": "What type of mosquito do you think it was?", "translated_answer": "Invasive Aedes", "question_id": 6, "question": "question_6", "answer_id": 61, "answer": "question_6_answer_61", "answer_value": null, "report": "249be072-07d1-45d3-9b1b-d0bbdeff6363"}, {"id": 637432, "translated_question": "What does the mosquito look like?", "translated_answer": "Thorax 1", "question_id": 7, "question": "question_7", "answer_id": 711, "answer": "question_7_answer_711", "answer_value": null, "report": "249be072-07d1-45d3-9b1b-d0bbdeff6363"}, {"id": 637433, "translated_question": "What does the mosquito look like?", "translated_answer": "Abdomen 1", "question_id": 7, "question": "question_7", "answer_id": 721, "answer": "question_7_answer_721", "answer_value": null, "report": "249be072-07d1-45d3-9b1b-d0bbdeff6363"}, {"id": 637434, "translated_question": "What does the mosquito look like?", "translated_answer": "Leg 1", "question_id": 7, "question": "question_7", "answer_id": 731, "answer": "question_7_answer_731", "answer_value": null, "report": "249be072-07d1-45d3-9b1b-d0bbdeff6363"}, {"id": 637435, "translated_question": "Where did you find the mosquito?", "translated_answer": "Outdoors", "question_id": 13, "question": "question_13", "answer_id": 133, "answer": "question_13_answer_133", "answer_value": null, "report": "249be072-07d1-45d3-9b1b-d0bbdeff6363"}], "country": null, "cached_visible": null, "point": "SRID=4326;POINT (-73.03994748741388 -36.79808993574475)", "nuts_3": null, "nuts_2": null, "ia_filter_1": null, "ia_filter_2": null, "session": null}, {"version_UUID": "ba43704d-d90c-4100-90b9-01aa99635c87", "creation_time": "2024-01-02T22:47:12.862335Z", "creation_date": "2024-01-02", "creation_day_since_launch": 3490, "creation_year": 2024, "creation_month": 1, "site_cat": 5, "type": "adult", "lon": 27.722126, "lat": -29.4502317, "movelab_annotation": null, "movelab_annotation_euro": null, "tiger_responses": {}, "tiger_responses_text": {"question_6": "question_6_answer_64", "question_13": "question_13_answer_132"}, "site_responses": null, "site_responses_text": null, "tigaprob_cat": 0, "visible": true, "latest_version": true, "n_photos": 0, "final_expert_status_text": 1, "responses": [{"id": 637441, "translated_question": "What type of mosquito do you think it was?", "translated_answer": "I don't know", "question_id": 6, "question": "question_6", "answer_id": 64, "answer": "question_6_answer_64", "answer_value": null, "report": "ba43704d-d90c-4100-90b9-01aa99635c87"}, {"id": 637442, "translated_question": "Where did you find the mosquito?", "translated_answer": "In a building", "question_id": 13, "question": "question_13", "answer_id": 132, "answer": "question_13_answer_132", "answer_value": null, "report": "ba43704d-d90c-4100-90b9-01aa99635c87"}], "country": null, "cached_visible": null, "point": "SRID=4326;POINT (27.722126 -29.4502317)", "nuts_3": null, "nuts_2": null, "ia_filter_1": null, "ia_filter_2": null, "session": null}, {"version_UUID": "337f5473-829e-4795-bab0-ffe2a5bc9e48", "creation_time": "2024-01-03T00:22:58.857468Z", "creation_date": "2024-01-03", "creation_day_since_launch": 3491, "creation_year": 2024, "creation_month": 1, "site_cat": 5, "type": "adult", "lon": 17.073222622275352, "lat": -22.544878411853116, "movelab_annotation": null, "movelab_annotation_euro": null, "tiger_responses": {}, "tiger_responses_text": {"question_6": "question_6_answer_64", "question_13": "question_13_answer_132"}, "site_responses": null, "site_responses_text": null, "tigaprob_cat": 0, "visible": true, "latest_version": true, "n_photos": 0, "final_expert_status_text": 1, "responses": [{"id": 637443, "translated_question": "What type of mosquito do you think it was?", "translated_answer": "I don't know", "question_id": 6, "question": "question_6", "answer_id": 64, "answer": "question_6_answer_64", "answer_value": null, "report": "337f5473-829e-4795-bab0-ffe2a5bc9e48"}, {"id": 637444, "translated_question": "Where did you find the mosquito?", "translated_answer": "In a building", "question_id": 13, "question": "question_13", "answer_id": 132, "answer": "question_13_answer_132", "answer_value": null, "report": "337f5473-829e-4795-bab0-ffe2a5bc9e48"}], "country": null, "cached_visible": null, "point": "SRID=4326;POINT (17.07322262227535 -22.54487841185312)", "nuts_3": null, "nuts_2": null, "ia_filter_1": null, "ia_filter_2": null, "session": null}, {"version_UUID": "e5adc06b-c751-4e09-91a8-f28a0f30d8f1", "creation_time": "2024-01-03T04:46:46.774018Z", "creation_date": "2024-01-03", "creation_day_since_launch": 3491, "creation_year": 2024, "creation_month": 1, "site_cat": 5, "type": "bite", "lon": 76.9262002, "lat": 8.5229069, "movelab_annotation": null, "movelab_annotation_euro": null, "tiger_responses": null, "tiger_responses_text": null, "site_responses": null, "site_responses_text": null, "tigaprob_cat": 0, "visible": true, "latest_version": true, "n_photos": 0, "final_expert_status_text": 1, "responses": [{"id": 637459, "translated_question": "How many bites do you have and where are they on your body?", "translated_answer": "", "question_id": 1, "question": "question_1", "answer_id": 11, "answer": "N/A", "answer_value": "1", "report": "e5adc06b-c751-4e09-91a8-f28a0f30d8f1"}, {"id": 637460, "translated_question": "Where did they bite you?", "translated_answer": "Outdoors", "question_id": 4, "question": "question_4", "answer_id": 43, "answer": "question_4_answer_43", "answer_value": null, "report": "e5adc06b-c751-4e09-91a8-f28a0f30d8f1"}, {"id": 637461, "translated_question": "What time was it?", "translated_answer": "Night", "question_id": 3, "question": "question_3", "answer_id": 34, "answer": "question_3_answer_34", "answer_value": null, "report": "e5adc06b-c751-4e09-91a8-f28a0f30d8f1"}, {"id": 637462, "translated_question": "Where did they bite you?", "translated_answer": "Left leg", "question_id": 2, "question": "question_2", "answer_id": 25, "answer": "question_2_answer_25", "answer_value": "1", "report": "e5adc06b-c751-4e09-91a8-f28a0f30d8f1"}], "country": null, "cached_visible": null, "point": "SRID=4326;POINT (76.9262002 8.522906900000001)", "nuts_3": null, "nuts_2": null, "ia_filter_1": null, "ia_filter_2": null, "session": null}, {"version_UUID": "106e5469-1698-42a0-9609-82d8cdfaa388", "creation_time": "2024-01-02T04:08:27.092389Z", "creation_date": "2024-01-02", "creation_day_since_launch": 3490, "creation_year": 2024, "creation_month": 1, "site_cat": 5, "type": "bite", "lon": 14.215960241854189, "lat": -7.292268733801409, "movelab_annotation": null, "movelab_annotation_euro": null, "tiger_responses": null, "tiger_responses_text": null, "site_responses": null, "site_responses_text": null, "tigaprob_cat": 0, "visible": true, "latest_version": true, "n_photos": 0, "final_expert_status_text": 1, "responses": [{"id": 637394, "translated_question": "Quantas picadas tens e em que parte do corpo?", "translated_answer": "", "question_id": 1, "question": "question_1", "answer_id": 11, "answer": "N/A", "answer_value": "20", "report": "106e5469-1698-42a0-9609-82d8cdfaa388"}, {"id": 637395, "translated_question": "Onde te picaram?", "translated_answer": "Dentro de um edif\u00edcio", "question_id": 4, "question": "question_4", "answer_id": 42, "answer": "question_4_answer_42", "answer_value": null, "report": "106e5469-1698-42a0-9609-82d8cdfaa388"}, {"id": 637396, "translated_question": "Quando te picaram?", "translated_answer": "Agora mesmo", "question_id": 5, "question": "question_5", "answer_id": 51, "answer": "question_5_answer_51", "answer_value": null, "report": "106e5469-1698-42a0-9609-82d8cdfaa388"}, {"id": 637397, "translated_question": "Onde te picaram?", "translated_answer": "Bra\u00e7o esquerdo", "question_id": 2, "question": "question_2", "answer_id": 22, "answer": "question_2_answer_22", "answer_value": "1", "report": "106e5469-1698-42a0-9609-82d8cdfaa388"}, {"id": 637398, "translated_question": "Onde te picaram?", "translated_answer": "Bra\u00e7o direito", "question_id": 2, "question": "question_2", "answer_id": 23, "answer": "question_2_answer_23", "answer_value": "1", "report": "106e5469-1698-42a0-9609-82d8cdfaa388"}, {"id": 637399, "translated_question": "Onde te picaram?", "translated_answer": "Cabe\u00e7a", "question_id": 2, "question": "question_2", "answer_id": 21, "answer": "question_2_answer_21", "answer_value": "8", "report": "106e5469-1698-42a0-9609-82d8cdfaa388"}, {"id": 637400, "translated_question": "Onde te picaram?", "translated_answer": "Peito", "question_id": 2, "question": "question_2", "answer_id": 24, "answer": "question_2_answer_24", "answer_value": "2", "report": "106e5469-1698-42a0-9609-82d8cdfaa388"}, {"id": 637401, "translated_question": "Onde te picaram?", "translated_answer": "Perna esquerda", "question_id": 2, "question": "question_2", "answer_id": 25, "answer": "question_2_answer_25", "answer_value": "5", "report": "106e5469-1698-42a0-9609-82d8cdfaa388"}, {"id": 637402, "translated_question": "Onde te picaram?", "translated_answer": "Perna direita", "question_id": 2, "question": "question_2", "answer_id": 26, "answer": "question_2_answer_26", "answer_value": "3", "report": "106e5469-1698-42a0-9609-82d8cdfaa388"}], "country": null, "cached_visible": null, "point": "SRID=4326;POINT (14.21596024185419 -7.292268733801409)", "nuts_3": null, "nuts_2": null, "ia_filter_1": null, "ia_filter_2": null, "session": null}, {"version_UUID": "07dcd90a-b8e4-4353-8a31-bcc966184585", "creation_time": "2024-01-02T15:41:24.507846Z", "creation_date": "2024-01-02", "creation_day_since_launch": 3490, "creation_year": 2024, "creation_month": 1, "site_cat": 5, "type": "bite", "lon": -73.03994748741388, "lat": -36.79808993574475, "movelab_annotation": null, "movelab_annotation_euro": null, "tiger_responses": null, "tiger_responses_text": null, "site_responses": null, "site_responses_text": null, "tigaprob_cat": 0, "visible": true, "latest_version": true, "n_photos": 0, "final_expert_status_text": 1, "responses": [{"id": 637436, "translated_question": "How many bites do you have and where are they on your body?", "translated_answer": "", "question_id": 1, "question": "question_1", "answer_id": 11, "answer": "N/A", "answer_value": "1", "report": "07dcd90a-b8e4-4353-8a31-bcc966184585"}, {"id": 637437, "translated_question": "Where did they bite you?", "translated_answer": "Right leg", "question_id": 2, "question": "question_2", "answer_id": 26, "answer": "question_2_answer_26", "answer_value": "1", "report": "07dcd90a-b8e4-4353-8a31-bcc966184585"}, {"id": 637438, "translated_question": "Where did they bite you?", "translated_answer": "Outdoors", "question_id": 4, "question": "question_4", "answer_id": 43, "answer": "question_4_answer_43", "answer_value": null, "report": "07dcd90a-b8e4-4353-8a31-bcc966184585"}, {"id": 637439, "translated_question": "When were you bitten?", "translated_answer": "In the last 24 hours", "question_id": 5, "question": "question_5", "answer_id": 52, "answer": "question_5_answer_52", "answer_value": null, "report": "07dcd90a-b8e4-4353-8a31-bcc966184585"}, {"id": 637440, "translated_question": "What time was it?", "translated_answer": "Afternoon", "question_id": 3, "question": "question_3", "answer_id": 33, "answer": "question_3_answer_33", "answer_value": null, "report": "07dcd90a-b8e4-4353-8a31-bcc966184585"}], "country": null, "cached_visible": null, "point": "SRID=4326;POINT (-73.03994748741388 -36.79808993574475)", "nuts_3": null, "nuts_2": null, "ia_filter_1": null, "ia_filter_2": null, "session": null}, {"version_UUID": "433fdde3-80a5-4d31-9139-96a605ea499d", "creation_time": "2024-01-03T00:24:23.545816Z", "creation_date": "2024-01-03", "creation_day_since_launch": 3491, "creation_year": 2024, "creation_month": 1, "site_cat": 5, "type": "bite", "lon": 17.073222622275352, "lat": -22.544878411853116, "movelab_annotation": null, "movelab_annotation_euro": null, "tiger_responses": null, "tiger_responses_text": null, "site_responses": null, "site_responses_text": null, "tigaprob_cat": 0, "visible": true, "latest_version": true, "n_photos": 0, "final_expert_status_text": 1, "responses": [{"id": 637445, "translated_question": "How many bites do you have and where are they on your body?", "translated_answer": "", "question_id": 1, "question": "question_1", "answer_id": 11, "answer": "N/A", "answer_value": "2", "report": "433fdde3-80a5-4d31-9139-96a605ea499d"}, {"id": 637446, "translated_question": "Where did they bite you?", "translated_answer": "Left arm", "question_id": 2, "question": "question_2", "answer_id": 22, "answer": "question_2_answer_22", "answer_value": "1", "report": "433fdde3-80a5-4d31-9139-96a605ea499d"}, {"id": 637447, "translated_question": "Where did they bite you?", "translated_answer": "Left leg", "question_id": 2, "question": "question_2", "answer_id": 25, "answer": "question_2_answer_25", "answer_value": "1", "report": "433fdde3-80a5-4d31-9139-96a605ea499d"}, {"id": 637448, "translated_question": "Where did they bite you?", "translated_answer": "Inside a building", "question_id": 4, "question": "question_4", "answer_id": 42, "answer": "question_4_answer_42", "answer_value": null, "report": "433fdde3-80a5-4d31-9139-96a605ea499d"}, {"id": 637449, "translated_question": "When were you bitten?", "translated_answer": "In the last 24 hours", "question_id": 5, "question": "question_5", "answer_id": 52, "answer": "question_5_answer_52", "answer_value": null, "report": "433fdde3-80a5-4d31-9139-96a605ea499d"}, {"id": 637450, "translated_question": "What time was it?", "translated_answer": "Afternoon", "question_id": 3, "question": "question_3", "answer_id": 33, "answer": "question_3_answer_33", "answer_value": null, "report": "433fdde3-80a5-4d31-9139-96a605ea499d"}], "country": null, "cached_visible": null, "point": "SRID=4326;POINT (17.07322262227535 -22.54487841185312)", "nuts_3": null, "nuts_2": null, "ia_filter_1": null, "ia_filter_2": null, "session": null}, {"version_UUID": "71c93bf2-c4f2-4e3c-a708-54c305c79a07", "creation_time": "2024-01-02T15:20:58.132162Z", "creation_date": "2024-01-02", "creation_day_since_launch": 3490, "creation_year": 2024, "creation_month": 1, "site_cat": 5, "type": "bite", "lon": -73.97363349795341, "lat": 40.772423226506454, "movelab_annotation": null, "movelab_annotation_euro": null, "tiger_responses": null, "tiger_responses_text": null, "site_responses": null, "site_responses_text": null, "tigaprob_cat": 0, "visible": true, "latest_version": true, "n_photos": 0, "final_expert_status_text": 1, "responses": [{"id": 637403, "translated_question": "How many bites do you have and where are they on your body?", "translated_answer": "", "question_id": 1, "question": "question_1", "answer_id": 11, "answer": "N/A", "answer_value": "4", "report": "71c93bf2-c4f2-4e3c-a708-54c305c79a07"}, {"id": 637404, "translated_question": "Where did they bite you?", "translated_answer": "Left leg", "question_id": 2, "question": "question_2", "answer_id": 25, "answer": "question_2_answer_25", "answer_value": "1", "report": "71c93bf2-c4f2-4e3c-a708-54c305c79a07"}, {"id": 637405, "translated_question": "Where did they bite you?", "translated_answer": "Right leg", "question_id": 2, "question": "question_2", "answer_id": 26, "answer": "question_2_answer_26", "answer_value": "3", "report": "71c93bf2-c4f2-4e3c-a708-54c305c79a07"}, {"id": 637406, "translated_question": "Where did they bite you?", "translated_answer": "Inside a building", "question_id": 4, "question": "question_4", "answer_id": 42, "answer": "question_4_answer_42", "answer_value": null, "report": "71c93bf2-c4f2-4e3c-a708-54c305c79a07"}, {"id": 637407, "translated_question": "When were you bitten?", "translated_answer": "Just now", "question_id": 5, "question": "question_5", "answer_id": 51, "answer": "question_5_answer_51", "answer_value": null, "report": "71c93bf2-c4f2-4e3c-a708-54c305c79a07"}], "country": null, "cached_visible": null, "point": "SRID=4326;POINT (-73.97363349795341 40.77242322650645)", "nuts_3": null, "nuts_2": null, "ia_filter_1": null, "ia_filter_2": null, "session": null}, {"version_UUID": "acb6d6ac-902e-4f16-aedd-ce9ea407f7c3", "creation_time": "2024-01-02T04:31:08.360917Z", "creation_date": "2024-01-02", "creation_day_since_launch": 3490, "creation_year": 2024, "creation_month": 1, "site_cat": 5, "type": "bite", "lon": -58.443325, "lat": -34.6368345, "movelab_annotation": null, "movelab_annotation_euro": null, "tiger_responses": null, "tiger_responses_text": null, "site_responses": null, "site_responses_text": null, "tigaprob_cat": 0, "visible": true, "latest_version": true, "n_photos": 0, "final_expert_status_text": 1, "responses": [{"id": 637412, "translated_question": "How many bites do you have and where are they on your body?", "translated_answer": "", "question_id": 1, "question": "question_1", "answer_id": 11, "answer": "N/A", "answer_value": "5", "report": "acb6d6ac-902e-4f16-aedd-ce9ea407f7c3"}, {"id": 637413, "translated_question": "Where did they bite you?", "translated_answer": "Inside a building", "question_id": 4, "question": "question_4", "answer_id": 42, "answer": "question_4_answer_42", "answer_value": null, "report": "acb6d6ac-902e-4f16-aedd-ce9ea407f7c3"}, {"id": 637414, "translated_question": "When were you bitten?", "translated_answer": "Just now", "question_id": 5, "question": "question_5", "answer_id": 51, "answer": "question_5_answer_51", "answer_value": null, "report": "acb6d6ac-902e-4f16-aedd-ce9ea407f7c3"}, {"id": 637415, "translated_question": "What time was it?", "translated_answer": "Night", "question_id": 3, "question": "question_3", "answer_id": 34, "answer": "question_3_answer_34", "answer_value": null, "report": "acb6d6ac-902e-4f16-aedd-ce9ea407f7c3"}, {"id": 637416, "translated_question": "Where did they bite you?", "translated_answer": "Right leg", "question_id": 2, "question": "question_2", "answer_id": 26, "answer": "question_2_answer_26", "answer_value": "2", "report": "acb6d6ac-902e-4f16-aedd-ce9ea407f7c3"}, {"id": 637417, "translated_question": "Where did they bite you?", "translated_answer": "Right arm", "question_id": 2, "question": "question_2", "answer_id": 23, "answer": "question_2_answer_23", "answer_value": "1", "report": "acb6d6ac-902e-4f16-aedd-ce9ea407f7c3"}, {"id": 637418, "translated_question": "Where did they bite you?", "translated_answer": "Left leg", "question_id": 2, "question": "question_2", "answer_id": 25, "answer": "question_2_answer_25", "answer_value": "2", "report": "acb6d6ac-902e-4f16-aedd-ce9ea407f7c3"}], "country": null, "cached_visible": null, "point": "SRID=4326;POINT (-58.443325 -34.6368345)", "nuts_3": null, "nuts_2": null, "ia_filter_1": null, "ia_filter_2": null, "session": null}, {"version_UUID": "5f5ad9dc-aa5a-4059-b70a-83fff361ceb6", "creation_time": "2024-01-01T14:02:19.834913Z", "creation_date": "2024-01-01", "creation_day_since_launch": 3489, "creation_year": 2024, "creation_month": 1, "site_cat": 5, "type": "bite", "lon": 12.530190534889698, "lat": 41.87691065423128, "movelab_annotation": null, "movelab_annotation_euro": null, "tiger_responses": null, "tiger_responses_text": null, "site_responses": null, "site_responses_text": null, "tigaprob_cat": 0, "visible": true, "latest_version": true, "n_photos": 0, "final_expert_status_text": 1, "responses": [{"id": 637353, "translated_question": "Quante punture hai ricevuto e in che parte del corpo?", "translated_answer": "", "question_id": 1, "question": "question_1", "answer_id": 11, "answer": "N/A", "answer_value": "1", "report": "5f5ad9dc-aa5a-4059-b70a-83fff361ceb6"}, {"id": 637354, "translated_question": "Dove eri quando ti hanno punto?", "translated_answer": "In un edificio", "question_id": 4, "question": "question_4", "answer_id": 42, "answer": "question_4_answer_42", "answer_value": null, "report": "5f5ad9dc-aa5a-4059-b70a-83fff361ceb6"}, {"id": 637355, "translated_question": "Quando ti hanno punto?", "translated_answer": "Nelle ultime 24 ore", "question_id": 5, "question": "question_5", "answer_id": 52, "answer": "question_5_answer_52", "answer_value": null, "report": "5f5ad9dc-aa5a-4059-b70a-83fff361ceb6"}, {"id": 637356, "translated_question": "Dove ti hanno punto?", "translated_answer": "Braccio destro", "question_id": 2, "question": "question_2", "answer_id": 23, "answer": "question_2_answer_23", "answer_value": "1", "report": "5f5ad9dc-aa5a-4059-b70a-83fff361ceb6"}, {"id": 637357, "translated_question": "Quando \u00e8 successo?", "translated_answer": "Sera-Notte", "question_id": 3, "question": "question_3", "answer_id": 34, "answer": "question_3_answer_34", "answer_value": null, "report": "5f5ad9dc-aa5a-4059-b70a-83fff361ceb6"}], "country": "ITA", "cached_visible": null, "point": "SRID=4326;POINT (12.5301905348897 41.87691065423128)", "nuts_3": "ITI43", "nuts_2": "ITI4", "ia_filter_1": null, "ia_filter_2": null, "session": null}, {"version_UUID": "d560658d-b2a7-4359-a144-0f6ccd6531da", "creation_time": "2024-01-01T17:56:56.614997Z", "creation_date": "2024-01-01", "creation_day_since_launch": 3489, "creation_year": 2024, "creation_month": 1, "site_cat": 5, "type": "adult", "lon": 11.2797395, "lat": 43.7662305, "movelab_annotation": null, "movelab_annotation_euro": null, "tiger_responses": {}, "tiger_responses_text": {"question_6": "question_6_answer_62", "question_13": "question_13_answer_132"}, "site_responses": null, "site_responses_text": null, "tigaprob_cat": 0, "visible": true, "latest_version": true, "n_photos": 0, "final_expert_status_text": 1, "responses": [{"id": 637358, "translated_question": "Che tipo di zanzare credi sia stata?", "translated_answer": "Zanzara comune", "question_id": 6, "question": "question_6", "answer_id": 62, "answer": "question_6_answer_62", "answer_value": null, "report": "d560658d-b2a7-4359-a144-0f6ccd6531da"}, {"id": 637359, "translated_question": "Dove hai trovato la zanzara?", "translated_answer": "In un edificio", "question_id": 13, "question": "question_13", "answer_id": 132, "answer": "question_13_answer_132", "answer_value": null, "report": "d560658d-b2a7-4359-a144-0f6ccd6531da"}], "country": "ITA", "cached_visible": null, "point": "SRID=4326;POINT (11.2797395 43.7662305)", "nuts_3": "ITI14", "nuts_2": "ITI1", "ia_filter_1": null, "ia_filter_2": null, "session": null}, {"version_UUID": "bd2668f2-9c77-4ce4-87f7-40139da557ae", "creation_time": "2024-01-01T17:57:18.272269Z", "creation_date": "2024-01-01", "creation_day_since_launch": 3489, "creation_year": 2024, "creation_month": 1, "site_cat": 5, "type": "adult", "lon": 11.279733, "lat": 43.7662293, "movelab_annotation": null, "movelab_annotation_euro": null, "tiger_responses": {}, "tiger_responses_text": {"question_6": "question_6_answer_61", "question_7": "question_7_answer_731", "question_13": "question_13_answer_133"}, "site_responses": null, "site_responses_text": null, "tigaprob_cat": 0, "visible": true, "latest_version": true, "n_photos": 0, "final_expert_status_text": 1, "responses": [{"id": 637360, "translated_question": "Che tipo di zanzare credi sia stata?", "translated_answer": "Aedes aliena", "question_id": 6, "question": "question_6", "answer_id": 61, "answer": "question_6_answer_61", "answer_value": null, "report": "bd2668f2-9c77-4ce4-87f7-40139da557ae"}, {"id": 637361, "translated_question": "Com'\u00e8 la zanzara?", "translated_answer": "Torace 1", "question_id": 7, "question": "question_7", "answer_id": 711, "answer": "question_7_answer_711", "answer_value": null, "report": "bd2668f2-9c77-4ce4-87f7-40139da557ae"}, {"id": 637362, "translated_question": "Com'\u00e8 la zanzara?", "translated_answer": "Addome 1", "question_id": 7, "question": "question_7", "answer_id": 721, "answer": "question_7_answer_721", "answer_value": null, "report": "bd2668f2-9c77-4ce4-87f7-40139da557ae"}, {"id": 637363, "translated_question": "Com'\u00e8 la zanzara?", "translated_answer": "Zampa 1", "question_id": 7, "question": "question_7", "answer_id": 731, "answer": "question_7_answer_731", "answer_value": null, "report": "bd2668f2-9c77-4ce4-87f7-40139da557ae"}, {"id": 637364, "translated_question": "Dove hai trovato la zanzara?", "translated_answer": "All'aperto", "question_id": 13, "question": "question_13", "answer_id": 133, "answer": "question_13_answer_133", "answer_value": null, "report": "bd2668f2-9c77-4ce4-87f7-40139da557ae"}], "country": "ITA", "cached_visible": null, "point": "SRID=4326;POINT (11.279733 43.7662293)", "nuts_3": "ITI14", "nuts_2": "ITI1", "ia_filter_1": null, "ia_filter_2": null, "session": null}, {"version_UUID": "20d16314-8ff1-4edb-823f-c51dcc70242e", "creation_time": "2024-01-02T00:45:38.278838Z", "creation_date": "2024-01-02", "creation_day_since_launch": 3490, "creation_year": 2024, "creation_month": 1, "site_cat": 5, "type": "bite", "lon": 2.1366675, "lat": 41.378869, "movelab_annotation": null, "movelab_annotation_euro": null, "tiger_responses": null, "tiger_responses_text": null, "site_responses": null, "site_responses_text": null, "tigaprob_cat": 0, "visible": true, "latest_version": true, "n_photos": 0, "final_expert_status_text": 1, "responses": [{"id": 637375, "translated_question": "Quantes picades tens i en quina part del cos?", "translated_answer": "", "question_id": 1, "question": "question_1", "answer_id": 11, "answer": "N/A", "answer_value": "2", "report": "20d16314-8ff1-4edb-823f-c51dcc70242e"}, {"id": 637376, "translated_question": "On t'han picat?", "translated_answer": "Cap", "question_id": 2, "question": "question_2", "answer_id": 21, "answer": "question_2_answer_21", "answer_value": "1", "report": "20d16314-8ff1-4edb-823f-c51dcc70242e"}, {"id": 637377, "translated_question": "On t'han picat?", "translated_answer": "Cama esquerra", "question_id": 2, "question": "question_2", "answer_id": 25, "answer": "question_2_answer_25", "answer_value": "1", "report": "20d16314-8ff1-4edb-823f-c51dcc70242e"}, {"id": 637378, "translated_question": "On t'han picat?", "translated_answer": "Dins d'un edifici", "question_id": 4, "question": "question_4", "answer_id": 42, "answer": "question_4_answer_42", "answer_value": null, "report": "20d16314-8ff1-4edb-823f-c51dcc70242e"}, {"id": 637379, "translated_question": "Quan t'han picat?", "translated_answer": "Ara mateix", "question_id": 5, "question": "question_5", "answer_id": 51, "answer": "question_5_answer_51", "answer_value": null, "report": "20d16314-8ff1-4edb-823f-c51dcc70242e"}], "country": "ESP", "cached_visible": null, "point": "SRID=4326;POINT (2.1366675 41.378869)", "nuts_3": "ES511", "nuts_2": "ES51", "ia_filter_1": null, "ia_filter_2": null, "session": null}, {"version_UUID": "b898dfa2-1dd1-4f3c-af23-e3f6f6fe39bb", "creation_time": "2024-01-02T02:35:20.196928Z", "creation_date": "2024-01-02", "creation_day_since_launch": 3490, "creation_year": 2024, "creation_month": 1, "site_cat": 5, "type": "bite", "lon": -16.6440726, "lat": 28.0453767, "movelab_annotation": null, "movelab_annotation_euro": null, "tiger_responses": null, "tiger_responses_text": null, "site_responses": null, "site_responses_text": null, "tigaprob_cat": 0, "visible": true, "latest_version": true, "n_photos": 0, "final_expert_status_text": 1, "responses": [{"id": 637382, "translated_question": "Wie oft wurdest du gestochen und an welchem K\u00f6rperteil?", "translated_answer": "", "question_id": 1, "question": "question_1", "answer_id": 11, "answer": "N/A", "answer_value": "1", "report": "b898dfa2-1dd1-4f3c-af23-e3f6f6fe39bb"}, {"id": 637383, "translated_question": "Wo hat sie dich gestochen?", "translated_answer": "Rechter Arm", "question_id": 2, "question": "question_2", "answer_id": 23, "answer": "question_2_answer_23", "answer_value": "1", "report": "b898dfa2-1dd1-4f3c-af23-e3f6f6fe39bb"}, {"id": 637384, "translated_question": "Wo hat sie dich gestochen?", "translated_answer": "Im Inneren eines Geb\u00e4udes", "question_id": 4, "question": "question_4", "answer_id": 42, "answer": "question_4_answer_42", "answer_value": null, "report": "b898dfa2-1dd1-4f3c-af23-e3f6f6fe39bb"}, {"id": 637385, "translated_question": "Wann wurdest du gestochen?", "translated_answer": "Gerade eben", "question_id": 5, "question": "question_5", "answer_id": 51, "answer": "question_5_answer_51", "answer_value": null, "report": "b898dfa2-1dd1-4f3c-af23-e3f6f6fe39bb"}], "country": "ESP", "cached_visible": null, "point": "SRID=4326;POINT (-16.6440726 28.0453767)", "nuts_3": "ES709", "nuts_2": "ES70", "ia_filter_1": null, "ia_filter_2": null, "session": null}, {"version_UUID": "956ff919-0024-4cba-90f6-7d2003b23359", "creation_time": "2024-01-02T02:40:49.407159Z", "creation_date": "2024-01-02", "creation_day_since_launch": 3490, "creation_year": 2024, "creation_month": 1, "site_cat": 5, "type": "bite", "lon": -16.6440713, "lat": 28.0453781, "movelab_annotation": null, "movelab_annotation_euro": null, "tiger_responses": null, "tiger_responses_text": null, "site_responses": null, "site_responses_text": null, "tigaprob_cat": 0, "visible": true, "latest_version": true, "n_photos": 0, "final_expert_status_text": 1, "responses": [{"id": 637388, "translated_question": "Wie oft wurdest du gestochen und an welchem K\u00f6rperteil?", "translated_answer": "", "question_id": 1, "question": "question_1", "answer_id": 11, "answer": "N/A", "answer_value": "1", "report": "956ff919-0024-4cba-90f6-7d2003b23359"}, {"id": 637389, "translated_question": "Wo hat sie dich gestochen?", "translated_answer": "Rechter Arm", "question_id": 2, "question": "question_2", "answer_id": 23, "answer": "question_2_answer_23", "answer_value": "1", "report": "956ff919-0024-4cba-90f6-7d2003b23359"}, {"id": 637390, "translated_question": "Wo hat sie dich gestochen?", "translated_answer": "Im Inneren eines Geb\u00e4udes", "question_id": 4, "question": "question_4", "answer_id": 42, "answer": "question_4_answer_42", "answer_value": null, "report": "956ff919-0024-4cba-90f6-7d2003b23359"}, {"id": 637391, "translated_question": "Wann wurdest du gestochen?", "translated_answer": "Gerade eben", "question_id": 5, "question": "question_5", "answer_id": 51, "answer": "question_5_answer_51", "answer_value": null, "report": "956ff919-0024-4cba-90f6-7d2003b23359"}], "country": "ESP", "cached_visible": null, "point": "SRID=4326;POINT (-16.6440713 28.0453781)", "nuts_3": "ES709", "nuts_2": "ES70", "ia_filter_1": null, "ia_filter_2": null, "session": null}, {"version_UUID": "59278b13-6ecc-4444-9da1-80d290a22788", "creation_time": "2024-01-02T04:33:14.313105Z", "creation_date": "2024-01-02", "creation_day_since_launch": 3490, "creation_year": 2024, "creation_month": 1, "site_cat": 5, "type": "bite", "lon": -58.4433222, "lat": -34.636839, "movelab_annotation": null, "movelab_annotation_euro": null, "tiger_responses": null, "tiger_responses_text": null, "site_responses": null, "site_responses_text": null, "tigaprob_cat": 0, "visible": true, "latest_version": true, "n_photos": 0, "final_expert_status_text": 1, "responses": [{"id": 637419, "translated_question": "How many bites do you have and where are they on your body?", "translated_answer": "", "question_id": 1, "question": "question_1", "answer_id": 11, "answer": "N/A", "answer_value": "1", "report": "59278b13-6ecc-4444-9da1-80d290a22788"}, {"id": 637420, "translated_question": "Where did they bite you?", "translated_answer": "Right leg", "question_id": 2, "question": "question_2", "answer_id": 26, "answer": "question_2_answer_26", "answer_value": "1", "report": "59278b13-6ecc-4444-9da1-80d290a22788"}, {"id": 637421, "translated_question": "Where did they bite you?", "translated_answer": "I don't know", "question_id": 4, "question": "question_4", "answer_id": 44, "answer": "question_4_answer_44", "answer_value": null, "report": "59278b13-6ecc-4444-9da1-80d290a22788"}, {"id": 637422, "translated_question": "When were you bitten?", "translated_answer": "Just now", "question_id": 5, "question": "question_5", "answer_id": 51, "answer": "question_5_answer_51", "answer_value": null, "report": "59278b13-6ecc-4444-9da1-80d290a22788"}], "country": null, "cached_visible": null, "point": "SRID=4326;POINT (-58.4433222 -34.636839)", "nuts_3": null, "nuts_2": null, "ia_filter_1": null, "ia_filter_2": null, "session": null}, {"version_UUID": "24f4c9c2-08dc-482e-bf11-38c2ef299134", "creation_time": "2024-01-03T01:28:09.858776Z", "creation_date": "2024-01-03", "creation_day_since_launch": 3491, "creation_year": 2024, "creation_month": 1, "site_cat": 5, "type": "adult", "lon": 36.1623172, "lat": 36.5869154, "movelab_annotation": null, "movelab_annotation_euro": null, "tiger_responses": {}, "tiger_responses_text": {"question_6": "question_6_answer_64", "question_13": "question_13_answer_132"}, "site_responses": null, "site_responses_text": null, "tigaprob_cat": 0, "visible": true, "latest_version": true, "n_photos": 0, "final_expert_status_text": 1, "responses": [{"id": 637451, "translated_question": "What type of mosquito do you think it was?", "translated_answer": "I don't know", "question_id": 6, "question": "question_6", "answer_id": 64, "answer": "question_6_answer_64", "answer_value": null, "report": "24f4c9c2-08dc-482e-bf11-38c2ef299134"}, {"id": 637452, "translated_question": "Where did you find the mosquito?", "translated_answer": "In a building", "question_id": 13, "question": "question_13", "answer_id": 132, "answer": "question_13_answer_132", "answer_value": null, "report": "24f4c9c2-08dc-482e-bf11-38c2ef299134"}], "country": "TUR", "cached_visible": null, "point": "SRID=4326;POINT (36.1623172 36.5869154)", "nuts_3": "TR631", "nuts_2": "TR63", "ia_filter_1": null, "ia_filter_2": null, "session": null}, {"version_UUID": "978db32d-594c-4595-8ba0-5ba8950eae3f", "creation_time": "2024-01-03T01:28:46.326321Z", "creation_date": "2024-01-03", "creation_day_since_launch": 3491, "creation_year": 2024, "creation_month": 1, "site_cat": 5, "type": "bite", "lon": 36.1623393, "lat": 36.5869646, "movelab_annotation": null, "movelab_annotation_euro": null, "tiger_responses": null, "tiger_responses_text": null, "site_responses": null, "site_responses_text": null, "tigaprob_cat": 0, "visible": true, "latest_version": true, "n_photos": 0, "final_expert_status_text": 1, "responses": [{"id": 637453, "translated_question": "How many bites do you have and where are they on your body?", "translated_answer": "", "question_id": 1, "question": "question_1", "answer_id": 11, "answer": "N/A", "answer_value": "3", "report": "978db32d-594c-4595-8ba0-5ba8950eae3f"}, {"id": 637454, "translated_question": "Where did they bite you?", "translated_answer": "Left arm", "question_id": 2, "question": "question_2", "answer_id": 22, "answer": "question_2_answer_22", "answer_value": "1", "report": "978db32d-594c-4595-8ba0-5ba8950eae3f"}, {"id": 637455, "translated_question": "Where did they bite you?", "translated_answer": "Left leg", "question_id": 2, "question": "question_2", "answer_id": 25, "answer": "question_2_answer_25", "answer_value": "1", "report": "978db32d-594c-4595-8ba0-5ba8950eae3f"}, {"id": 637456, "translated_question": "Where did they bite you?", "translated_answer": "Right arm", "question_id": 2, "question": "question_2", "answer_id": 23, "answer": "question_2_answer_23", "answer_value": "1", "report": "978db32d-594c-4595-8ba0-5ba8950eae3f"}, {"id": 637457, "translated_question": "Where did they bite you?", "translated_answer": "Inside a building", "question_id": 4, "question": "question_4", "answer_id": 42, "answer": "question_4_answer_42", "answer_value": null, "report": "978db32d-594c-4595-8ba0-5ba8950eae3f"}, {"id": 637458, "translated_question": "What time was it?", "translated_answer": "Night", "question_id": 3, "question": "question_3", "answer_id": 34, "answer": "question_3_answer_34", "answer_value": null, "report": "978db32d-594c-4595-8ba0-5ba8950eae3f"}], "country": "TUR", "cached_visible": null, "point": "SRID=4326;POINT (36.1623393 36.5869646)", "nuts_3": "TR631", "nuts_2": "TR63", "ia_filter_1": null, "ia_filter_2": null, "session": null}]