[{"version_UUID": "5681454a-f0f3-4069-86cf-3681d86290cf", "creation_time": "2023-01-01T15:52:16.282774Z", "creation_date": "2023-01-01", "creation_day_since_launch": 3124, "creation_year": 2023, "creation_month": 1, "site_cat": 5, "type": "adult", "lon": 76.2766945, "lat": 12.2288758, "movelab_annotation": null, "movelab_annotation_euro": null, "tiger_responses": {}, "tiger_responses_text": {"question_6": "question_6_answer_61", "question_7": "question_7_answer_733", "question_13": "question_13_answer_132"}, "site_responses": null, "site_responses_text": null, "tigaprob_cat": 0, "visible": true, "latest_version": true, "n_photos": 0, "final_expert_status_text": 1, "responses": [{"id": 390675, "translated_question": "What type of mosquito do you think it was?", "translated_answer": "Invasive Aedes", "question_id": 6, "question": "question_6", "answer_id": 61, "answer": "question_6_answer_61", "answer_value": null, "report": "5681454a-f0f3-4069-86cf-3681d86290cf"}, {"id": 390676, "translated_question": "What does the mosquito look like?", "translated_answer": "Thorax 1", "question_id": 7, "question": "question_7", "answer_id": 711, "answer": "question_7_answer_711", "answer_value": null, "report": "5681454a-f0f3-4069-86cf-3681d86290cf"}, {"id": 390677, "translated_question": "What does the mosquito look like?", "translated_answer": "Leg 3", "question_id": 7, "question": "question_7", "answer_id": 733, "answer": "question_7_answer_733", "answer_value": null, "report": "5681454a-f0f3-4069-86cf-3681d86290cf"}, {"id": 390678, "translated_question": "Where did you find the mosquito?", "translated_answer": "In a building", "question_id": 13, "question": "question_13", "answer_id": 132, "answer": "question_13_answer_132", "answer_value": null, "report": "5681454a-f0f3-4069-86cf-3681d86290cf"}], "country": null, "cached_visible": null, "point": "SRID=4326;POINT (76.2766945 12.2288758)", "nuts_3": null, "nuts_2": null, "ia_filter_1": -2.0, "ia_filter_2": -1.0, "session": null}, {"version_UUID": "9390a999-0453-44e8-8f90-99b0bd86468c", "creation_time": "2023-01-01T11:52:02.563075Z", "creation_date": "2023-01-01", "creation_day_since_launch": 3124, "creation_year": 2023, "creation_month": 1, "site_cat": 5, "type": "adult", "lon": 14.1957104, "lat": 40.9010399, "movelab_annotation": null, "movelab_annotation_euro": null, "tiger_responses": {}, "tiger_responses_text": {"question_6": "question_6_answer_64", "question_13": "question_13_answer_132"}, "site_responses": null, "site_responses_text": null, "tigaprob_cat": 0, "visible": true, "latest_version": true, "n_photos": 0, "final_expert_status_text": 1, "responses": [{"id": 390679, "translated_question": "Che tipo di zanzare credi sia stata?", "translated_answer": "Non saprei", "question_id": 6, "question": "question_6", "answer_id": 64, "answer": "question_6_answer_64", "answer_value": null, "report": "9390a999-0453-44e8-8f90-99b0bd86468c"}, {"id": 390680, "translated_question": "Dove hai trovato la zanzara?", "translated_answer": "In un edificio", "question_id": 13, "question": "question_13", "answer_id": 132, "answer": "question_13_answer_132", "answer_value": null, "report": "9390a999-0453-44e8-8f90-99b0bd86468c"}], "country": "ITA", "cached_visible": null, "point": "SRID=4326;POINT (14.1957104 40.9010399)", "nuts_3": "ITF33", "nuts_2": "ITF3", "ia_filter_1": -2.0, "ia_filter_2": -1.0, "session": null}, {"version_UUID": "c20b9777-cbbb-4482-8c62-6eb76b7ee8f6", "creation_time": "2023-01-01T17:21:06.690339Z", "creation_date": "2023-01-01", "creation_day_since_launch": 3124, "creation_year": 2023, "creation_month": 1, "site_cat": 5, "type": "adult", "lon": 2.0257706, "lat": 41.3518132, "movelab_annotation": {"edited_user_notes": "Molt bona foto! Has aconseguit que el mosquit tigre sigui f\u00e0cil d'identificar ja que es pot observar clarament la franja blanca en el t\u00f2rax, a part d'altres caracter\u00edstiques. Gr\u00e0cies per participar!", "photo_html": "<a href=\"/media/tigapics/8eed3aff-3505-463b-b9e4-f847a3bc05c0.jpg\" target=\"_blank\"><img src=\"/media/tigapics_popups/8eed3aff-3505-463b-b9e4-f847a3bc05c0.jpg\"></a>", "tiger_certainty_category": 2, "aegypti_certainty_category": -2, "score": -2, "classification": "none"}, "movelab_annotation_euro": {"edited_user_notes": "Molt bona foto! Has aconseguit que el mosquit tigre sigui f\u00e0cil d'identificar ja que es pot observar clarament la franja blanca en el t\u00f2rax, a part d'altres caracter\u00edstiques. Gr\u00e0cies per participar!", "photo_html": "<a href=\"/media/tigapics/8eed3aff-3505-463b-b9e4-f847a3bc05c0.jpg\" target=\"_blank\"><img src=\"/media/tigapics_popups/8eed3aff-3505-463b-b9e4-f847a3bc05c0.jpg\"></a>", "class_name": "Aedes albopictus", "class_label": "aedes-albopictus", "class_id": 4, "class_value": 2}, "tiger_responses": {}, "tiger_responses_text": {"question_6": "question_6_answer_61", "question_7": "question_7_answer_721", "question_13": "question_13_answer_132"}, "site_responses": null, "site_responses_text": null, "tigaprob_cat": 0, "visible": true, "latest_version": true, "n_photos": 1, "final_expert_status_text": 1, "responses": [{"id": 390688, "translated_question": "Quin tipus de mosquit creus que \u00e9s?", "translated_answer": "Aedes invasor", "question_id": 6, "question": "question_6", "answer_id": 61, "answer": "question_6_answer_61", "answer_value": null, "report": "c20b9777-cbbb-4482-8c62-6eb76b7ee8f6"}, {"id": 390689, "translated_question": "Com \u00e9s el mosquit?", "translated_answer": "T\u00f2rax 1", "question_id": 7, "question": "question_7", "answer_id": 711, "answer": "question_7_answer_711", "answer_value": null, "report": "c20b9777-cbbb-4482-8c62-6eb76b7ee8f6"}, {"id": 390690, "translated_question": "Com \u00e9s el mosquit?", "translated_answer": "Abdomen 1", "question_id": 7, "question": "question_7", "answer_id": 721, "answer": "question_7_answer_721", "answer_value": null, "report": "c20b9777-cbbb-4482-8c62-6eb76b7ee8f6"}, {"id": 390691, "translated_question": "On has trobat el mosquit?", "translated_answer": "Dins d'un edifici", "question_id": 13, "question": "question_13", "answer_id": 132, "answer": "question_13_answer_132", "answer_value": null, "report": "c20b9777-cbbb-4482-8c62-6eb76b7ee8f6"}], "country": "ESP", "cached_visible": null, "point": "SRID=4326;POINT (2.0257706 41.3518132)", "nuts_3": "ES511", "nuts_2": "ES51", "ia_filter_1": 0.9090909090909091, "ia_filter_2": 0.8333333333333333, "session": null}, {"version_UUID": "ecfffe03-36cc-490a-aaef-21abb90df522", "creation_time": "2023-01-01T14:37:54.844746Z", "creation_date": "2023-01-01", "creation_day_since_launch": 3124, "creation_year": 2023, "creation_month": 1, "site_cat": 5, "type": "bite", "lon": 12.4954373, "lat": 41.9206784, "movelab_annotation": null, "movelab_annotation_euro": null, "tiger_responses": null, "tiger_responses_text": null, "site_responses": null, "site_responses_text": null, "tigaprob_cat": 0, "visible": true, "latest_version": true, "n_photos": 0, "final_expert_status_text": 1, "responses": [{"id": 390683, "translated_question": "Quante punture hai ricevuto e in che parte del corpo?", "translated_answer": "", "question_id": 1, "question": "question_1", "answer_id": 11, "answer": "N/A", "answer_value": "1", "report": "ecfffe03-36cc-490a-aaef-21abb90df522"}, {"id": 390684, "translated_question": "Dove ti hanno punto?", "translated_answer": "Braccio sinistro", "question_id": 2, "question": "question_2", "answer_id": 22, "answer": "question_2_answer_22", "answer_value": "1", "report": "ecfffe03-36cc-490a-aaef-21abb90df522"}, {"id": 390685, "translated_question": "Dove eri quando ti hanno punto?", "translated_answer": "In un edificio", "question_id": 4, "question": "question_4", "answer_id": 42, "answer": "question_4_answer_42", "answer_value": null, "report": "ecfffe03-36cc-490a-aaef-21abb90df522"}, {"id": 390686, "translated_question": "Quando ti hanno punto?", "translated_answer": "Nelle ultime 24 ore", "question_id": 5, "question": "question_5", "answer_id": 52, "answer": "question_5_answer_52", "answer_value": null, "report": "ecfffe03-36cc-490a-aaef-21abb90df522"}, {"id": 390687, "translated_question": "Quando \u00e8 successo?", "translated_answer": "Sera-Notte", "question_id": 3, "question": "question_3", "answer_id": 34, "answer": "question_3_answer_34", "answer_value": null, "report": "ecfffe03-36cc-490a-aaef-21abb90df522"}], "country": "ITA", "cached_visible": null, "point": "SRID=4326;POINT (12.4954373 41.9206784)", "nuts_3": "ITI43", "nuts_2": "ITI4", "ia_filter_1": null, "ia_filter_2": null, "session": null}, {"version_UUID": "6100d2ae-beff-4710-bf2f-c0c2a87ed94c", "creation_time": "2023-01-01T17:26:09.282674Z", "creation_date": "2023-01-01", "creation_day_since_launch": 3124, "creation_year": 2023, "creation_month": 1, "site_cat": 5, "type": "adult", "lon": 4.5243682, "lat": 51.6644106, "movelab_annotation": {"edited_user_notes": "Met deze foto kunnen we niet vaststellen of het om een huissteekmug gaat. Er zijn niet genoeg kenmerken van de huissteekmug zichtbaar. Toch is uw observatie erg nuttig. Op www.mosquitoalert.com vind u tips en tricks voor het vangen en fotograferen van deze insecten. Blijf alstublieft foto's insturen!", "photo_html": "<a href=\"/media/tigapics/19c1be81-4101-4370-a249-848e2ccb1727.jpg\" target=\"_blank\"><img src=\"/media/tigapics_popups/19c1be81-4101-4370-a249-848e2ccb1727.jpg\"></a>", "tiger_certainty_category": -2, "aegypti_certainty_category": -2, "score": -2, "classification": "none"}, "movelab_annotation_euro": {"edited_user_notes": "Met deze foto kunnen we niet vaststellen of het om een huissteekmug gaat. Er zijn niet genoeg kenmerken van de huissteekmug zichtbaar. Toch is uw observatie erg nuttig. Op www.mosquitoalert.com vind u tips en tricks voor het vangen en fotograferen van deze insecten. Blijf alstublieft foto's insturen!", "photo_html": "<a href=\"/media/tigapics/19c1be81-4101-4370-a249-848e2ccb1727.jpg\" target=\"_blank\"><img src=\"/media/tigapics_popups/19c1be81-4101-4370-a249-848e2ccb1727.jpg\"></a>", "class_name": "Culex sp.", "class_label": "culex-sp", "class_id": 10, "class_value": 1}, "tiger_responses": {}, "tiger_responses_text": {"question_6": "question_6_answer_62", "question_13": "question_13_answer_132"}, "site_responses": null, "site_responses_text": null, "tigaprob_cat": 0, "visible": true, "latest_version": true, "n_photos": 1, "final_expert_status_text": 1, "responses": [{"id": 390692, "translated_question": "Welk type mug denkt u dat het was?", "translated_answer": "Algemene mug", "question_id": 6, "question": "question_6", "answer_id": 62, "answer": "question_6_answer_62", "answer_value": null, "report": "6100d2ae-beff-4710-bf2f-c0c2a87ed94c"}, {"id": 390693, "translated_question": "Waar heeft u de mug aangetroffen?", "translated_answer": "In een gebouw", "question_id": 13, "question": "question_13", "answer_id": 132, "answer": "question_13_answer_132", "answer_value": null, "report": "6100d2ae-beff-4710-bf2f-c0c2a87ed94c"}], "country": "NLD", "cached_visible": null, "point": "SRID=4326;POINT (4.5243682 51.6644106)", "nuts_3": "NL411", "nuts_2": "NL41", "ia_filter_1": 0.7272727272727273, "ia_filter_2": 0.42857142857142855, "session": null}, {"version_UUID": "bb8b31d2-3ed5-4431-bee9-c8784daf3f92", "creation_time": "2023-01-01T22:50:19.903909Z", "creation_date": "2023-01-01", "creation_day_since_launch": 3124, "creation_year": 2023, "creation_month": 1, "site_cat": 5, "type": "bite", "lon": 9.1133974, "lat": 39.2153448, "movelab_annotation": null, "movelab_annotation_euro": null, "tiger_responses": null, "tiger_responses_text": null, "site_responses": null, "site_responses_text": null, "tigaprob_cat": 0, "visible": true, "latest_version": true, "n_photos": 0, "final_expert_status_text": 1, "responses": [{"id": 390698, "translated_question": "Quante punture hai ricevuto e in che parte del corpo?", "translated_answer": "", "question_id": 1, "question": "question_1", "answer_id": 11, "answer": "N/A", "answer_value": "2", "report": "bb8b31d2-3ed5-4431-bee9-c8784daf3f92"}, {"id": 390699, "translated_question": "Dove eri quando ti hanno punto?", "translated_answer": "In un edificio", "question_id": 4, "question": "question_4", "answer_id": 42, "answer": "question_4_answer_42", "answer_value": null, "report": "bb8b31d2-3ed5-4431-bee9-c8784daf3f92"}, {"id": 390700, "translated_question": "Quando ti hanno punto?", "translated_answer": "Adesso", "question_id": 5, "question": "question_5", "answer_id": 51, "answer": "question_5_answer_51", "answer_value": null, "report": "bb8b31d2-3ed5-4431-bee9-c8784daf3f92"}, {"id": 390701, "translated_question": "Dove ti hanno punto?", "translated_answer": "Braccio destro", "question_id": 2, "question": "question_2", "answer_id": 23, "answer": "question_2_answer_23", "answer_value": "1", "report": "bb8b31d2-3ed5-4431-bee9-c8784daf3f92"}, {"id": 390702, "translated_question": "Dove ti hanno punto?", "translated_answer": "Testa", "question_id": 2, "question": "question_2", "answer_id": 21, "answer": "question_2_answer_21", "answer_value": "1", "report": "bb8b31d2-3ed5-4431-bee9-c8784daf3f92"}], "country": "ITA", "cached_visible": null, "point": "SRID=4326;POINT (9.1133974 39.2153448)", "nuts_3": "ITG2F", "nuts_2": "ITG2", "ia_filter_1": null, "ia_filter_2": null, "session": null}, {"version_UUID": "467d1ee8-479a-4d9e-a797-413df3b04721", "creation_time": "2023-01-01T22:49:16.403538Z", "creation_date": "2023-01-01", "creation_day_since_launch": 3124, "creation_year": 2023, "creation_month": 1, "site_cat": 5, "type": "adult", "lon": 9.1133974, "lat": 39.2153448, "movelab_annotation": null, "movelab_annotation_euro": null, "tiger_responses": {}, "tiger_responses_text": {"question_6": "question_6_answer_64", "question_13": "question_13_answer_132"}, "site_responses": null, "site_responses_text": null, "tigaprob_cat": 0, "visible": true, "latest_version": true, "n_photos": 0, "final_expert_status_text": 1, "responses": [{"id": 390696, "translated_question": "Che tipo di zanzare credi sia stata?", "translated_answer": "Non saprei", "question_id": 6, "question": "question_6", "answer_id": 64, "answer": "question_6_answer_64", "answer_value": null, "report": "467d1ee8-479a-4d9e-a797-413df3b04721"}, {"id": 390697, "translated_question": "Dove hai trovato la zanzara?", "translated_answer": "In un edificio", "question_id": 13, "question": "question_13", "answer_id": 132, "answer": "question_13_answer_132", "answer_value": null, "report": "467d1ee8-479a-4d9e-a797-413df3b04721"}], "country": "ITA", "cached_visible": null, "point": "SRID=4326;POINT (9.1133974 39.2153448)", "nuts_3": "ITG2F", "nuts_2": "ITG2", "ia_filter_1": -2.0, "ia_filter_2": -1.0, "session": null}, {"version_UUID": "b1397bcf-2619-45ca-b2fc-44b52fdbccb8", "creation_time": "2023-01-01T19:37:39.376169Z", "creation_date": "2023-01-01", "creation_day_since_launch": 3124, "creation_year": 2023, "creation_month": 1, "site_cat": 5, "type": "adult", "lon": 5.3352346, "lat": 51.6970939, "movelab_annotation": {"edited_user_notes": "We kunnen geen muggensoort identificeren met deze foto omdat de foto wazig is en de typische kenmerken om muggensoorten van elkaar te onderscheiden hierdoor niet zichtbaar zijn. Toch is deze observatie erg nuttig. Op www.mosquitoalert.com vind u tips en tricks voor het vangen en fotograferen van deze insecten. Blijf alstublieft foto's insturen!", "photo_html": "<a href=\"/media/tigapics/53496697-f30e-4c61-b14a-5710662fb0b6.jpg\" target=\"_blank\"><img src=\"/media/tigapics_popups/53496697-f30e-4c61-b14a-5710662fb0b6.jpg\"></a>", "tiger_certainty_category": 0, "aegypti_certainty_category": 0, "score": 0, "classification": "none"}, "movelab_annotation_euro": {"edited_user_notes": "We kunnen geen muggensoort identificeren met deze foto omdat de foto wazig is en de typische kenmerken om muggensoorten van elkaar te onderscheiden hierdoor niet zichtbaar zijn. Toch is deze observatie erg nuttig. Op www.mosquitoalert.com vind u tips en tricks voor het vangen en fotograferen van deze insecten. Blijf alstublieft foto's insturen!", "photo_html": "<a href=\"/media/tigapics/53496697-f30e-4c61-b14a-5710662fb0b6.jpg\" target=\"_blank\"><img src=\"/media/tigapics_popups/53496697-f30e-4c61-b14a-5710662fb0b6.jpg\"></a>", "class_name": "Not sure", "class_label": "not-sure", "class_id": 9, "class_value": null}, "tiger_responses": {}, "tiger_responses_text": {"question_6": "question_6_answer_64", "question_13": "question_13_answer_132"}, "site_responses": null, "site_responses_text": null, "tigaprob_cat": 0, "visible": true, "latest_version": true, "n_photos": 2, "final_expert_status_text": 1, "responses": [{"id": 390694, "translated_question": "Welk type mug denkt u dat het was?", "translated_answer": "Weet ik niet", "question_id": 6, "question": "question_6", "answer_id": 64, "answer": "question_6_answer_64", "answer_value": null, "report": "b1397bcf-2619-45ca-b2fc-44b52fdbccb8"}, {"id": 390695, "translated_question": "Waar heeft u de mug aangetroffen?", "translated_answer": "In een gebouw", "question_id": 13, "question": "question_13", "answer_id": 132, "answer": "question_13_answer_132", "answer_value": null, "report": "b1397bcf-2619-45ca-b2fc-44b52fdbccb8"}], "country": "NLD", "cached_visible": null, "point": "SRID=4326;POINT (5.3352346 51.6970939)", "nuts_3": "NL413", "nuts_2": "NL41", "ia_filter_1": 0.7272727272727273, "ia_filter_2": 1e-09, "session": null}, {"version_UUID": "846bec5e-3045-4f97-8d0b-5620ae31442b", "creation_time": "2023-01-02T08:50:37.960606Z", "creation_date": "2023-01-02", "creation_day_since_launch": 3125, "creation_year": 2023, "creation_month": 1, "site_cat": 5, "type": "bite", "lon": 2.1537261, "lat": 41.3843892, "movelab_annotation": null, "movelab_annotation_euro": null, "tiger_responses": null, "tiger_responses_text": null, "site_responses": null, "site_responses_text": null, "tigaprob_cat": 0, "visible": true, "latest_version": true, "n_photos": 0, "final_expert_status_text": 1, "responses": [{"id": 390707, "translated_question": "\u00bfCu\u00e1ntas picaduras tienes y en qu\u00e9 parte del cuerpo?", "translated_answer": "", "question_id": 1, "question": "question_1", "answer_id": 11, "answer": "N/A", "answer_value": "1", "report": "846bec5e-3045-4f97-8d0b-5620ae31442b"}, {"id": 390708, "translated_question": "\u00bfDonde te han picado?", "translated_answer": "Brazo derecho", "question_id": 2, "question": "question_2", "answer_id": 23, "answer": "question_2_answer_23", "answer_value": "1", "report": "846bec5e-3045-4f97-8d0b-5620ae31442b"}, {"id": 390709, "translated_question": "\u00bfD\u00f3nde te han picado?", "translated_answer": "Dentro de un edificio", "question_id": 4, "question": "question_4", "answer_id": 42, "answer": "question_4_answer_42", "answer_value": null, "report": "846bec5e-3045-4f97-8d0b-5620ae31442b"}, {"id": 390710, "translated_question": "\u00bfCuando te han picado?", "translated_answer": "En las \u00faltimas 24h", "question_id": 5, "question": "question_5", "answer_id": 52, "answer": "question_5_answer_52", "answer_value": null, "report": "846bec5e-3045-4f97-8d0b-5620ae31442b"}, {"id": 390711, "translated_question": "\u00bfEn qu\u00e9 momento ha sido?", "translated_answer": "Tarde", "question_id": 3, "question": "question_3", "answer_id": 33, "answer": "question_3_answer_33", "answer_value": null, "report": "846bec5e-3045-4f97-8d0b-5620ae31442b"}], "country": "ESP", "cached_visible": null, "point": "SRID=4326;POINT (2.1537261 41.3843892)", "nuts_3": "ES511", "nuts_2": "ES51", "ia_filter_1": null, "ia_filter_2": null, "session": null}, {"version_UUID": "e60e3818-f8d6-40ce-9b71-8a02f399932a", "creation_time": "2023-01-02T13:51:13.900387Z", "creation_date": "2023-01-02", "creation_day_since_launch": 3125, "creation_year": 2023, "creation_month": 1, "site_cat": 5, "type": "adult", "lon": 12.099948, "lat": 45.5718812, "movelab_annotation": null, "movelab_annotation_euro": null, "tiger_responses": {}, "tiger_responses_text": {"question_6": "question_6_answer_62", "question_13": "question_13_answer_132"}, "site_responses": null, "site_responses_text": null, "tigaprob_cat": 0, "visible": true, "latest_version": true, "n_photos": 0, "final_expert_status_text": 1, "responses": [{"id": 390720, "translated_question": "Che tipo di zanzare credi sia stata?", "translated_answer": "Zanzara comune", "question_id": 6, "question": "question_6", "answer_id": 62, "answer": "question_6_answer_62", "answer_value": null, "report": "e60e3818-f8d6-40ce-9b71-8a02f399932a"}, {"id": 390721, "translated_question": "Dove hai trovato la zanzara?", "translated_answer": "In un edificio", "question_id": 13, "question": "question_13", "answer_id": 132, "answer": "question_13_answer_132", "answer_value": null, "report": "e60e3818-f8d6-40ce-9b71-8a02f399932a"}], "country": "ITA", "cached_visible": null, "point": "SRID=4326;POINT (12.099948 45.5718812)", "nuts_3": "ITH35", "nuts_2": "ITH3", "ia_filter_1": -2.0, "ia_filter_2": -1.0, "session": null}, {"version_UUID": "fa9186a3-f40a-47e0-aaf9-1cb9f2661fcc", "creation_time": "2023-01-02T20:04:33.543444Z", "creation_date": "2023-01-02", "creation_day_since_launch": 3125, "creation_year": 2023, "creation_month": 1, "site_cat": 5, "type": "bite", "lon": 84.0135075, "lat": 21.8568503, "movelab_annotation": null, "movelab_annotation_euro": null, "tiger_responses": null, "tiger_responses_text": null, "site_responses": null, "site_responses_text": null, "tigaprob_cat": 0, "visible": true, "latest_version": true, "n_photos": 0, "final_expert_status_text": 1, "responses": [{"id": 390722, "translated_question": "How many bites do you have and where are they on your body?", "translated_answer": "", "question_id": 1, "question": "question_1", "answer_id": 11, "answer": "N/A", "answer_value": "2", "report": "fa9186a3-f40a-47e0-aaf9-1cb9f2661fcc"}, {"id": 390723, "translated_question": "Where did they bite you?", "translated_answer": "I don't know", "question_id": 4, "question": "question_4", "answer_id": 44, "answer": "question_4_answer_44", "answer_value": null, "report": "fa9186a3-f40a-47e0-aaf9-1cb9f2661fcc"}, {"id": 390724, "translated_question": "When were you bitten?", "translated_answer": "In the last 24 hours", "question_id": 5, "question": "question_5", "answer_id": 52, "answer": "question_5_answer_52", "answer_value": null, "report": "fa9186a3-f40a-47e0-aaf9-1cb9f2661fcc"}, {"id": 390725, "translated_question": "What time was it?", "translated_answer": "Night", "question_id": 3, "question": "question_3", "answer_id": 34, "answer": "question_3_answer_34", "answer_value": null, "report": "fa9186a3-f40a-47e0-aaf9-1cb9f2661fcc"}, {"id": 390726, "translated_question": "Where did they bite you?", "translated_answer": "Left leg", "question_id": 2, "question": "question_2", "answer_id": 25, "answer": "question_2_answer_25", "answer_value": "1", "report": "fa9186a3-f40a-47e0-aaf9-1cb9f2661fcc"}, {"id": 390727, "translated_question": "Where did they bite you?", "translated_answer": "Right arm", "question_id": 2, "question": "question_2", "answer_id": 23, "answer": "question_2_answer_23", "answer_value": "1", "report": "fa9186a3-f40a-47e0-aaf9-1cb9f2661fcc"}], "country": null, "cached_visible": null, "point": "SRID=4326;POINT (84.0135075 21.8568503)", "nuts_3": null, "nuts_2": null, "ia_filter_1": null, "ia_filter_2": null, "session": null}, {"version_UUID": "a8c96e3b-7b42-48fe-82a3-3c21f18d5af6", "creation_time": "2023-01-02T23:35:49.263184Z", "creation_date": "2023-01-02", "creation_day_since_launch": 3125, "creation_year": 2023, "creation_month": 1, "site_cat": 5, "type": "bite", "lon": -3.9285626, "lat": 38.9946222, "movelab_annotation": null, "movelab_annotation_euro": null, "tiger_responses": null, "tiger_responses_text": null, "site_responses": null, "site_responses_text": null, "tigaprob_cat": 0, "visible": true, "latest_version": true, "n_photos": 0, "final_expert_status_text": 1, "responses": [{"id": 390736, "translated_question": "\u00bfCu\u00e1ntas picaduras tienes y en qu\u00e9 parte del cuerpo?", "translated_answer": "", "question_id": 1, "question": "question_1", "answer_id": 11, "answer": "N/A", "answer_value": "2", "report": "a8c96e3b-7b42-48fe-82a3-3c21f18d5af6"}, {"id": 390737, "translated_question": "\u00bfD\u00f3nde te han picado?", "translated_answer": "Dentro de un edificio", "question_id": 4, "question": "question_4", "answer_id": 42, "answer": "question_4_answer_42", "answer_value": null, "report": "a8c96e3b-7b42-48fe-82a3-3c21f18d5af6"}, {"id": 390738, "translated_question": "\u00bfCuando te han picado?", "translated_answer": "En las \u00faltimas 24h", "question_id": 5, "question": "question_5", "answer_id": 52, "answer": "question_5_answer_52", "answer_value": null, "report": "a8c96e3b-7b42-48fe-82a3-3c21f18d5af6"}, {"id": 390739, "translated_question": "\u00bfEn qu\u00e9 momento ha sido?", "translated_answer": "Noche", "question_id": 3, "question": "question_3", "answer_id": 34, "answer": "question_3_answer_34", "answer_value": null, "report": "a8c96e3b-7b42-48fe-82a3-3c21f18d5af6"}, {"id": 390740, "translated_question": "\u00bfDonde te han picado?", "translated_answer": "Pierna izquierda", "question_id": 2, "question": "question_2", "answer_id": 25, "answer": "question_2_answer_25", "answer_value": "2", "report": "a8c96e3b-7b42-48fe-82a3-3c21f18d5af6"}], "country": "ESP", "cached_visible": null, "point": "SRID=4326;POINT (-3.9285626 38.9946222)", "nuts_3": "ES422", "nuts_2": "ES42", "ia_filter_1": null, "ia_filter_2": null, "session": null}, {"version_UUID": "22710e26-a8dc-438e-9bdc-be5fcda64015", "creation_time": "2023-01-02T16:16:16.473160Z", "creation_date": "2023-01-02", "creation_day_since_launch": 3125, "creation_year": 2023, "creation_month": 1, "site_cat": 5, "type": "adult", "lon": 11.279728, "lat": 43.7662038, "movelab_annotation": null, "movelab_annotation_euro": null, "tiger_responses": {}, "tiger_responses_text": {"question_6": "question_6_answer_62", "question_13": "question_13_answer_132"}, "site_responses": null, "site_responses_text": null, "tigaprob_cat": 0, "visible": true, "latest_version": true, "n_photos": 0, "final_expert_status_text": 1, "responses": [{"id": 390728, "translated_question": "Che tipo di zanzare credi sia stata?", "translated_answer": "Zanzara comune", "question_id": 6, "question": "question_6", "answer_id": 62, "answer": "question_6_answer_62", "answer_value": null, "report": "22710e26-a8dc-438e-9bdc-be5fcda64015"}, {"id": 390729, "translated_question": "Dove hai trovato la zanzara?", "translated_answer": "In un edificio", "question_id": 13, "question": "question_13", "answer_id": 132, "answer": "question_13_answer_132", "answer_value": null, "report": "22710e26-a8dc-438e-9bdc-be5fcda64015"}], "country": "ITA", "cached_visible": null, "point": "SRID=4326;POINT (11.279728 43.7662038)", "nuts_3": "ITI14", "nuts_2": "ITI1", "ia_filter_1": -2.0, "ia_filter_2": -1.0, "session": null}, {"version_UUID": "4c241c2e-165c-4a6a-9610-ca87d3b81fc5", "creation_time": "2023-01-02T23:05:35.110524Z", "creation_date": "2023-01-02", "creation_day_since_launch": 3125, "creation_year": 2023, "creation_month": 1, "site_cat": 5, "type": "adult", "lon": 5.8478886, "lat": 53.1810641, "movelab_annotation": {"edited_user_notes": "Met deze foto kunnen we niet vaststellen of het om een huissteekmug gaat. Er zijn niet genoeg kenmerken van de huissteekmug zichtbaar. Toch is uw observatie erg nuttig. Op www.mosquitoalert.com vind u tips en tricks voor het vangen en fotograferen van deze insecten. Blijf alstublieft foto's insturen!", "photo_html": "<a href=\"/media/tigapics/ec0ccf70-f4ef-4845-8fe3-be04fac82453.jpg\" target=\"_blank\"><img src=\"/media/tigapics_popups/ec0ccf70-f4ef-4845-8fe3-be04fac82453.jpg\"></a>", "tiger_certainty_category": -2, "aegypti_certainty_category": -2, "score": -2, "classification": "none"}, "movelab_annotation_euro": {"edited_user_notes": "Met deze foto kunnen we niet vaststellen of het om een huissteekmug gaat. Er zijn niet genoeg kenmerken van de huissteekmug zichtbaar. Toch is uw observatie erg nuttig. Op www.mosquitoalert.com vind u tips en tricks voor het vangen en fotograferen van deze insecten. Blijf alstublieft foto's insturen!", "photo_html": "<a href=\"/media/tigapics/ec0ccf70-f4ef-4845-8fe3-be04fac82453.jpg\" target=\"_blank\"><img src=\"/media/tigapics_popups/ec0ccf70-f4ef-4845-8fe3-be04fac82453.jpg\"></a>", "class_name": "Culex sp.", "class_label": "culex-sp", "class_id": 10, "class_value": 1}, "tiger_responses": {}, "tiger_responses_text": {"question_6": "question_6_answer_62", "question_13": "question_13_answer_132"}, "site_responses": null, "site_responses_text": null, "tigaprob_cat": 0, "visible": true, "latest_version": true, "n_photos": 1, "final_expert_status_text": 1, "responses": [{"id": 390734, "translated_question": "Welk type mug denkt u dat het was?", "translated_answer": "Algemene mug", "question_id": 6, "question": "question_6", "answer_id": 62, "answer": "question_6_answer_62", "answer_value": null, "report": "4c241c2e-165c-4a6a-9610-ca87d3b81fc5"}, {"id": 390735, "translated_question": "Waar heeft u de mug aangetroffen?", "translated_answer": "In een gebouw", "question_id": 13, "question": "question_13", "answer_id": 132, "answer": "question_13_answer_132", "answer_value": null, "report": "4c241c2e-165c-4a6a-9610-ca87d3b81fc5"}], "country": "NLD", "cached_visible": null, "point": "SRID=4326;POINT (5.8478886 53.1810641)", "nuts_3": "NL124", "nuts_2": "NL12", "ia_filter_1": 0.8181818181818181, "ia_filter_2": 0.21428571428571422, "session": null}, {"version_UUID": "0614f228-f099-4a37-ab75-65de670e50b0", "creation_time": "2023-01-03T00:04:51.284712Z", "creation_date": "2023-01-03", "creation_day_since_launch": 3126, "creation_year": 2023, "creation_month": 1, "site_cat": 5, "type": "bite", "lon": 20.724290125072002, "lat": 48.24369353872767, "movelab_annotation": null, "movelab_annotation_euro": null, "tiger_responses": null, "tiger_responses_text": null, "site_responses": null, "site_responses_text": null, "tigaprob_cat": 0, "visible": true, "latest_version": true, "n_photos": 0, "final_expert_status_text": 1, "responses": [{"id": 390748, "translated_question": "How many bites do you have and where are they on your body?", "translated_answer": "", "question_id": 1, "question": "question_1", "answer_id": 11, "answer": "N/A", "answer_value": "7", "report": "0614f228-f099-4a37-ab75-65de670e50b0"}, {"id": 390749, "translated_question": "Where did they bite you?", "translated_answer": "Chest", "question_id": 2, "question": "question_2", "answer_id": 24, "answer": "question_2_answer_24", "answer_value": "3", "report": "0614f228-f099-4a37-ab75-65de670e50b0"}, {"id": 390750, "translated_question": "Where did they bite you?", "translated_answer": "Left arm", "question_id": 2, "question": "question_2", "answer_id": 22, "answer": "question_2_answer_22", "answer_value": "1", "report": "0614f228-f099-4a37-ab75-65de670e50b0"}, {"id": 390751, "translated_question": "Where did they bite you?", "translated_answer": "Left leg", "question_id": 2, "question": "question_2", "answer_id": 25, "answer": "question_2_answer_25", "answer_value": "1", "report": "0614f228-f099-4a37-ab75-65de670e50b0"}, {"id": 390752, "translated_question": "Where did they bite you?", "translated_answer": "Right leg", "question_id": 2, "question": "question_2", "answer_id": 26, "answer": "question_2_answer_26", "answer_value": "2", "report": "0614f228-f099-4a37-ab75-65de670e50b0"}, {"id": 390753, "translated_question": "Where did they bite you?", "translated_answer": "Inside a building", "question_id": 4, "question": "question_4", "answer_id": 42, "answer": "question_4_answer_42", "answer_value": null, "report": "0614f228-f099-4a37-ab75-65de670e50b0"}, {"id": 390754, "translated_question": "When were you bitten?", "translated_answer": "In the last 24 hours", "question_id": 5, "question": "question_5", "answer_id": 52, "answer": "question_5_answer_52", "answer_value": null, "report": "0614f228-f099-4a37-ab75-65de670e50b0"}, {"id": 390755, "translated_question": "What time was it?", "translated_answer": "Morning", "question_id": 3, "question": "question_3", "answer_id": 31, "answer": "question_3_answer_31", "answer_value": null, "report": "0614f228-f099-4a37-ab75-65de670e50b0"}], "country": "HUN", "cached_visible": null, "point": "SRID=4326;POINT (20.724290125072 48.24369353872767)", "nuts_3": "HU311", "nuts_2": "HU31", "ia_filter_1": null, "ia_filter_2": null, "session": null}, {"version_UUID": "8145492d-3c16-4333-8b66-f293cf72ad4a", "creation_time": "2023-01-03T08:19:04.242805Z", "creation_date": "2023-01-03", "creation_day_since_launch": 3126, "creation_year": 2023, "creation_month": 1, "site_cat": 5, "type": "bite", "lon": 87.00019765645266, "lat": 25.252363826811408, "movelab_annotation": null, "movelab_annotation_euro": null, "tiger_responses": null, "tiger_responses_text": null, "site_responses": null, "site_responses_text": null, "tigaprob_cat": 0, "visible": true, "latest_version": true, "n_photos": 0, "final_expert_status_text": 1, "responses": [{"id": 390758, "translated_question": "How many bites do you have and where are they on your body?", "translated_answer": "", "question_id": 1, "question": "question_1", "answer_id": 11, "answer": "N/A", "answer_value": "5", "report": "8145492d-3c16-4333-8b66-f293cf72ad4a"}, {"id": 390759, "translated_question": "Where did they bite you?", "translated_answer": "Inside a building", "question_id": 4, "question": "question_4", "answer_id": 42, "answer": "question_4_answer_42", "answer_value": null, "report": "8145492d-3c16-4333-8b66-f293cf72ad4a"}, {"id": 390760, "translated_question": "When were you bitten?", "translated_answer": "Just now", "question_id": 5, "question": "question_5", "answer_id": 51, "answer": "question_5_answer_51", "answer_value": null, "report": "8145492d-3c16-4333-8b66-f293cf72ad4a"}, {"id": 390761, "translated_question": "Where did they bite you?", "translated_answer": "Right arm", "question_id": 2, "question": "question_2", "answer_id": 23, "answer": "question_2_answer_23", "answer_value": "1", "report": "8145492d-3c16-4333-8b66-f293cf72ad4a"}, {"id": 390762, "translated_question": "Where did they bite you?", "translated_answer": "Chest", "question_id": 2, "question": "question_2", "answer_id": 24, "answer": "question_2_answer_24", "answer_value": "2", "report": "8145492d-3c16-4333-8b66-f293cf72ad4a"}, {"id": 390763, "translated_question": "Where did they bite you?", "translated_answer": "Right leg", "question_id": 2, "question": "question_2", "answer_id": 26, "answer": "question_2_answer_26", "answer_value": "1", "report": "8145492d-3c16-4333-8b66-f293cf72ad4a"}, {"id": 390764, "translated_question": "Where did they bite you?", "translated_answer": "Left leg", "question_id": 2, "question": "question_2", "answer_id": 25, "answer": "question_2_answer_25", "answer_value": "1", "report": "8145492d-3c16-4333-8b66-f293cf72ad4a"}], "country": null, "cached_visible": null, "point": "SRID=4326;POINT (87.00019765645266 25.25236382681141)", "nuts_3": null, "nuts_2": null, "ia_filter_1": null, "ia_filter_2": null, "session": null}, {"version_UUID": "5661578c-e210-49f1-a8a3-1a49cada9233", "creation_time": "2023-01-03T06:46:16.119420Z", "creation_date": "2023-01-03", "creation_day_since_launch": 3126, "creation_year": 2023, "creation_month": 1, "site_cat": 5, "type": "adult", "lon": 11.2796895, "lat": 43.7661718, "movelab_annotation": null, "movelab_annotation_euro": null, "tiger_responses": {}, "tiger_responses_text": {"question_6": "question_6_answer_62", "question_13": "question_13_answer_132"}, "site_responses": null, "site_responses_text": null, "tigaprob_cat": 0, "visible": true, "latest_version": true, "n_photos": 0, "final_expert_status_text": 1, "responses": [{"id": 390765, "translated_question": "Che tipo di zanzare credi sia stata?", "translated_answer": "Zanzara comune", "question_id": 6, "question": "question_6", "answer_id": 62, "answer": "question_6_answer_62", "answer_value": null, "report": "5661578c-e210-49f1-a8a3-1a49cada9233"}, {"id": 390766, "translated_question": "Dove hai trovato la zanzara?", "translated_answer": "In un edificio", "question_id": 13, "question": "question_13", "answer_id": 132, "answer": "question_13_answer_132", "answer_value": null, "report": "5661578c-e210-49f1-a8a3-1a49cada9233"}], "country": "ITA", "cached_visible": null, "point": "SRID=4326;POINT (11.2796895 43.7661718)", "nuts_3": "ITI14", "nuts_2": "ITI1", "ia_filter_1": -2.0, "ia_filter_2": -1.0, "session": null}, {"version_UUID": "2d6b117d-3287-48ec-9442-e98d2020f970", "creation_time": "2023-01-04T00:24:47.465484Z", "creation_date": "2023-01-04", "creation_day_since_launch": 3127, "creation_year": 2023, "creation_month": 1, "site_cat": 5, "type": "bite", "lon": 81.5427828, "lat": 17.1025484, "movelab_annotation": null, "movelab_annotation_euro": null, "tiger_responses": null, "tiger_responses_text": null, "site_responses": null, "site_responses_text": null, "tigaprob_cat": 0, "visible": true, "latest_version": true, "n_photos": 0, "final_expert_status_text": 1, "responses": [{"id": 390783, "translated_question": "How many bites do you have and where are they on your body?", "translated_answer": "", "question_id": 1, "question": "question_1", "answer_id": 11, "answer": "N/A", "answer_value": "8", "report": "2d6b117d-3287-48ec-9442-e98d2020f970"}, {"id": 390784, "translated_question": "Where did they bite you?", "translated_answer": "Right arm", "question_id": 2, "question": "question_2", "answer_id": 23, "answer": "question_2_answer_23", "answer_value": "3", "report": "2d6b117d-3287-48ec-9442-e98d2020f970"}, {"id": 390785, "translated_question": "Where did they bite you?", "translated_answer": "Left arm", "question_id": 2, "question": "question_2", "answer_id": 22, "answer": "question_2_answer_22", "answer_value": "2", "report": "2d6b117d-3287-48ec-9442-e98d2020f970"}, {"id": 390786, "translated_question": "Where did they bite you?", "translated_answer": "Chest", "question_id": 2, "question": "question_2", "answer_id": 24, "answer": "question_2_answer_24", "answer_value": "1", "report": "2d6b117d-3287-48ec-9442-e98d2020f970"}, {"id": 390787, "translated_question": "Where did they bite you?", "translated_answer": "Head", "question_id": 2, "question": "question_2", "answer_id": 21, "answer": "question_2_answer_21", "answer_value": "2", "report": "2d6b117d-3287-48ec-9442-e98d2020f970"}, {"id": 390788, "translated_question": "Where did they bite you?", "translated_answer": "Inside a building", "question_id": 4, "question": "question_4", "answer_id": 42, "answer": "question_4_answer_42", "answer_value": null, "report": "2d6b117d-3287-48ec-9442-e98d2020f970"}, {"id": 390789, "translated_question": "When were you bitten?", "translated_answer": "Just now", "question_id": 5, "question": "question_5", "answer_id": 51, "answer": "question_5_answer_51", "answer_value": null, "report": "2d6b117d-3287-48ec-9442-e98d2020f970"}], "country": null, "cached_visible": null, "point": "SRID=4326;POINT (81.5427828 17.1025484)", "nuts_3": null, "nuts_2": null, "ia_filter_1": null, "ia_filter_2": null, "session": null}, {"version_UUID": "8169e7eb-7fd8-4cc5-9180-fb7b9b1a87aa", "creation_time": "2023-01-03T10:18:23.493788Z", "creation_date": "2023-01-03", "creation_day_since_launch": 3126, "creation_year": 2023, "creation_month": 1, "site_cat": 5, "type": "adult", "lon": 5.876348800957203, "lat": 49.59705725210971, "movelab_annotation": {"edited_user_notes": "Dieses Foto zeigt ein Insekt, das keine echte Stechm\u00fccke aus der Familie der Culicidae ist. Unter www.mosquitoalert.com findest du Tricks und Tipps zum Fangen und Fotografieren dieser Insekten. Bitte sende weitere Fotos!", "photo_html": "<a href=\"/media/tigapics/f7f89cf4-c435-46d3-bdd3-01c3ba3cff17.jpg\" target=\"_blank\"><img src=\"/media/tigapics_popups/f7f89cf4-c435-46d3-bdd3-01c3ba3cff17.jpg\"></a>", "tiger_certainty_category": -2, "aegypti_certainty_category": -2, "score": -2, "classification": "none"}, "movelab_annotation_euro": {"edited_user_notes": "Dieses Foto zeigt ein Insekt, das keine echte Stechm\u00fccke aus der Familie der Culicidae ist. Unter www.mosquitoalert.com findest du Tricks und Tipps zum Fangen und Fotografieren dieser Insekten. Bitte sende weitere Fotos!", "photo_html": "<a href=\"/media/tigapics/f7f89cf4-c435-46d3-bdd3-01c3ba3cff17.jpg\" target=\"_blank\"><img src=\"/media/tigapics_popups/f7f89cf4-c435-46d3-bdd3-01c3ba3cff17.jpg\"></a>", "class_name": "Other species", "class_label": "other-species", "class_id": 2, "class_value": null}, "tiger_responses": {}, "tiger_responses_text": {"question_6": "question_6_answer_64", "question_13": "question_13_answer_132"}, "site_responses": null, "site_responses_text": null, "tigaprob_cat": 0, "visible": true, "latest_version": true, "n_photos": 1, "final_expert_status_text": 1, "responses": [{"id": 390767, "translated_question": "Welche Stechm\u00fcckenart war es deiner Meinung nach?", "translated_answer": "Ich wei\u00df nicht", "question_id": 6, "question": "question_6", "answer_id": 64, "answer": "question_6_answer_64", "answer_value": null, "report": "8169e7eb-7fd8-4cc5-9180-fb7b9b1a87aa"}, {"id": 390768, "translated_question": "Wo hast du die Stechm\u00fccke gefunden?", "translated_answer": "In einem Geb\u00e4ude", "question_id": 13, "question": "question_13", "answer_id": 132, "answer": "question_13_answer_132", "answer_value": null, "report": "8169e7eb-7fd8-4cc5-9180-fb7b9b1a87aa"}], "country": "LUX", "cached_visible": null, "point": "SRID=4326;POINT (5.876348800957203 49.59705725210971)", "nuts_3": "LU000", "nuts_2": "LU00", "ia_filter_1": 0.8181818181818181, "ia_filter_2": 0.16666666666666666, "session": null}, {"version_UUID": "383ed9cc-9755-49c8-ad0d-08c2784faa36", "creation_time": "2023-01-03T21:10:04.312810Z", "creation_date": "2023-01-03", "creation_day_since_launch": 3126, "creation_year": 2023, "creation_month": 1, "site_cat": 5, "type": "bite", "lon": 10.4602238, "lat": 43.7581119, "movelab_annotation": null, "movelab_annotation_euro": null, "tiger_responses": null, "tiger_responses_text": null, "site_responses": null, "site_responses_text": null, "tigaprob_cat": 0, "visible": true, "latest_version": true, "n_photos": 0, "final_expert_status_text": 1, "responses": [{"id": 390792, "translated_question": "Quante punture hai ricevuto e in che parte del corpo?", "translated_answer": "", "question_id": 1, "question": "question_1", "answer_id": 11, "answer": "N/A", "answer_value": "1", "report": "383ed9cc-9755-49c8-ad0d-08c2784faa36"}, {"id": 390793, "translated_question": "Dove ti hanno punto?", "translated_answer": "Braccio sinistro", "question_id": 2, "question": "question_2", "answer_id": 22, "answer": "question_2_answer_22", "answer_value": "1", "report": "383ed9cc-9755-49c8-ad0d-08c2784faa36"}, {"id": 390794, "translated_question": "Dove eri quando ti hanno punto?", "translated_answer": "All'aperto", "question_id": 4, "question": "question_4", "answer_id": 43, "answer": "question_4_answer_43", "answer_value": null, "report": "383ed9cc-9755-49c8-ad0d-08c2784faa36"}, {"id": 390795, "translated_question": "Quando ti hanno punto?", "translated_answer": "Nelle ultime 24 ore", "question_id": 5, "question": "question_5", "answer_id": 52, "answer": "question_5_answer_52", "answer_value": null, "report": "383ed9cc-9755-49c8-ad0d-08c2784faa36"}, {"id": 390796, "translated_question": "Quando \u00e8 successo?", "translated_answer": "Pomeriggio", "question_id": 3, "question": "question_3", "answer_id": 33, "answer": "question_3_answer_33", "answer_value": null, "report": "383ed9cc-9755-49c8-ad0d-08c2784faa36"}], "country": "ITA", "cached_visible": null, "point": "SRID=4326;POINT (10.4602238 43.7581119)", "nuts_3": "ITI17", "nuts_2": "ITI1", "ia_filter_1": null, "ia_filter_2": null, "session": null}, {"version_UUID": "e0020331-d7d1-4dda-bb2e-254de46abd9b", "creation_time": "2023-01-04T00:24:14.281932Z", "creation_date": "2023-01-04", "creation_day_since_launch": 3127, "creation_year": 2023, "creation_month": 1, "site_cat": 5, "type": "adult", "lon": 81.5427828, "lat": 17.1025484, "movelab_annotation": null, "movelab_annotation_euro": null, "tiger_responses": {}, "tiger_responses_text": {"question_6": "question_6_answer_64", "question_13": "question_13_answer_132"}, "site_responses": null, "site_responses_text": null, "tigaprob_cat": 0, "visible": true, "latest_version": true, "n_photos": 0, "final_expert_status_text": 1, "responses": [{"id": 390781, "translated_question": "What type of mosquito do you think it was?", "translated_answer": "I don't know", "question_id": 6, "question": "question_6", "answer_id": 64, "answer": "question_6_answer_64", "answer_value": null, "report": "e0020331-d7d1-4dda-bb2e-254de46abd9b"}, {"id": 390782, "translated_question": "Where did you find the mosquito?", "translated_answer": "In a building", "question_id": 13, "question": "question_13", "answer_id": 132, "answer": "question_13_answer_132", "answer_value": null, "report": "e0020331-d7d1-4dda-bb2e-254de46abd9b"}], "country": null, "cached_visible": null, "point": "SRID=4326;POINT (81.5427828 17.1025484)", "nuts_3": null, "nuts_2": null, "ia_filter_1": -2.0, "ia_filter_2": -1.0, "session": null}, {"version_UUID": "638b6d25-0f6e-497f-bcea-3de46f90128f", "creation_time": "2023-01-03T21:47:46.095860Z", "creation_date": "2023-01-03", "creation_day_since_launch": 3126, "creation_year": 2023, "creation_month": 1, "site_cat": 5, "type": "adult", "lon": 12.4943361, "lat": 41.9087071, "movelab_annotation": null, "movelab_annotation_euro": null, "tiger_responses": {}, "tiger_responses_text": {"question_6": "question_6_answer_64", "question_13": "question_13_answer_132"}, "site_responses": null, "site_responses_text": null, "tigaprob_cat": 0, "visible": true, "latest_version": true, "n_photos": 0, "final_expert_status_text": 1, "responses": [{"id": 390799, "translated_question": "\u00bfQu\u00e9 tipo de mosquito crees que es?", "translated_answer": "No lo s\u00e9", "question_id": 6, "question": "question_6", "answer_id": 64, "answer": "question_6_answer_64", "answer_value": null, "report": "638b6d25-0f6e-497f-bcea-3de46f90128f"}, {"id": 390800, "translated_question": "\u00bfD\u00f3nde has encontrado el mosquito?", "translated_answer": "Dentro de un edificio", "question_id": 13, "question": "question_13", "answer_id": 132, "answer": "question_13_answer_132", "answer_value": null, "report": "638b6d25-0f6e-497f-bcea-3de46f90128f"}], "country": "ITA", "cached_visible": null, "point": "SRID=4326;POINT (12.4943361 41.9087071)", "nuts_3": "ITI43", "nuts_2": "ITI4", "ia_filter_1": -2.0, "ia_filter_2": -1.0, "session": null}, {"version_UUID": "13e66e34-e471-494c-81e7-23356b6b40e9", "creation_time": "2023-01-03T21:26:46.352841Z", "creation_date": "2023-01-03", "creation_day_since_launch": 3126, "creation_year": 2023, "creation_month": 1, "site_cat": 5, "type": "adult", "lon": 20.7239052, "lat": 48.2434414, "movelab_annotation": null, "movelab_annotation_euro": null, "tiger_responses": {}, "tiger_responses_text": {"question_6": "question_6_answer_64", "question_13": "question_13_answer_132"}, "site_responses": null, "site_responses_text": null, "tigaprob_cat": 0, "visible": true, "latest_version": true, "n_photos": 0, "final_expert_status_text": 1, "responses": [{"id": 390797, "translated_question": "Mit gondolsz milyen sz\u00fanyog volt?", "translated_answer": "Nem tudom", "question_id": 6, "question": "question_6", "answer_id": 64, "answer": "question_6_answer_64", "answer_value": null, "report": "13e66e34-e471-494c-81e7-23356b6b40e9"}, {"id": 390798, "translated_question": "Hol tal\u00e1ltad a sz\u00fanyogot?", "translated_answer": "Egy \u00e9p\u00fcletben", "question_id": 13, "question": "question_13", "answer_id": 132, "answer": "question_13_answer_132", "answer_value": null, "report": "13e66e34-e471-494c-81e7-23356b6b40e9"}], "country": "HUN", "cached_visible": null, "point": "SRID=4326;POINT (20.7239052 48.2434414)", "nuts_3": "HU311", "nuts_2": "HU31", "ia_filter_1": -2.0, "ia_filter_2": -1.0, "session": null}, {"version_UUID": "0c1d5fec-be82-469d-8153-46502bd555e9", "creation_time": "2023-01-04T00:03:40.752574Z", "creation_date": "2023-01-04", "creation_day_since_launch": 3127, "creation_year": 2023, "creation_month": 1, "site_cat": 5, "type": "bite", "lon": 4.3793943, "lat": 51.9196775, "movelab_annotation": null, "movelab_annotation_euro": null, "tiger_responses": null, "tiger_responses_text": null, "site_responses": null, "site_responses_text": null, "tigaprob_cat": 0, "visible": true, "latest_version": true, "n_photos": 0, "final_expert_status_text": 1, "responses": [{"id": 390811, "translated_question": "Hoeveel muggenbeten heeft u en waar bevinden ze zich op uw lichaam?", "translated_answer": "", "question_id": 1, "question": "question_1", "answer_id": 11, "answer": "N/A", "answer_value": "1", "report": "0c1d5fec-be82-469d-8153-46502bd555e9"}, {"id": 390812, "translated_question": "Waar bent u gebeten?", "translated_answer": "Linker arm", "question_id": 2, "question": "question_2", "answer_id": 22, "answer": "question_2_answer_22", "answer_value": "1", "report": "0c1d5fec-be82-469d-8153-46502bd555e9"}, {"id": 390813, "translated_question": "Waar bent u gebeten?", "translated_answer": "In een gebouw", "question_id": 4, "question": "question_4", "answer_id": 42, "answer": "question_4_answer_42", "answer_value": null, "report": "0c1d5fec-be82-469d-8153-46502bd555e9"}, {"id": 390814, "translated_question": "Wanneer bent u gebeten?", "translated_answer": "In de afgelopen 24 uur", "question_id": 5, "question": "question_5", "answer_id": 52, "answer": "question_5_answer_52", "answer_value": null, "report": "0c1d5fec-be82-469d-8153-46502bd555e9"}, {"id": 390815, "translated_question": "Op welk moment van de dag?", "translated_answer": "Nacht", "question_id": 3, "question": "question_3", "answer_id": 34, "answer": "question_3_answer_34", "answer_value": null, "report": "0c1d5fec-be82-469d-8153-46502bd555e9"}], "country": "NLD", "cached_visible": null, "point": "SRID=4326;POINT (4.3793943 51.9196775)", "nuts_3": "NL33C", "nuts_2": "NL33", "ia_filter_1": null, "ia_filter_2": null, "session": null}, {"version_UUID": "560d800d-e6ea-49b2-948f-3b01e5b93017", "creation_time": "2023-01-03T21:48:06.238022Z", "creation_date": "2023-01-03", "creation_day_since_launch": 3126, "creation_year": 2023, "creation_month": 1, "site_cat": 5, "type": "bite", "lon": 12.4943361, "lat": 41.9087071, "movelab_annotation": null, "movelab_annotation_euro": null, "tiger_responses": null, "tiger_responses_text": null, "site_responses": null, "site_responses_text": null, "tigaprob_cat": 0, "visible": true, "latest_version": true, "n_photos": 0, "final_expert_status_text": 1, "responses": [{"id": 390801, "translated_question": "\u00bfCu\u00e1ntas picaduras tienes y en qu\u00e9 parte del cuerpo?", "translated_answer": "", "question_id": 1, "question": "question_1", "answer_id": 11, "answer": "N/A", "answer_value": "1", "report": "560d800d-e6ea-49b2-948f-3b01e5b93017"}, {"id": 390802, "translated_question": "\u00bfDonde te han picado?", "translated_answer": "Brazo derecho", "question_id": 2, "question": "question_2", "answer_id": 23, "answer": "question_2_answer_23", "answer_value": "1", "report": "560d800d-e6ea-49b2-948f-3b01e5b93017"}, {"id": 390803, "translated_question": "\u00bfD\u00f3nde te han picado?", "translated_answer": "Dentro de un edificio", "question_id": 4, "question": "question_4", "answer_id": 42, "answer": "question_4_answer_42", "answer_value": null, "report": "560d800d-e6ea-49b2-948f-3b01e5b93017"}, {"id": 390804, "translated_question": "\u00bfCuando te han picado?", "translated_answer": "En las \u00faltimas 24h", "question_id": 5, "question": "question_5", "answer_id": 52, "answer": "question_5_answer_52", "answer_value": null, "report": "560d800d-e6ea-49b2-948f-3b01e5b93017"}, {"id": 390805, "translated_question": "\u00bfEn qu\u00e9 momento ha sido?", "translated_answer": "Noche", "question_id": 3, "question": "question_3", "answer_id": 34, "answer": "question_3_answer_34", "answer_value": null, "report": "560d800d-e6ea-49b2-948f-3b01e5b93017"}], "country": "ITA", "cached_visible": null, "point": "SRID=4326;POINT (12.4943361 41.9087071)", "nuts_3": "ITI43", "nuts_2": "ITI4", "ia_filter_1": null, "ia_filter_2": null, "session": null}, {"version_UUID": "5ac0e541-696b-4634-bb01-3b7673c2b3bb", "creation_time": "2023-01-03T22:13:42.088038Z", "creation_date": "2023-01-03", "creation_day_since_launch": 3126, "creation_year": 2023, "creation_month": 1, "site_cat": 5, "type": "bite", "lon": -76.4900853, "lat": 3.4699945, "movelab_annotation": null, "movelab_annotation_euro": null, "tiger_responses": null, "tiger_responses_text": null, "site_responses": null, "site_responses_text": null, "tigaprob_cat": 0, "visible": true, "latest_version": true, "n_photos": 0, "final_expert_status_text": 1, "responses": [{"id": 390828, "translated_question": "How many bites do you have and where are they on your body?", "translated_answer": "", "question_id": 1, "question": "question_1", "answer_id": 11, "answer": "N/A", "answer_value": "1", "report": "5ac0e541-696b-4634-bb01-3b7673c2b3bb"}, {"id": 390829, "translated_question": "Where did they bite you?", "translated_answer": "Right leg", "question_id": 2, "question": "question_2", "answer_id": 26, "answer": "question_2_answer_26", "answer_value": "1", "report": "5ac0e541-696b-4634-bb01-3b7673c2b3bb"}, {"id": 390830, "translated_question": "When were you bitten?", "translated_answer": "Just now", "question_id": 5, "question": "question_5", "answer_id": 51, "answer": "question_5_answer_51", "answer_value": null, "report": "5ac0e541-696b-4634-bb01-3b7673c2b3bb"}, {"id": 390831, "translated_question": "Where did they bite you?", "translated_answer": "I don't know", "question_id": 4, "question": "question_4", "answer_id": 44, "answer": "question_4_answer_44", "answer_value": null, "report": "5ac0e541-696b-4634-bb01-3b7673c2b3bb"}], "country": null, "cached_visible": null, "point": "SRID=4326;POINT (-76.4900853 3.4699945)", "nuts_3": null, "nuts_2": null, "ia_filter_1": null, "ia_filter_2": null, "session": null}, {"version_UUID": "aa2b9eef-33d7-4a4a-af4c-a35bdcfc6627", "creation_time": "2023-01-04T00:16:51.424696Z", "creation_date": "2023-01-04", "creation_day_since_launch": 3127, "creation_year": 2023, "creation_month": 1, "site_cat": 5, "type": "bite", "lon": 4.3793909, "lat": 51.9196779, "movelab_annotation": null, "movelab_annotation_euro": null, "tiger_responses": null, "tiger_responses_text": null, "site_responses": null, "site_responses_text": null, "tigaprob_cat": 0, "visible": true, "latest_version": true, "n_photos": 0, "final_expert_status_text": 1, "responses": [{"id": 390816, "translated_question": "Hoeveel muggenbeten heeft u en waar bevinden ze zich op uw lichaam?", "translated_answer": "", "question_id": 1, "question": "question_1", "answer_id": 11, "answer": "N/A", "answer_value": "1", "report": "aa2b9eef-33d7-4a4a-af4c-a35bdcfc6627"}, {"id": 390817, "translated_question": "Waar bent u gebeten?", "translated_answer": "Linker arm", "question_id": 2, "question": "question_2", "answer_id": 22, "answer": "question_2_answer_22", "answer_value": "1", "report": "aa2b9eef-33d7-4a4a-af4c-a35bdcfc6627"}, {"id": 390818, "translated_question": "Waar bent u gebeten?", "translated_answer": "In een gebouw", "question_id": 4, "question": "question_4", "answer_id": 42, "answer": "question_4_answer_42", "answer_value": null, "report": "aa2b9eef-33d7-4a4a-af4c-a35bdcfc6627"}, {"id": 390819, "translated_question": "Wanneer bent u gebeten?", "translated_answer": "In de afgelopen 24 uur", "question_id": 5, "question": "question_5", "answer_id": 52, "answer": "question_5_answer_52", "answer_value": null, "report": "aa2b9eef-33d7-4a4a-af4c-a35bdcfc6627"}, {"id": 390820, "translated_question": "Op welk moment van de dag?", "translated_answer": "Nacht", "question_id": 3, "question": "question_3", "answer_id": 34, "answer": "question_3_answer_34", "answer_value": null, "report": "aa2b9eef-33d7-4a4a-af4c-a35bdcfc6627"}], "country": "NLD", "cached_visible": null, "point": "SRID=4326;POINT (4.3793909 51.9196779)", "nuts_3": "NL33C", "nuts_2": "NL33", "ia_filter_1": null, "ia_filter_2": null, "session": null}, {"version_UUID": "3b385543-8baf-4b6d-8a3c-64a585aae4d6", "creation_time": "2023-01-03T22:13:19.950515Z", "creation_date": "2023-01-03", "creation_day_since_launch": 3126, "creation_year": 2023, "creation_month": 1, "site_cat": 5, "type": "adult", "lon": -76.4900853, "lat": 3.4699945, "movelab_annotation": null, "movelab_annotation_euro": null, "tiger_responses": {}, "tiger_responses_text": {"question_6": "question_6_answer_61", "question_7": "question_7_answer_733", "question_13": "question_13_answer_133"}, "site_responses": null, "site_responses_text": null, "tigaprob_cat": 0, "visible": true, "latest_version": true, "n_photos": 0, "final_expert_status_text": 1, "responses": [{"id": 390823, "translated_question": "What type of mosquito do you think it was?", "translated_answer": "Invasive Aedes", "question_id": 6, "question": "question_6", "answer_id": 61, "answer": "question_6_answer_61", "answer_value": null, "report": "3b385543-8baf-4b6d-8a3c-64a585aae4d6"}, {"id": 390824, "translated_question": "What does the mosquito look like?", "translated_answer": "Thorax 1", "question_id": 7, "question": "question_7", "answer_id": 711, "answer": "question_7_answer_711", "answer_value": null, "report": "3b385543-8baf-4b6d-8a3c-64a585aae4d6"}, {"id": 390825, "translated_question": "What does the mosquito look like?", "translated_answer": "Abdomen 4", "question_id": 7, "question": "question_7", "answer_id": 724, "answer": "question_7_answer_724", "answer_value": null, "report": "3b385543-8baf-4b6d-8a3c-64a585aae4d6"}, {"id": 390826, "translated_question": "What does the mosquito look like?", "translated_answer": "Leg 3", "question_id": 7, "question": "question_7", "answer_id": 733, "answer": "question_7_answer_733", "answer_value": null, "report": "3b385543-8baf-4b6d-8a3c-64a585aae4d6"}, {"id": 390827, "translated_question": "Where did you find the mosquito?", "translated_answer": "Outdoors", "question_id": 13, "question": "question_13", "answer_id": 133, "answer": "question_13_answer_133", "answer_value": null, "report": "3b385543-8baf-4b6d-8a3c-64a585aae4d6"}], "country": null, "cached_visible": null, "point": "SRID=4326;POINT (-76.4900853 3.4699945)", "nuts_3": null, "nuts_2": null, "ia_filter_1": -2.0, "ia_filter_2": -1.0, "session": null}, {"version_UUID": "038de7e7-2a06-41df-9c9c-e9740e41ffc6", "creation_time": "2023-01-03T21:10:44.887085Z", "creation_date": "2023-01-03", "creation_day_since_launch": 3126, "creation_year": 2023, "creation_month": 1, "site_cat": 5, "type": "adult", "lon": -79.3144408, "lat": -1.2053844, "movelab_annotation": null, "movelab_annotation_euro": null, "tiger_responses": {}, "tiger_responses_text": {"question_6": "question_6_answer_62", "question_13": "question_13_answer_132"}, "site_responses": null, "site_responses_text": null, "tigaprob_cat": 0, "visible": true, "latest_version": true, "n_photos": 0, "final_expert_status_text": 1, "responses": [{"id": 390821, "translated_question": "\u00bfQu\u00e9 tipo de mosquito crees que es?", "translated_answer": "Mosquito com\u00fan", "question_id": 6, "question": "question_6", "answer_id": 62, "answer": "question_6_answer_62", "answer_value": null, "report": "038de7e7-2a06-41df-9c9c-e9740e41ffc6"}, {"id": 390822, "translated_question": "\u00bfD\u00f3nde has encontrado el mosquito?", "translated_answer": "Dentro de un edificio", "question_id": 13, "question": "question_13", "answer_id": 132, "answer": "question_13_answer_132", "answer_value": null, "report": "038de7e7-2a06-41df-9c9c-e9740e41ffc6"}], "country": "ECU", "cached_visible": null, "point": "SRID=4326;POINT (-79.3144408 -1.2053844)", "nuts_3": null, "nuts_2": null, "ia_filter_1": -2.0, "ia_filter_2": -1.0, "session": null}, {"version_UUID": "303cd0f3-82ae-4791-af01-6958d12687f5", "creation_time": "2023-01-04T18:22:35.526833Z", "creation_date": "2023-01-04", "creation_day_since_launch": 3127, "creation_year": 2023, "creation_month": 1, "site_cat": 5, "type": "adult", "lon": 102.8065114, "lat": 16.4481822, "movelab_annotation": null, "movelab_annotation_euro": null, "tiger_responses": {}, "tiger_responses_text": {"question_6": "question_6_answer_62", "question_13": "question_13_answer_133"}, "site_responses": null, "site_responses_text": null, "tigaprob_cat": 0, "visible": true, "latest_version": true, "n_photos": 0, "final_expert_status_text": 1, "responses": [{"id": 390846, "translated_question": "What type of mosquito do you think it was?", "translated_answer": "Common mosquito", "question_id": 6, "question": "question_6", "answer_id": 62, "answer": "question_6_answer_62", "answer_value": null, "report": "303cd0f3-82ae-4791-af01-6958d12687f5"}, {"id": 390847, "translated_question": "Where did you find the mosquito?", "translated_answer": "Outdoors", "question_id": 13, "question": "question_13", "answer_id": 133, "answer": "question_13_answer_133", "answer_value": null, "report": "303cd0f3-82ae-4791-af01-6958d12687f5"}], "country": null, "cached_visible": null, "point": "SRID=4326;POINT (102.8065114 16.4481822)", "nuts_3": null, "nuts_2": null, "ia_filter_1": -2.0, "ia_filter_2": -1.0, "session": null}, {"version_UUID": "b444d099-2952-4371-97f2-cf1fce29a65a", "creation_time": "2023-01-03T22:58:17.554340Z", "creation_date": "2023-01-03", "creation_day_since_launch": 3126, "creation_year": 2023, "creation_month": 1, "site_cat": 5, "type": "adult", "lon": -77.0542487, "lat": -11.9840567, "movelab_annotation": null, "movelab_annotation_euro": null, "tiger_responses": {}, "tiger_responses_text": {"question_6": "question_6_answer_61", "question_7": "question_7_answer_731", "question_13": "question_13_answer_133"}, "site_responses": null, "site_responses_text": null, "tigaprob_cat": 0, "visible": true, "latest_version": true, "n_photos": 0, "final_expert_status_text": 1, "responses": [{"id": 390832, "translated_question": "\u00bfQu\u00e9 tipo de mosquito crees que es?", "translated_answer": "Aedes invasor", "question_id": 6, "question": "question_6", "answer_id": 61, "answer": "question_6_answer_61", "answer_value": null, "report": "b444d099-2952-4371-97f2-cf1fce29a65a"}, {"id": 390833, "translated_question": "\u00bfC\u00f3mo es el mosquito?", "translated_answer": "Pata 1", "question_id": 7, "question": "question_7", "answer_id": 731, "answer": "question_7_answer_731", "answer_value": null, "report": "b444d099-2952-4371-97f2-cf1fce29a65a"}, {"id": 390834, "translated_question": "\u00bfD\u00f3nde has encontrado el mosquito?", "translated_answer": "En el exterior", "question_id": 13, "question": "question_13", "answer_id": 133, "answer": "question_13_answer_133", "answer_value": null, "report": "b444d099-2952-4371-97f2-cf1fce29a65a"}], "country": null, "cached_visible": null, "point": "SRID=4326;POINT (-77.0542487 -11.9840567)", "nuts_3": null, "nuts_2": null, "ia_filter_1": -2.0, "ia_filter_2": -1.0, "session": null}, {"version_UUID": "74e4b0b3-2219-4fd5-ad27-99cf9d14338a", "creation_time": "2023-01-04T18:23:39.966151Z", "creation_date": "2023-01-04", "creation_day_since_launch": 3127, "creation_year": 2023, "creation_month": 1, "site_cat": 5, "type": "bite", "lon": 102.8065114, "lat": 16.4481822, "movelab_annotation": null, "movelab_annotation_euro": null, "tiger_responses": null, "tiger_responses_text": null, "site_responses": null, "site_responses_text": null, "tigaprob_cat": 0, "visible": true, "latest_version": true, "n_photos": 0, "final_expert_status_text": 1, "responses": [{"id": 390848, "translated_question": "How many bites do you have and where are they on your body?", "translated_answer": "", "question_id": 1, "question": "question_1", "answer_id": 11, "answer": "N/A", "answer_value": "2", "report": "74e4b0b3-2219-4fd5-ad27-99cf9d14338a"}, {"id": 390849, "translated_question": "Where did they bite you?", "translated_answer": "Outdoors", "question_id": 4, "question": "question_4", "answer_id": 43, "answer": "question_4_answer_43", "answer_value": null, "report": "74e4b0b3-2219-4fd5-ad27-99cf9d14338a"}, {"id": 390850, "translated_question": "When were you bitten?", "translated_answer": "Just now", "question_id": 5, "question": "question_5", "answer_id": 51, "answer": "question_5_answer_51", "answer_value": null, "report": "74e4b0b3-2219-4fd5-ad27-99cf9d14338a"}, {"id": 390851, "translated_question": "Where did they bite you?", "translated_answer": "Chest", "question_id": 2, "question": "question_2", "answer_id": 24, "answer": "question_2_answer_24", "answer_value": "1", "report": "74e4b0b3-2219-4fd5-ad27-99cf9d14338a"}, {"id": 390852, "translated_question": "Where did they bite you?", "translated_answer": "Right leg", "question_id": 2, "question": "question_2", "answer_id": 26, "answer": "question_2_answer_26", "answer_value": "1", "report": "74e4b0b3-2219-4fd5-ad27-99cf9d14338a"}], "country": null, "cached_visible": null, "point": "SRID=4326;POINT (102.8065114 16.4481822)", "nuts_3": null, "nuts_2": null, "ia_filter_1": null, "ia_filter_2": null, "session": null}, {"version_UUID": "c4244661-a939-424d-9b93-3723d7b1afb6", "creation_time": "2023-01-04T01:51:11.153565Z", "creation_date": "2023-01-04", "creation_day_since_launch": 3127, "creation_year": 2023, "creation_month": 1, "site_cat": 5, "type": "bite", "lon": -71.6810844, "lat": -33.385387, "movelab_annotation": null, "movelab_annotation_euro": null, "tiger_responses": null, "tiger_responses_text": null, "site_responses": null, "site_responses_text": null, "tigaprob_cat": 0, "visible": true, "latest_version": true, "n_photos": 0, "final_expert_status_text": 1, "responses": [{"id": 390835, "translated_question": "\u00bfCu\u00e1ntas picaduras tienes y en qu\u00e9 parte del cuerpo?", "translated_answer": "", "question_id": 1, "question": "question_1", "answer_id": 11, "answer": "N/A", "answer_value": "1", "report": "c4244661-a939-424d-9b93-3723d7b1afb6"}, {"id": 390836, "translated_question": "\u00bfDonde te han picado?", "translated_answer": "Cabeza", "question_id": 2, "question": "question_2", "answer_id": 21, "answer": "question_2_answer_21", "answer_value": "1", "report": "c4244661-a939-424d-9b93-3723d7b1afb6"}, {"id": 390837, "translated_question": "\u00bfD\u00f3nde te han picado?", "translated_answer": "No lo s\u00e9", "question_id": 4, "question": "question_4", "answer_id": 44, "answer": "question_4_answer_44", "answer_value": null, "report": "c4244661-a939-424d-9b93-3723d7b1afb6"}, {"id": 390838, "translated_question": "\u00bfCuando te han picado?", "translated_answer": "Ahora mismo", "question_id": 5, "question": "question_5", "answer_id": 51, "answer": "question_5_answer_51", "answer_value": null, "report": "c4244661-a939-424d-9b93-3723d7b1afb6"}], "country": null, "cached_visible": null, "point": "SRID=4326;POINT (-71.6810844 -33.385387)", "nuts_3": null, "nuts_2": null, "ia_filter_1": null, "ia_filter_2": null, "session": null}, {"version_UUID": "a5653334-8907-42d2-bf0a-331c54a92dfa", "creation_time": "2023-01-04T18:24:24.570389Z", "creation_date": "2023-01-04", "creation_day_since_launch": 3127, "creation_year": 2023, "creation_month": 1, "site_cat": 5, "type": "adult", "lon": 102.8065117, "lat": 16.4481751, "movelab_annotation": null, "movelab_annotation_euro": null, "tiger_responses": {}, "tiger_responses_text": {"question_6": "question_6_answer_62", "question_13": "question_13_answer_133"}, "site_responses": null, "site_responses_text": null, "tigaprob_cat": 0, "visible": true, "latest_version": true, "n_photos": 0, "final_expert_status_text": 1, "responses": [{"id": 390853, "translated_question": "What type of mosquito do you think it was?", "translated_answer": "Common mosquito", "question_id": 6, "question": "question_6", "answer_id": 62, "answer": "question_6_answer_62", "answer_value": null, "report": "a5653334-8907-42d2-bf0a-331c54a92dfa"}, {"id": 390854, "translated_question": "Where did you find the mosquito?", "translated_answer": "Outdoors", "question_id": 13, "question": "question_13", "answer_id": 133, "answer": "question_13_answer_133", "answer_value": null, "report": "a5653334-8907-42d2-bf0a-331c54a92dfa"}], "country": null, "cached_visible": null, "point": "SRID=4326;POINT (102.8065117 16.4481751)", "nuts_3": null, "nuts_2": null, "ia_filter_1": -2.0, "ia_filter_2": -1.0, "session": null}, {"version_UUID": "13019500-96d8-4603-a708-a7a808ddfe46", "creation_time": "2023-01-04T10:26:46.144624Z", "creation_date": "2023-01-04", "creation_day_since_launch": 3127, "creation_year": 2023, "creation_month": 1, "site_cat": 5, "type": "bite", "lon": -0.8029206, "lat": 37.8093832, "movelab_annotation": null, "movelab_annotation_euro": null, "tiger_responses": null, "tiger_responses_text": null, "site_responses": null, "site_responses_text": null, "tigaprob_cat": 0, "visible": true, "latest_version": true, "n_photos": 0, "final_expert_status_text": 1, "responses": [{"id": 390841, "translated_question": "How many bites do you have and where are they on your body?", "translated_answer": "", "question_id": 1, "question": "question_1", "answer_id": 11, "answer": "N/A", "answer_value": "3", "report": "13019500-96d8-4603-a708-a7a808ddfe46"}, {"id": 390842, "translated_question": "Where did they bite you?", "translated_answer": "Head", "question_id": 2, "question": "question_2", "answer_id": 21, "answer": "question_2_answer_21", "answer_value": "3", "report": "13019500-96d8-4603-a708-a7a808ddfe46"}, {"id": 390843, "translated_question": "Where did they bite you?", "translated_answer": "Inside a building", "question_id": 4, "question": "question_4", "answer_id": 42, "answer": "question_4_answer_42", "answer_value": null, "report": "13019500-96d8-4603-a708-a7a808ddfe46"}, {"id": 390844, "translated_question": "When were you bitten?", "translated_answer": "In the last 24 hours", "question_id": 5, "question": "question_5", "answer_id": 52, "answer": "question_5_answer_52", "answer_value": null, "report": "13019500-96d8-4603-a708-a7a808ddfe46"}, {"id": 390845, "translated_question": "What time was it?", "translated_answer": "Night", "question_id": 3, "question": "question_3", "answer_id": 34, "answer": "question_3_answer_34", "answer_value": null, "report": "13019500-96d8-4603-a708-a7a808ddfe46"}], "country": "ESP", "cached_visible": null, "point": "SRID=4326;POINT (-0.8029206 37.8093832)", "nuts_3": "ES620", "nuts_2": "ES62", "ia_filter_1": null, "ia_filter_2": null, "session": null}, {"version_UUID": "cbdc9bf5-b9d9-401f-bf7d-aefd3b0b7230", "creation_time": "2023-01-04T15:53:13.369655Z", "creation_date": "2023-01-04", "creation_day_since_launch": 3127, "creation_year": 2023, "creation_month": 1, "site_cat": 5, "type": "adult", "lon": 47.5173375, "lat": -18.9107905, "movelab_annotation": null, "movelab_annotation_euro": null, "tiger_responses": {}, "tiger_responses_text": {"question_6": "question_6_answer_61", "question_7": "question_7_answer_724", "question_13": "question_13_answer_132"}, "site_responses": null, "site_responses_text": null, "tigaprob_cat": 0, "visible": true, "latest_version": true, "n_photos": 0, "final_expert_status_text": 1, "responses": [{"id": 390867, "translated_question": "Selon vous, de quelle esp\u00e8ce de moustique s'agissait-il?", "translated_answer": "Aedes envahissant", "question_id": 6, "question": "question_6", "answer_id": 61, "answer": "question_6_answer_61", "answer_value": null, "report": "cbdc9bf5-b9d9-401f-bf7d-aefd3b0b7230"}, {"id": 390868, "translated_question": "De quoi a l'air le moustique?", "translated_answer": "Thorax 1", "question_id": 7, "question": "question_7", "answer_id": 711, "answer": "question_7_answer_711", "answer_value": null, "report": "cbdc9bf5-b9d9-401f-bf7d-aefd3b0b7230"}, {"id": 390869, "translated_question": "De quoi a l'air le moustique?", "translated_answer": "Abdomen 4", "question_id": 7, "question": "question_7", "answer_id": 724, "answer": "question_7_answer_724", "answer_value": null, "report": "cbdc9bf5-b9d9-401f-bf7d-aefd3b0b7230"}, {"id": 390870, "translated_question": "O\u00f9 avez-vous trouv\u00e9 le moustique?", "translated_answer": "Dans un b\u00e2timent", "question_id": 13, "question": "question_13", "answer_id": 132, "answer": "question_13_answer_132", "answer_value": null, "report": "cbdc9bf5-b9d9-401f-bf7d-aefd3b0b7230"}], "country": null, "cached_visible": null, "point": "SRID=4326;POINT (47.5173375 -18.9107905)", "nuts_3": null, "nuts_2": null, "ia_filter_1": -2.0, "ia_filter_2": -1.0, "session": null}, {"version_UUID": "2719b43c-b691-4db5-aced-ea7b2ef780cd", "creation_time": "2023-01-04T18:24:57.057903Z", "creation_date": "2023-01-04", "creation_day_since_launch": 3127, "creation_year": 2023, "creation_month": 1, "site_cat": 5, "type": "bite", "lon": 102.8065117, "lat": 16.4481751, "movelab_annotation": null, "movelab_annotation_euro": null, "tiger_responses": null, "tiger_responses_text": null, "site_responses": null, "site_responses_text": null, "tigaprob_cat": 0, "visible": true, "latest_version": true, "n_photos": 0, "final_expert_status_text": 1, "responses": [{"id": 390855, "translated_question": "How many bites do you have and where are they on your body?", "translated_answer": "", "question_id": 1, "question": "question_1", "answer_id": 11, "answer": "N/A", "answer_value": "2", "report": "2719b43c-b691-4db5-aced-ea7b2ef780cd"}, {"id": 390856, "translated_question": "Where did they bite you?", "translated_answer": "Right leg", "question_id": 2, "question": "question_2", "answer_id": 26, "answer": "question_2_answer_26", "answer_value": "1", "report": "2719b43c-b691-4db5-aced-ea7b2ef780cd"}, {"id": 390857, "translated_question": "Where did they bite you?", "translated_answer": "Left leg", "question_id": 2, "question": "question_2", "answer_id": 25, "answer": "question_2_answer_25", "answer_value": "1", "report": "2719b43c-b691-4db5-aced-ea7b2ef780cd"}, {"id": 390858, "translated_question": "Where did they bite you?", "translated_answer": "Outdoors", "question_id": 4, "question": "question_4", "answer_id": 43, "answer": "question_4_answer_43", "answer_value": null, "report": "2719b43c-b691-4db5-aced-ea7b2ef780cd"}, {"id": 390859, "translated_question": "When were you bitten?", "translated_answer": "In the last 24 hours", "question_id": 5, "question": "question_5", "answer_id": 52, "answer": "question_5_answer_52", "answer_value": null, "report": "2719b43c-b691-4db5-aced-ea7b2ef780cd"}, {"id": 390860, "translated_question": "What time was it?", "translated_answer": "Night", "question_id": 3, "question": "question_3", "answer_id": 34, "answer": "question_3_answer_34", "answer_value": null, "report": "2719b43c-b691-4db5-aced-ea7b2ef780cd"}], "country": null, "cached_visible": null, "point": "SRID=4326;POINT (102.8065117 16.4481751)", "nuts_3": null, "nuts_2": null, "ia_filter_1": null, "ia_filter_2": null, "session": null}, {"version_UUID": "b3ca811b-2906-449e-b4b2-91d6d7e8657c", "creation_time": "2023-01-04T18:25:37.021908Z", "creation_date": "2023-01-04", "creation_day_since_launch": 3127, "creation_year": 2023, "creation_month": 1, "site_cat": 5, "type": "bite", "lon": 102.806516, "lat": 16.4481635, "movelab_annotation": null, "movelab_annotation_euro": null, "tiger_responses": null, "tiger_responses_text": null, "site_responses": null, "site_responses_text": null, "tigaprob_cat": 0, "visible": true, "latest_version": true, "n_photos": 0, "final_expert_status_text": 1, "responses": [{"id": 390861, "translated_question": "How many bites do you have and where are they on your body?", "translated_answer": "", "question_id": 1, "question": "question_1", "answer_id": 11, "answer": "N/A", "answer_value": "2", "report": "b3ca811b-2906-449e-b4b2-91d6d7e8657c"}, {"id": 390862, "translated_question": "Where did they bite you?", "translated_answer": "Right leg", "question_id": 2, "question": "question_2", "answer_id": 26, "answer": "question_2_answer_26", "answer_value": "1", "report": "b3ca811b-2906-449e-b4b2-91d6d7e8657c"}, {"id": 390863, "translated_question": "Where did they bite you?", "translated_answer": "Left leg", "question_id": 2, "question": "question_2", "answer_id": 25, "answer": "question_2_answer_25", "answer_value": "1", "report": "b3ca811b-2906-449e-b4b2-91d6d7e8657c"}, {"id": 390864, "translated_question": "Where did they bite you?", "translated_answer": "Outdoors", "question_id": 4, "question": "question_4", "answer_id": 43, "answer": "question_4_answer_43", "answer_value": null, "report": "b3ca811b-2906-449e-b4b2-91d6d7e8657c"}, {"id": 390865, "translated_question": "When were you bitten?", "translated_answer": "In the last 24 hours", "question_id": 5, "question": "question_5", "answer_id": 52, "answer": "question_5_answer_52", "answer_value": null, "report": "b3ca811b-2906-449e-b4b2-91d6d7e8657c"}, {"id": 390866, "translated_question": "What time was it?", "translated_answer": "Night", "question_id": 3, "question": "question_3", "answer_id": 34, "answer": "question_3_answer_34", "answer_value": null, "report": "b3ca811b-2906-449e-b4b2-91d6d7e8657c"}], "country": null, "cached_visible": null, "point": "SRID=4326;POINT (102.806516 16.4481635)", "nuts_3": null, "nuts_2": null, "ia_filter_1": null, "ia_filter_2": null, "session": null}, {"version_UUID": "737f8c16-77f5-459c-aae5-058b30a4a80e", "creation_time": "2023-01-05T04:25:30.229940Z", "creation_date": "2023-01-05", "creation_day_since_launch": 3128, "creation_year": 2023, "creation_month": 1, "site_cat": 5, "type": "adult", "lon": 11.2797832, "lat": 43.7662102, "movelab_annotation": null, "movelab_annotation_euro": null, "tiger_responses": {}, "tiger_responses_text": {"question_6": "question_6_answer_62", "question_13": "question_13_answer_132"}, "site_responses": null, "site_responses_text": null, "tigaprob_cat": 0, "visible": true, "latest_version": true, "n_photos": 0, "final_expert_status_text": 1, "responses": [{"id": 390871, "translated_question": "Che tipo di zanzare credi sia stata?", "translated_answer": "Zanzara comune", "question_id": 6, "question": "question_6", "answer_id": 62, "answer": "question_6_answer_62", "answer_value": null, "report": "737f8c16-77f5-459c-aae5-058b30a4a80e"}, {"id": 390872, "translated_question": "Dove hai trovato la zanzara?", "translated_answer": "In un edificio", "question_id": 13, "question": "question_13", "answer_id": 132, "answer": "question_13_answer_132", "answer_value": null, "report": "737f8c16-77f5-459c-aae5-058b30a4a80e"}], "country": "ITA", "cached_visible": null, "point": "SRID=4326;POINT (11.2797832 43.7662102)", "nuts_3": "ITI14", "nuts_2": "ITI1", "ia_filter_1": -2.0, "ia_filter_2": -1.0, "session": null}, {"version_UUID": "c04f66f6-785b-41a8-b0e3-80eae05be3a5", "creation_time": "2023-01-04T10:11:38.380008Z", "creation_date": "2023-01-04", "creation_day_since_launch": 3127, "creation_year": 2023, "creation_month": 1, "site_cat": 5, "type": "adult", "lon": 12.8534829, "lat": 42.4005544, "movelab_annotation": {"edited_user_notes": "Questa immagine mostra un insetto che non \u00e8 una zanzara e non appartiene quindi alla famiglia dei Culicidi. Su www.mosquitoalert.com troverai soluzioni e suggerimenti per catturare e fotografare questi insetti. Si prega di inviare altre foto!", "photo_html": "<a href=\"/media/tigapics/cbe9fbcf-9324-4a25-b304-ae90d92f978e.jpg\" target=\"_blank\"><img src=\"/media/tigapics_popups/cbe9fbcf-9324-4a25-b304-ae90d92f978e.jpg\"></a>", "tiger_certainty_category": -2, "aegypti_certainty_category": -2, "score": -2, "classification": "none"}, "movelab_annotation_euro": {"edited_user_notes": "Questa immagine mostra un insetto che non \u00e8 una zanzara e non appartiene quindi alla famiglia dei Culicidi. Su www.mosquitoalert.com troverai soluzioni e suggerimenti per catturare e fotografare questi insetti. Si prega di inviare altre foto!", "photo_html": "<a href=\"/media/tigapics/cbe9fbcf-9324-4a25-b304-ae90d92f978e.jpg\" target=\"_blank\"><img src=\"/media/tigapics_popups/cbe9fbcf-9324-4a25-b304-ae90d92f978e.jpg\"></a>", "class_name": "Other species", "class_label": "other-species", "class_id": 2, "class_value": null}, "tiger_responses": {}, "tiger_responses_text": {"question_6": "question_6_answer_64", "question_13": "question_13_answer_132"}, "site_responses": null, "site_responses_text": null, "tigaprob_cat": 0, "visible": true, "latest_version": true, "n_photos": 2, "final_expert_status_text": 1, "responses": [{"id": 390839, "translated_question": "Che tipo di zanzare credi sia stata?", "translated_answer": "Non saprei", "question_id": 6, "question": "question_6", "answer_id": 64, "answer": "question_6_answer_64", "answer_value": null, "report": "c04f66f6-785b-41a8-b0e3-80eae05be3a5"}, {"id": 390840, "translated_question": "Dove hai trovato la zanzara?", "translated_answer": "In un edificio", "question_id": 13, "question": "question_13", "answer_id": 132, "answer": "question_13_answer_132", "answer_value": null, "report": "c04f66f6-785b-41a8-b0e3-80eae05be3a5"}], "country": "ITA", "cached_visible": null, "point": "SRID=4326;POINT (12.8534829 42.4005544)", "nuts_3": "ITI42", "nuts_2": "ITI4", "ia_filter_1": 0.9090909090909091, "ia_filter_2": 0.9761904761904762, "session": null}, {"version_UUID": "a541dfe7-3e7d-4f82-8530-cf9e3269c170", "creation_time": "2023-01-04T00:01:54.273824Z", "creation_date": "2023-01-04", "creation_day_since_launch": 3127, "creation_year": 2023, "creation_month": 1, "site_cat": 5, "type": "adult", "lon": 4.3793943, "lat": 51.9196775, "movelab_annotation": {"edited_user_notes": "Met deze foto kunnen we niet vaststellen of het om een huissteekmug gaat. Er zijn niet genoeg kenmerken van de huissteekmug zichtbaar. Toch is uw observatie erg nuttig. Op www.mosquitoalert.com vind u tips en tricks voor het vangen en fotograferen van deze insecten. Blijf alstublieft foto's insturen!", "photo_html": "<a href=\"/media/tigapics/295c43e4-3170-49fa-872c-cc890f0294c9.jpg\" target=\"_blank\"><img src=\"/media/tigapics_popups/295c43e4-3170-49fa-872c-cc890f0294c9.jpg\"></a>", "tiger_certainty_category": -2, "aegypti_certainty_category": -2, "score": -2, "classification": "none"}, "movelab_annotation_euro": {"edited_user_notes": "Met deze foto kunnen we niet vaststellen of het om een huissteekmug gaat. Er zijn niet genoeg kenmerken van de huissteekmug zichtbaar. Toch is uw observatie erg nuttig. Op www.mosquitoalert.com vind u tips en tricks voor het vangen en fotograferen van deze insecten. Blijf alstublieft foto's insturen!", "photo_html": "<a href=\"/media/tigapics/295c43e4-3170-49fa-872c-cc890f0294c9.jpg\" target=\"_blank\"><img src=\"/media/tigapics_popups/295c43e4-3170-49fa-872c-cc890f0294c9.jpg\"></a>", "class_name": "Culex sp.", "class_label": "culex-sp", "class_id": 10, "class_value": 1}, "tiger_responses": {}, "tiger_responses_text": {"question_6": "question_6_answer_62", "question_13": "question_13_answer_132"}, "site_responses": null, "site_responses_text": null, "tigaprob_cat": 0, "visible": true, "latest_version": true, "n_photos": 3, "final_expert_status_text": 1, "responses": [{"id": 390809, "translated_question": "Welk type mug denkt u dat het was?", "translated_answer": "Algemene mug", "question_id": 6, "question": "question_6", "answer_id": 62, "answer": "question_6_answer_62", "answer_value": null, "report": "a541dfe7-3e7d-4f82-8530-cf9e3269c170"}, {"id": 390810, "translated_question": "Waar heeft u de mug aangetroffen?", "translated_answer": "In een gebouw", "question_id": 13, "question": "question_13", "answer_id": 132, "answer": "question_13_answer_132", "answer_value": null, "report": "a541dfe7-3e7d-4f82-8530-cf9e3269c170"}], "country": "NLD", "cached_visible": null, "point": "SRID=4326;POINT (4.3793943 51.9196775)", "nuts_3": "NL33C", "nuts_2": "NL33", "ia_filter_1": 0.9090909090909091, "ia_filter_2": 0.21428571428571422, "session": null}, {"version_UUID": "520b817c-aafe-4898-a33f-662b235ed917", "creation_time": "2023-01-05T15:11:46.235320Z", "creation_date": "2023-01-05", "creation_day_since_launch": 3128, "creation_year": 2023, "creation_month": 1, "site_cat": 5, "type": "bite", "lon": 23.81036840379238, "lat": 44.31196074470834, "movelab_annotation": null, "movelab_annotation_euro": null, "tiger_responses": null, "tiger_responses_text": null, "site_responses": null, "site_responses_text": null, "tigaprob_cat": 0, "visible": true, "latest_version": true, "n_photos": 0, "final_expert_status_text": 1, "responses": [{"id": 390891, "translated_question": "C\u00e2te \u00een\u021bep\u0103turi ave\u021bi \u0219i unde sunt localizate pe corp?", "translated_answer": "", "question_id": 1, "question": "question_1", "answer_id": 11, "answer": "N/A", "answer_value": "3", "report": "520b817c-aafe-4898-a33f-662b235ed917"}, {"id": 390892, "translated_question": "Unde ave\u021bi \u00een\u021bep\u0103turi?", "translated_answer": "M\u00e2na st\u00e2ng\u0103", "question_id": 2, "question": "question_2", "answer_id": 22, "answer": "question_2_answer_22", "answer_value": "1", "report": "520b817c-aafe-4898-a33f-662b235ed917"}, {"id": 390893, "translated_question": "Unde ave\u021bi \u00een\u021bep\u0103turi?", "translated_answer": "Piciorul st\u00e2ng", "question_id": 2, "question": "question_2", "answer_id": 25, "answer": "question_2_answer_25", "answer_value": "1", "report": "520b817c-aafe-4898-a33f-662b235ed917"}, {"id": 390894, "translated_question": "Unde ave\u021bi \u00een\u021bep\u0103turi?", "translated_answer": "Piciorul drept", "question_id": 2, "question": "question_2", "answer_id": 26, "answer": "question_2_answer_26", "answer_value": "1", "report": "520b817c-aafe-4898-a33f-662b235ed917"}, {"id": 390895, "translated_question": "Unde v-au \u00een\u021bepat?", "translated_answer": "\u00cen interiorul unei cl\u0103diri", "question_id": 4, "question": "question_4", "answer_id": 42, "answer": "question_4_answer_42", "answer_value": null, "report": "520b817c-aafe-4898-a33f-662b235ed917"}, {"id": 390896, "translated_question": "\u00cen ce perioad\u0103 a zilei?", "translated_answer": "Dup\u0103 amiaza", "question_id": 3, "question": "question_3", "answer_id": 33, "answer": "question_3_answer_33", "answer_value": null, "report": "520b817c-aafe-4898-a33f-662b235ed917"}], "country": "ROU", "cached_visible": null, "point": "SRID=4326;POINT (23.81036840379238 44.31196074470834)", "nuts_3": "RO411", "nuts_2": "RO41", "ia_filter_1": null, "ia_filter_2": null, "session": null}, {"version_UUID": "ff3ba375-4364-4905-a68a-218abbd8e6aa", "creation_time": "2023-01-05T15:06:04.243221Z", "creation_date": "2023-01-05", "creation_day_since_launch": 3128, "creation_year": 2023, "creation_month": 1, "site_cat": 5, "type": "bite", "lon": 23.8104512, "lat": 44.3119982, "movelab_annotation": null, "movelab_annotation_euro": null, "tiger_responses": null, "tiger_responses_text": null, "site_responses": null, "site_responses_text": null, "tigaprob_cat": 0, "visible": true, "latest_version": true, "n_photos": 0, "final_expert_status_text": 1, "responses": [{"id": 390880, "translated_question": "C\u00e2te \u00een\u021bep\u0103turi ave\u021bi \u0219i unde sunt localizate pe corp?", "translated_answer": "", "question_id": 1, "question": "question_1", "answer_id": 11, "answer": "N/A", "answer_value": "3", "report": "ff3ba375-4364-4905-a68a-218abbd8e6aa"}, {"id": 390881, "translated_question": "C\u00e2nd a\u021bi fost \u00een\u021bepat?", "translated_answer": "\u00cen ultimele 24 de ore", "question_id": 5, "question": "question_5", "answer_id": 52, "answer": "question_5_answer_52", "answer_value": null, "report": "ff3ba375-4364-4905-a68a-218abbd8e6aa"}, {"id": 390882, "translated_question": "\u00cen ce perioad\u0103 a zilei?", "translated_answer": "Dup\u0103 amiaza", "question_id": 3, "question": "question_3", "answer_id": 33, "answer": "question_3_answer_33", "answer_value": null, "report": "ff3ba375-4364-4905-a68a-218abbd8e6aa"}, {"id": 390883, "translated_question": "Unde v-au \u00een\u021bepat?", "translated_answer": "\u00cen interiorul unei cl\u0103diri", "question_id": 4, "question": "question_4", "answer_id": 42, "answer": "question_4_answer_42", "answer_value": null, "report": "ff3ba375-4364-4905-a68a-218abbd8e6aa"}, {"id": 390884, "translated_question": "Unde ave\u021bi \u00een\u021bep\u0103turi?", "translated_answer": "Piciorul drept", "question_id": 2, "question": "question_2", "answer_id": 26, "answer": "question_2_answer_26", "answer_value": "1", "report": "ff3ba375-4364-4905-a68a-218abbd8e6aa"}, {"id": 390885, "translated_question": "Unde ave\u021bi \u00een\u021bep\u0103turi?", "translated_answer": "Piciorul st\u00e2ng", "question_id": 2, "question": "question_2", "answer_id": 25, "answer": "question_2_answer_25", "answer_value": "1", "report": "ff3ba375-4364-4905-a68a-218abbd8e6aa"}, {"id": 390886, "translated_question": "Unde ave\u021bi \u00een\u021bep\u0103turi?", "translated_answer": "M\u00e2na st\u00e2ng\u0103", "question_id": 2, "question": "question_2", "answer_id": 22, "answer": "question_2_answer_22", "answer_value": "1", "report": "ff3ba375-4364-4905-a68a-218abbd8e6aa"}], "country": "ROU", "cached_visible": null, "point": "SRID=4326;POINT (23.8104512 44.3119982)", "nuts_3": "RO411", "nuts_2": "RO41", "ia_filter_1": null, "ia_filter_2": null, "session": null}, {"version_UUID": "691e3815-7013-4f03-b6fb-3814d39fa416", "creation_time": "2023-01-02T23:36:32.064091Z", "creation_date": "2023-01-02", "creation_day_since_launch": 3125, "creation_year": 2023, "creation_month": 1, "site_cat": 5, "type": "bite", "lon": -3.9285681, "lat": 38.9946274, "movelab_annotation": null, "movelab_annotation_euro": null, "tiger_responses": null, "tiger_responses_text": null, "site_responses": null, "site_responses_text": null, "tigaprob_cat": 0, "visible": true, "latest_version": true, "n_photos": 0, "final_expert_status_text": 1, "responses": [{"id": 390741, "translated_question": "\u00bfCu\u00e1ntas picaduras tienes y en qu\u00e9 parte del cuerpo?", "translated_answer": "", "question_id": 1, "question": "question_1", "answer_id": 11, "answer": "N/A", "answer_value": "2", "report": "691e3815-7013-4f03-b6fb-3814d39fa416"}, {"id": 390742, "translated_question": "\u00bfDonde te han picado?", "translated_answer": "Pierna izquierda", "question_id": 2, "question": "question_2", "answer_id": 25, "answer": "question_2_answer_25", "answer_value": "2", "report": "691e3815-7013-4f03-b6fb-3814d39fa416"}, {"id": 390743, "translated_question": "\u00bfD\u00f3nde te han picado?", "translated_answer": "Dentro de un edificio", "question_id": 4, "question": "question_4", "answer_id": 42, "answer": "question_4_answer_42", "answer_value": null, "report": "691e3815-7013-4f03-b6fb-3814d39fa416"}, {"id": 390744, "translated_question": "\u00bfCuando te han picado?", "translated_answer": "En las \u00faltimas 24h", "question_id": 5, "question": "question_5", "answer_id": 52, "answer": "question_5_answer_52", "answer_value": null, "report": "691e3815-7013-4f03-b6fb-3814d39fa416"}, {"id": 390745, "translated_question": "\u00bfEn qu\u00e9 momento ha sido?", "translated_answer": "Noche", "question_id": 3, "question": "question_3", "answer_id": 34, "answer": "question_3_answer_34", "answer_value": null, "report": "691e3815-7013-4f03-b6fb-3814d39fa416"}], "country": "ESP", "cached_visible": null, "point": "SRID=4326;POINT (-3.9285681 38.9946274)", "nuts_3": "ES422", "nuts_2": "ES42", "ia_filter_1": null, "ia_filter_2": null, "session": null}, {"version_UUID": "7f296af7-2bd5-495c-8f13-6daf990e480c", "creation_time": "2023-01-03T00:03:54.396920Z", "creation_date": "2023-01-03", "creation_day_since_launch": 3126, "creation_year": 2023, "creation_month": 1, "site_cat": 5, "type": "adult", "lon": 20.724290125072002, "lat": 48.24369353872767, "movelab_annotation": {"edited_user_notes": "This picture shows an insect which is not a real mosquito from the Culicidae family. At www.mosquitoalert.com you will find tricks and tips for catching and photographing these insects. Please send more pictures!", "photo_html": "<a href=\"/media/tigapics/855d9146-6856-4f9d-a775-b91518d260c7.jpg\" target=\"_blank\"><img src=\"/media/tigapics_popups/855d9146-6856-4f9d-a775-b91518d260c7.jpg\"></a>", "tiger_certainty_category": -2, "aegypti_certainty_category": -2, "score": -2, "classification": "none"}, "movelab_annotation_euro": {"edited_user_notes": "This picture shows an insect which is not a real mosquito from the Culicidae family. At www.mosquitoalert.com you will find tricks and tips for catching and photographing these insects. Please send more pictures!", "photo_html": "<a href=\"/media/tigapics/855d9146-6856-4f9d-a775-b91518d260c7.jpg\" target=\"_blank\"><img src=\"/media/tigapics_popups/855d9146-6856-4f9d-a775-b91518d260c7.jpg\"></a>", "class_name": "Other species", "class_label": "other-species", "class_id": 2, "class_value": null}, "tiger_responses": {}, "tiger_responses_text": {"question_6": "question_6_answer_62", "question_13": "question_13_answer_132"}, "site_responses": null, "site_responses_text": null, "tigaprob_cat": 0, "visible": true, "latest_version": true, "n_photos": 1, "final_expert_status_text": 1, "responses": [{"id": 390746, "translated_question": "What type of mosquito do you think it was?", "translated_answer": "Common mosquito", "question_id": 6, "question": "question_6", "answer_id": 62, "answer": "question_6_answer_62", "answer_value": null, "report": "7f296af7-2bd5-495c-8f13-6daf990e480c"}, {"id": 390747, "translated_question": "Where did you find the mosquito?", "translated_answer": "In a building", "question_id": 13, "question": "question_13", "answer_id": 132, "answer": "question_13_answer_132", "answer_value": null, "report": "7f296af7-2bd5-495c-8f13-6daf990e480c"}], "country": "HUN", "cached_visible": null, "point": "SRID=4326;POINT (20.724290125072 48.24369353872767)", "nuts_3": "HU311", "nuts_2": "HU31", "ia_filter_1": 0.7272727272727273, "ia_filter_2": 1e-09, "session": null}]