[{"version_UUID": "5681454a-f0f3-4069-86cf-3681d86290cf", "creation_time": "2023-01-01T15:52:16.282774Z", "creation_date": "2023-01-01", "creation_day_since_launch": 3124, "creation_year": 2023, "creation_month": 1, "site_cat": 5, "type": "adult", "lon": 76.2766945, "lat": 12.2288758, "movelab_annotation": null, "movelab_annotation_euro": null, "tiger_responses": {}, "tiger_responses_text": {"question_6": "question_6_answer_61", "question_7": "question_7_answer_733", "question_13": "question_13_answer_132"}, "site_responses": null, "site_responses_text": null, "tigaprob_cat": 0, "visible": true, "latest_version": true, "n_photos": 0, "final_expert_status_text": 1, "responses": [{"id": 390675, "translated_question": "What type of mosquito do you think it was?", "translated_answer": "Invasive Aedes", "question_id": 6, "question": "question_6", "answer_id": 61, "answer": "question_6_answer_61", "answer_value": null, "report": "5681454a-f0f3-4069-86cf-3681d86290cf"}, {"id": 390676, "translated_question": "What does the mosquito look like?", "translated_answer": "Thorax 1", "question_id": 7, "question": "question_7", "answer_id": 711, "answer": "question_7_answer_711", "answer_value": null, "report": "5681454a-f0f3-4069-86cf-3681d86290cf"}, {"id": 390677, "translated_question": "What does the mosquito look like?", "translated_answer": "Leg 3", "question_id": 7, "question": "question_7", "answer_id": 733, "answer": "question_7_answer_733", "answer_value": null, "report": "5681454a-f0f3-4069-86cf-3681d86290cf"}, {"id": 390678, "translated_question": "Where did you find the mosquito?", "translated_answer": "In a building", "question_id": 13, "question": "question_13", "answer_id": 132, "answer": "question_13_answer_132", "answer_value": null, "report": "5681454a-f0f3-4069-86cf-3681d86290cf"}], "country": null, "cached_visible": null, "point": "SRID=4326;POINT (76.2766945 12.2288758)", "nuts_3": null, "nuts_2": null, "ia_filter_1": -2.0, "ia_filter_2": -1.0, "session": null}, {"version_UUID": "9390a999-0453-44e8-8f90-99b0bd86468c", "creation_time": "2023-01-01T11:52:02.563075Z", "creation_date": "2023-01-01", "creation_day_since_launch": 3124, "creation_year": 2023, "creation_month": 1, "site_cat": 5, "type": "adult", "lon": 14.1957104, "lat": 40.9010399, "movelab_annotation": null, "movelab_annotation_euro": null, "tiger_responses": {}, "tiger_responses_text": {"question_6": "question_6_answer_64", "question_13": "question_13_answer_132"}, "site_responses": null, "site_responses_text": null, "tigaprob_cat": 0, "visible": true, "latest_version": true, "n_photos": 0, "final_expert_status_text": 1, "responses": [{"id": 390679, "translated_question": "Che tipo di zanzare credi sia stata?", "translated_answer": "Non saprei", "question_id": 6, "question": "question_6", "answer_id": 64, "answer": "question_6_answer_64", "answer_value": null, "report": "9390a999-0453-44e8-8f90-99b0bd86468c"}, {"id": 390680, "translated_question": "Dove hai trovato la zanzara?", "translated_answer": "In un edificio", "question_id": 13, "question": "question_13", "answer_id": 132, "answer": "question_13_answer_132", "answer_value": null, "report": "9390a999-0453-44e8-8f90-99b0bd86468c"}], "country": "ITA", "cached_visible": null, "point": "SRID=4326;POINT (14.1957104 40.9010399)", "nuts_3": "ITF33", "nuts_2": "ITF3", "ia_filter_1": -2.0, "ia_filter_2": -1.0, "session": null}, {"version_UUID": "ecfffe03-36cc-490a-aaef-21abb90df522", "creation_time": "2023-01-01T14:37:54.844746Z", "creation_date": "2023-01-01", "creation_day_since_launch": 3124, "creation_year": 2023, "creation_month": 1, "site_cat": 5, "type": "bite", "lon": 12.4954373, "lat": 41.9206784, "movelab_annotation": null, "movelab_annotation_euro": null, "tiger_responses": null, "tiger_responses_text": null, "site_responses": null, "site_responses_text": null, "tigaprob_cat": 0, "visible": true, "latest_version": true, "n_photos": 0, "final_expert_status_text": 1, "responses": [{"id": 390683, "translated_question": "Quante punture hai ricevuto e in che parte del corpo?", "translated_answer": "", "question_id": 1, "question": "question_1", "answer_id": 11, "answer": "N/A", "answer_value": "1", "report": "ecfffe03-36cc-490a-aaef-21abb90df522"}, {"id": 390684, "translated_question": "Dove ti hanno punto?", "translated_answer": "Braccio sinistro", "question_id": 2, "question": "question_2", "answer_id": 22, "answer": "question_2_answer_22", "answer_value": "1", "report": "ecfffe03-36cc-490a-aaef-21abb90df522"}, {"id": 390685, "translated_question": "Dove eri quando ti hanno punto?", "translated_answer": "In un edificio", "question_id": 4, "question": "question_4", "answer_id": 42, "answer": "question_4_answer_42", "answer_value": null, "report": "ecfffe03-36cc-490a-aaef-21abb90df522"}, {"id": 390686, "translated_question": "Quando ti hanno punto?", "translated_answer": "Nelle ultime 24 ore", "question_id": 5, "question": "question_5", "answer_id": 52, "answer": "question_5_answer_52", "answer_value": null, "report": "ecfffe03-36cc-490a-aaef-21abb90df522"}, {"id": 390687, "translated_question": "Quando \u00e8 successo?", "translated_answer": "Sera-Notte", "question_id": 3, "question": "question_3", "answer_id": 34, "answer": "question_3_answer_34", "answer_value": null, "report": "ecfffe03-36cc-490a-aaef-21abb90df522"}], "country": "ITA", "cached_visible": null, "point": "SRID=4326;POINT (12.4954373 41.9206784)", "nuts_3": "ITI43", "nuts_2": "ITI4", "ia_filter_1": null, "ia_filter_2": null, "session": null}, {"version_UUID": "c20b9777-cbbb-4482-8c62-6eb76b7ee8f6", "creation_time": "2023-01-01T17:21:06.690339Z", "creation_date": "2023-01-01", "creation_day_since_launch": 3124, "creation_year": 2023, "creation_month": 1, "site_cat": 5, "type": "adult", "lon": 2.0257706, "lat": 41.3518132, "movelab_annotation": {"edited_user_notes": "Molt bona foto! Has aconseguit que el mosquit tigre sigui f\u00e0cil d'identificar ja que es pot observar clarament la franja blanca en el t\u00f2rax, a part d'altres caracter\u00edstiques. Gr\u00e0cies per participar!", "photo_html": "<a href=\"/media/tigapics/8eed3aff-3505-463b-b9e4-f847a3bc05c0.jpg\" target=\"_blank\"><img src=\"/media/tigapics_popups/8eed3aff-3505-463b-b9e4-f847a3bc05c0.jpg\"></a>", "tiger_certainty_category": 2, "aegypti_certainty_category": -2, "score": -2, "classification": "none"}, "movelab_annotation_euro": {"edited_user_notes": "Molt bona foto! Has aconseguit que el mosquit tigre sigui f\u00e0cil d'identificar ja que es pot observar clarament la franja blanca en el t\u00f2rax, a part d'altres caracter\u00edstiques. Gr\u00e0cies per participar!", "photo_html": "<a href=\"/media/tigapics/8eed3aff-3505-463b-b9e4-f847a3bc05c0.jpg\" target=\"_blank\"><img src=\"/media/tigapics_popups/8eed3aff-3505-463b-b9e4-f847a3bc05c0.jpg\"></a>", "class_name": "Aedes albopictus", "class_label": "aedes-albopictus", "class_id": 4, "class_value": 2}, "tiger_responses": {}, "tiger_responses_text": {"question_6": "question_6_answer_61", "question_7": "question_7_answer_721", "question_13": "question_13_answer_132"}, "site_responses": null, "site_responses_text": null, "tigaprob_cat": 0, "visible": true, "latest_version": true, "n_photos": 1, "final_expert_status_text": 1, "responses": [{"id": 390688, "translated_question": "Quin tipus de mosquit creus que \u00e9s?", "translated_answer": "Aedes invasor", "question_id": 6, "question": "question_6", "answer_id": 61, "answer": "question_6_answer_61", "answer_value": null, "report": "c20b9777-cbbb-4482-8c62-6eb76b7ee8f6"}, {"id": 390689, "translated_question": "Com \u00e9s el mosquit?", "translated_answer": "T\u00f2rax 1", "question_id": 7, "question": "question_7", "answer_id": 711, "answer": "question_7_answer_711", "answer_value": null, "report": "c20b9777-cbbb-4482-8c62-6eb76b7ee8f6"}, {"id": 390690, "translated_question": "Com \u00e9s el mosquit?", "translated_answer": "Abdomen 1", "question_id": 7, "question": "question_7", "answer_id": 721, "answer": "question_7_answer_721", "answer_value": null, "report": "c20b9777-cbbb-4482-8c62-6eb76b7ee8f6"}, {"id": 390691, "translated_question": "On has trobat el mosquit?", "translated_answer": "Dins d'un edifici", "question_id": 13, "question": "question_13", "answer_id": 132, "answer": "question_13_answer_132", "answer_value": null, "report": "c20b9777-cbbb-4482-8c62-6eb76b7ee8f6"}], "country": "ESP", "cached_visible": null, "point": "SRID=4326;POINT (2.0257706 41.3518132)", "nuts_3": "ES511", "nuts_2": "ES51", "ia_filter_1": 0.9090909090909091, "ia_filter_2": 0.8333333333333333, "session": null}, {"version_UUID": "6100d2ae-beff-4710-bf2f-c0c2a87ed94c", "creation_time": "2023-01-01T17:26:09.282674Z", "creation_date": "2023-01-01", "creation_day_since_launch": 3124, "creation_year": 2023, "creation_month": 1, "site_cat": 5, "type": "adult", "lon": 4.5243682, "lat": 51.6644106, "movelab_annotation": {"edited_user_notes": "Met deze foto kunnen we niet vaststellen of het om een huissteekmug gaat. Er zijn niet genoeg kenmerken van de huissteekmug zichtbaar. Toch is uw observatie erg nuttig. Op www.mosquitoalert.com vind u tips en tricks voor het vangen en fotograferen van deze insecten. Blijf alstublieft foto's insturen!", "photo_html": "<a href=\"/media/tigapics/19c1be81-4101-4370-a249-848e2ccb1727.jpg\" target=\"_blank\"><img src=\"/media/tigapics_popups/19c1be81-4101-4370-a249-848e2ccb1727.jpg\"></a>", "tiger_certainty_category": -2, "aegypti_certainty_category": -2, "score": -2, "classification": "none"}, "movelab_annotation_euro": {"edited_user_notes": "Met deze foto kunnen we niet vaststellen of het om een huissteekmug gaat. Er zijn niet genoeg kenmerken van de huissteekmug zichtbaar. Toch is uw observatie erg nuttig. Op www.mosquitoalert.com vind u tips en tricks voor het vangen en fotograferen van deze insecten. Blijf alstublieft foto's insturen!", "photo_html": "<a href=\"/media/tigapics/19c1be81-4101-4370-a249-848e2ccb1727.jpg\" target=\"_blank\"><img src=\"/media/tigapics_popups/19c1be81-4101-4370-a249-848e2ccb1727.jpg\"></a>", "class_name": "Culex sp.", "class_label": "culex-sp", "class_id": 10, "class_value": 1}, "tiger_responses": {}, "tiger_responses_text": {"question_6": "question_6_answer_62", "question_13": "question_13_answer_132"}, "site_responses": null, "site_responses_text": null, "tigaprob_cat": 0, "visible": true, "latest_version": true, "n_photos": 1, "final_expert_status_text": 1, "responses": [{"id": 390692, "translated_question": "Welk type mug denkt u dat het was?", "translated_answer": "Algemene mug", "question_id": 6, "question": "question_6", "answer_id": 62, "answer": "question_6_answer_62", "answer_value": null, "report": "6100d2ae-beff-4710-bf2f-c0c2a87ed94c"}, {"id": 390693, "translated_question": "Waar heeft u de mug aangetroffen?", "translated_answer": "In een gebouw", "question_id": 13, "question": "question_13", "answer_id": 132, "answer": "question_13_answer_132", "answer_value": null, "report": "6100d2ae-beff-4710-bf2f-c0c2a87ed94c"}], "country": "NLD", "cached_visible": null, "point": "SRID=4326;POINT (4.5243682 51.6644106)", "nuts_3": "NL411", "nuts_2": "NL41", "ia_filter_1": 0.7272727272727273, "ia_filter_2": 0.42857142857142855, "session": null}, {"version_UUID": "467d1ee8-479a-4d9e-a797-413df3b04721", "creation_time": "2023-01-01T22:49:16.403538Z", "creation_date": "2023-01-01", "creation_day_since_launch": 3124, "creation_year": 2023, "creation_month": 1, "site_cat": 5, "type": "adult", "lon": 9.1133974, "lat": 39.2153448, "movelab_annotation": null, "movelab_annotation_euro": null, "tiger_responses": {}, "tiger_responses_text": {"question_6": "question_6_answer_64", "question_13": "question_13_answer_132"}, "site_responses": null, "site_responses_text": null, "tigaprob_cat": 0, "visible": true, "latest_version": true, "n_photos": 0, "final_expert_status_text": 1, "responses": [{"id": 390696, "translated_question": "Che tipo di zanzare credi sia stata?", "translated_answer": "Non saprei", "question_id": 6, "question": "question_6", "answer_id": 64, "answer": "question_6_answer_64", "answer_value": null, "report": "467d1ee8-479a-4d9e-a797-413df3b04721"}, {"id": 390697, "translated_question": "Dove hai trovato la zanzara?", "translated_answer": "In un edificio", "question_id": 13, "question": "question_13", "answer_id": 132, "answer": "question_13_answer_132", "answer_value": null, "report": "467d1ee8-479a-4d9e-a797-413df3b04721"}], "country": "ITA", "cached_visible": null, "point": "SRID=4326;POINT (9.1133974 39.2153448)", "nuts_3": "ITG2F", "nuts_2": "ITG2", "ia_filter_1": -2.0, "ia_filter_2": -1.0, "session": null}, {"version_UUID": "bb8b31d2-3ed5-4431-bee9-c8784daf3f92", "creation_time": "2023-01-01T22:50:19.903909Z", "creation_date": "2023-01-01", "creation_day_since_launch": 3124, "creation_year": 2023, "creation_month": 1, "site_cat": 5, "type": "bite", "lon": 9.1133974, "lat": 39.2153448, "movelab_annotation": null, "movelab_annotation_euro": null, "tiger_responses": null, "tiger_responses_text": null, "site_responses": null, "site_responses_text": null, "tigaprob_cat": 0, "visible": true, "latest_version": true, "n_photos": 0, "final_expert_status_text": 1, "responses": [{"id": 390698, "translated_question": "Quante punture hai ricevuto e in che parte del corpo?", "translated_answer": "", "question_id": 1, "question": "question_1", "answer_id": 11, "answer": "N/A", "answer_value": "2", "report": "bb8b31d2-3ed5-4431-bee9-c8784daf3f92"}, {"id": 390699, "translated_question": "Dove eri quando ti hanno punto?", "translated_answer": "In un edificio", "question_id": 4, "question": "question_4", "answer_id": 42, "answer": "question_4_answer_42", "answer_value": null, "report": "bb8b31d2-3ed5-4431-bee9-c8784daf3f92"}, {"id": 390700, "translated_question": "Quando ti hanno punto?", "translated_answer": "Adesso", "question_id": 5, "question": "question_5", "answer_id": 51, "answer": "question_5_answer_51", "answer_value": null, "report": "bb8b31d2-3ed5-4431-bee9-c8784daf3f92"}, {"id": 390701, "translated_question": "Dove ti hanno punto?", "translated_answer": "Braccio destro", "question_id": 2, "question": "question_2", "answer_id": 23, "answer": "question_2_answer_23", "answer_value": "1", "report": "bb8b31d2-3ed5-4431-bee9-c8784daf3f92"}, {"id": 390702, "translated_question": "Dove ti hanno punto?", "translated_answer": "Testa", "question_id": 2, "question": "question_2", "answer_id": 21, "answer": "question_2_answer_21", "answer_value": "1", "report": "bb8b31d2-3ed5-4431-bee9-c8784daf3f92"}], "country": "ITA", "cached_visible": null, "point": "SRID=4326;POINT (9.1133974 39.2153448)", "nuts_3": "ITG2F", "nuts_2": "ITG2", "ia_filter_1": null, "ia_filter_2": null, "session": null}, {"version_UUID": "846bec5e-3045-4f97-8d0b-5620ae31442b", "creation_time": "2023-01-02T08:50:37.960606Z", "creation_date": "2023-01-02", "creation_day_since_launch": 3125, "creation_year": 2023, "creation_month": 1, "site_cat": 5, "type": "bite", "lon": 2.1537261, "lat": 41.3843892, "movelab_annotation": null, "movelab_annotation_euro": null, "tiger_responses": null, "tiger_responses_text": null, "site_responses": null, "site_responses_text": null, "tigaprob_cat": 0, "visible": true, "latest_version": true, "n_photos": 0, "final_expert_status_text": 1, "responses": [{"id": 390707, "translated_question": "\u00bfCu\u00e1ntas picaduras tienes y en qu\u00e9 parte del cuerpo?", "translated_answer": "", "question_id": 1, "question": "question_1", "answer_id": 11, "answer": "N/A", "answer_value": "1", "report": "846bec5e-3045-4f97-8d0b-5620ae31442b"}, {"id": 390708, "translated_question": "\u00bfDonde te han picado?", "translated_answer": "Brazo derecho", "question_id": 2, "question": "question_2", "answer_id": 23, "answer": "question_2_answer_23", "answer_value": "1", "report": "846bec5e-3045-4f97-8d0b-5620ae31442b"}, {"id": 390709, "translated_question": "\u00bfD\u00f3nde te han picado?", "translated_answer": "Dentro de un edificio", "question_id": 4, "question": "question_4", "answer_id": 42, "answer": "question_4_answer_42", "answer_value": null, "report": "846bec5e-3045-4f97-8d0b-5620ae31442b"}, {"id": 390710, "translated_question": "\u00bfCuando te han picado?", "translated_answer": "En las \u00faltimas 24h", "question_id": 5, "question": "question_5", "answer_id": 52, "answer": "question_5_answer_52", "answer_value": null, "report": "846bec5e-3045-4f97-8d0b-5620ae31442b"}, {"id": 390711, "translated_question": "\u00bfEn qu\u00e9 momento ha sido?", "translated_answer": "Tarde", "question_id": 3, "question": "question_3", "answer_id": 33, "answer": "question_3_answer_33", "answer_value": null, "report": "846bec5e-3045-4f97-8d0b-5620ae31442b"}], "country": "ESP", "cached_visible": null, "point": "SRID=4326;POINT (2.1537261 41.3843892)", "nuts_3": "ES511", "nuts_2": "ES51", "ia_filter_1": null, "ia_filter_2": null, "session": null}, {"version_UUID": "e60e3818-f8d6-40ce-9b71-8a02f399932a", "creation_time": "2023-01-02T13:51:13.900387Z", "creation_date": "2023-01-02", "creation_day_since_launch": 3125, "creation_year": 2023, "creation_month": 1, "site_cat": 5, "type": "adult", "lon": 12.099948, "lat": 45.5718812, "movelab_annotation": null, "movelab_annotation_euro": null, "tiger_responses": {}, "tiger_responses_text": {"question_6": "question_6_answer_62", "question_13": "question_13_answer_132"}, "site_responses": null, "site_responses_text": null, "tigaprob_cat": 0, "visible": true, "latest_version": true, "n_photos": 0, "final_expert_status_text": 1, "responses": [{"id": 390720, "translated_question": "Che tipo di zanzare credi sia stata?", "translated_answer": "Zanzara comune", "question_id": 6, "question": "question_6", "answer_id": 62, "answer": "question_6_answer_62", "answer_value": null, "report": "e60e3818-f8d6-40ce-9b71-8a02f399932a"}, {"id": 390721, "translated_question": "Dove hai trovato la zanzara?", "translated_answer": "In un edificio", "question_id": 13, "question": "question_13", "answer_id": 132, "answer": "question_13_answer_132", "answer_value": null, "report": "e60e3818-f8d6-40ce-9b71-8a02f399932a"}], "country": "ITA", "cached_visible": null, "point": "SRID=4326;POINT (12.099948 45.5718812)", "nuts_3": "ITH35", "nuts_2": "ITH3", "ia_filter_1": -2.0, "ia_filter_2": -1.0, "session": null}, {"version_UUID": "fa9186a3-f40a-47e0-aaf9-1cb9f2661fcc", "creation_time": "2023-01-02T20:04:33.543444Z", "creation_date": "2023-01-02", "creation_day_since_launch": 3125, "creation_year": 2023, "creation_month": 1, "site_cat": 5, "type": "bite", "lon": 84.0135075, "lat": 21.8568503, "movelab_annotation": null, "movelab_annotation_euro": null, "tiger_responses": null, "tiger_responses_text": null, "site_responses": null, "site_responses_text": null, "tigaprob_cat": 0, "visible": true, "latest_version": true, "n_photos": 0, "final_expert_status_text": 1, "responses": [{"id": 390722, "translated_question": "How many bites do you have and where are they on your body?", "translated_answer": "", "question_id": 1, "question": "question_1", "answer_id": 11, "answer": "N/A", "answer_value": "2", "report": "fa9186a3-f40a-47e0-aaf9-1cb9f2661fcc"}, {"id": 390723, "translated_question": "Where did they bite you?", "translated_answer": "I don't know", "question_id": 4, "question": "question_4", "answer_id": 44, "answer": "question_4_answer_44", "answer_value": null, "report": "fa9186a3-f40a-47e0-aaf9-1cb9f2661fcc"}, {"id": 390724, "translated_question": "When were you bitten?", "translated_answer": "In the last 24 hours", "question_id": 5, "question": "question_5", "answer_id": 52, "answer": "question_5_answer_52", "answer_value": null, "report": "fa9186a3-f40a-47e0-aaf9-1cb9f2661fcc"}, {"id": 390725, "translated_question": "What time was it?", "translated_answer": "Night", "question_id": 3, "question": "question_3", "answer_id": 34, "answer": "question_3_answer_34", "answer_value": null, "report": "fa9186a3-f40a-47e0-aaf9-1cb9f2661fcc"}, {"id": 390726, "translated_question": "Where did they bite you?", "translated_answer": "Left leg", "question_id": 2, "question": "question_2", "answer_id": 25, "answer": "question_2_answer_25", "answer_value": "1", "report": "fa9186a3-f40a-47e0-aaf9-1cb9f2661fcc"}, {"id": 390727, "translated_question": "Where did they bite you?", "translated_answer": "Right arm", "question_id": 2, "question": "question_2", "answer_id": 23, "answer": "question_2_answer_23", "answer_value": "1", "report": "fa9186a3-f40a-47e0-aaf9-1cb9f2661fcc"}], "country": null, "cached_visible": null, "point": "SRID=4326;POINT (84.0135075 21.8568503)", "nuts_3": null, "nuts_2": null, "ia_filter_1": null, "ia_filter_2": null, "session": null}, {"version_UUID": "22710e26-a8dc-438e-9bdc-be5fcda64015", "creation_time": "2023-01-02T16:16:16.473160Z", "creation_date": "2023-01-02", "creation_day_since_launch": 3125, "creation_year": 2023, "creation_month": 1, "site_cat": 5, "type": "adult", "lon": 11.279728, "lat": 43.7662038, "movelab_annotation": null, "movelab_annotation_euro": null, "tiger_responses": {}, "tiger_responses_text": {"question_6": "question_6_answer_62", "question_13": "question_13_answer_132"}, "site_responses": null, "site_responses_text": null, "tigaprob_cat": 0, "visible": true, "latest_version": true, "n_photos": 0, "final_expert_status_text": 1, "responses": [{"id": 390728, "translated_question": "Che tipo di zanzare credi sia stata?", "translated_answer": "Zanzara comune", "question_id": 6, "question": "question_6", "answer_id": 62, "answer": "question_6_answer_62", "answer_value": null, "report": "22710e26-a8dc-438e-9bdc-be5fcda64015"}, {"id": 390729, "translated_question": "Dove hai trovato la zanzara?", "translated_answer": "In un edificio", "question_id": 13, "question": "question_13", "answer_id": 132, "answer": "question_13_answer_132", "answer_value": null, "report": "22710e26-a8dc-438e-9bdc-be5fcda64015"}], "country": "ITA", "cached_visible": null, "point": "SRID=4326;POINT (11.279728 43.7662038)", "nuts_3": "ITI14", "nuts_2": "ITI1", "ia_filter_1": -2.0, "ia_filter_2": -1.0, "session": null}, {"version_UUID": "a8c96e3b-7b42-48fe-82a3-3c21f18d5af6", "creation_time": "2023-01-02T23:35:49.263184Z", "creation_date": "2023-01-02", "creation_day_since_launch": 3125, "creation_year": 2023, "creation_month": 1, "site_cat": 5, "type": "bite", "lon": -3.9285626, "lat": 38.9946222, "movelab_annotation": null, "movelab_annotation_euro": null, "tiger_responses": null, "tiger_responses_text": null, "site_responses": null, "site_responses_text": null, "tigaprob_cat": 0, "visible": true, "latest_version": true, "n_photos": 0, "final_expert_status_text": 1, "responses": [{"id": 390736, "translated_question": "\u00bfCu\u00e1ntas picaduras tienes y en qu\u00e9 parte del cuerpo?", "translated_answer": "", "question_id": 1, "question": "question_1", "answer_id": 11, "answer": "N/A", "answer_value": "2", "report": "a8c96e3b-7b42-48fe-82a3-3c21f18d5af6"}, {"id": 390737, "translated_question": "\u00bfD\u00f3nde te han picado?", "translated_answer": "Dentro de un edificio", "question_id": 4, "question": "question_4", "answer_id": 42, "answer": "question_4_answer_42", "answer_value": null, "report": "a8c96e3b-7b42-48fe-82a3-3c21f18d5af6"}, {"id": 390738, "translated_question": "\u00bfCuando te han picado?", "translated_answer": "En las \u00faltimas 24h", "question_id": 5, "question": "question_5", "answer_id": 52, "answer": "question_5_answer_52", "answer_value": null, "report": "a8c96e3b-7b42-48fe-82a3-3c21f18d5af6"}, {"id": 390739, "translated_question": "\u00bfEn qu\u00e9 momento ha sido?", "translated_answer": "Noche", "question_id": 3, "question": "question_3", "answer_id": 34, "answer": "question_3_answer_34", "answer_value": null, "report": "a8c96e3b-7b42-48fe-82a3-3c21f18d5af6"}, {"id": 390740, "translated_question": "\u00bfDonde te han picado?", "translated_answer": "Pierna izquierda", "question_id": 2, "question": "question_2", "answer_id": 25, "answer": "question_2_answer_25", "answer_value": "2", "report": "a8c96e3b-7b42-48fe-82a3-3c21f18d5af6"}], "country": "ESP", "cached_visible": null, "point": "SRID=4326;POINT (-3.9285626 38.9946222)", "nuts_3": "ES422", "nuts_2": "ES42", "ia_filter_1": null, "ia_filter_2": null, "session": null}, {"version_UUID": "691e3815-7013-4f03-b6fb-3814d39fa416", "creation_time": "2023-01-02T23:36:32.064091Z", "creation_date": "2023-01-02", "creation_day_since_launch": 3125, "creation_year": 2023, "creation_month": 1, "site_cat": 5, "type": "bite", "lon": -3.9285681, "lat": 38.9946274, "movelab_annotation": null, "movelab_annotation_euro": null, "tiger_responses": null, "tiger_responses_text": null, "site_responses": null, "site_responses_text": null, "tigaprob_cat": 0, "visible": true, "latest_version": true, "n_photos": 0, "final_expert_status_text": 1, "responses": [{"id": 390741, "translated_question": "\u00bfCu\u00e1ntas picaduras tienes y en qu\u00e9 parte del cuerpo?", "translated_answer": "", "question_id": 1, "question": "question_1", "answer_id": 11, "answer": "N/A", "answer_value": "2", "report": "691e3815-7013-4f03-b6fb-3814d39fa416"}, {"id": 390742, "translated_question": "\u00bfDonde te han picado?", "translated_answer": "Pierna izquierda", "question_id": 2, "question": "question_2", "answer_id": 25, "answer": "question_2_answer_25", "answer_value": "2", "report": "691e3815-7013-4f03-b6fb-3814d39fa416"}, {"id": 390743, "translated_question": "\u00bfD\u00f3nde te han picado?", "translated_answer": "Dentro de un edificio", "question_id": 4, "question": "question_4", "answer_id": 42, "answer": "question_4_answer_42", "answer_value": null, "report": "691e3815-7013-4f03-b6fb-3814d39fa416"}, {"id": 390744, "translated_question": "\u00bfCuando te han picado?", "translated_answer": "En las \u00faltimas 24h", "question_id": 5, "question": "question_5", "answer_id": 52, "answer": "question_5_answer_52", "answer_value": null, "report": "691e3815-7013-4f03-b6fb-3814d39fa416"}, {"id": 390745, "translated_question": "\u00bfEn qu\u00e9 momento ha sido?", "translated_answer": "Noche", "question_id": 3, "question": "question_3", "answer_id": 34, "answer": "question_3_answer_34", "answer_value": null, "report": "691e3815-7013-4f03-b6fb-3814d39fa416"}], "country": "ESP", "cached_visible": null, "point": "SRID=4326;POINT (-3.9285681 38.9946274)", "nuts_3": "ES422", "nuts_2": "ES42", "ia_filter_1": null, "ia_filter_2": null, "session": null}, {"version_UUID": "0614f228-f099-4a37-ab75-65de670e50b0", "creation_time": "2023-01-03T00:04:51.284712Z", "creation_date": "2023-01-03", "creation_day_since_launch": 3126, "creation_year": 2023, "creation_month": 1, "site_cat": 5, "type": "bite", "lon": 20.724290125072002, "lat": 48.24369353872767, "movelab_annotation": null, "movelab_annotation_euro": null, "tiger_responses": null, "tiger_responses_text": null, "site_responses": null, "site_responses_text": null, "tigaprob_cat": 0, "visible": true, "latest_version": true, "n_photos": 0, "final_expert_status_text": 1, "responses": [{"id": 390748, "translated_question": "How many bites do you have and where are they on your body?", "translated_answer": "", "question_id": 1, "question": "question_1", "answer_id": 11, "answer": "N/A", "answer_value": "7", "report": "0614f228-f099-4a37-ab75-65de670e50b0"}, {"id": 390749, "translated_question": "Where did they bite you?", "translated_answer": "Chest", "question_id": 2, "question": "question_2", "answer_id": 24, "answer": "question_2_answer_24", "answer_value": "3", "report": "0614f228-f099-4a37-ab75-65de670e50b0"}, {"id": 390750, "translated_question": "Where did they bite you?", "translated_answer": "Left arm", "question_id": 2, "question": "question_2", "answer_id": 22, "answer": "question_2_answer_22", "answer_value": "1", "report": "0614f228-f099-4a37-ab75-65de670e50b0"}, {"id": 390751, "translated_question": "Where did they bite you?", "translated_answer": "Left leg", "question_id": 2, "question": "question_2", "answer_id": 25, "answer": "question_2_answer_25", "answer_value": "1", "report": "0614f228-f099-4a37-ab75-65de670e50b0"}, {"id": 390752, "translated_question": "Where did they bite you?", "translated_answer": "Right leg", "question_id": 2, "question": "question_2", "answer_id": 26, "answer": "question_2_answer_26", "answer_value": "2", "report": "0614f228-f099-4a37-ab75-65de670e50b0"}, {"id": 390753, "translated_question": "Where did they bite you?", "translated_answer": "Inside a building", "question_id": 4, "question": "question_4", "answer_id": 42, "answer": "question_4_answer_42", "answer_value": null, "report": "0614f228-f099-4a37-ab75-65de670e50b0"}, {"id": 390754, "translated_question": "When were you bitten?", "translated_answer": "In the last 24 hours", "question_id": 5, "question": "question_5", "answer_id": 52, "answer": "question_5_answer_52", "answer_value": null, "report": "0614f228-f099-4a37-ab75-65de670e50b0"}, {"id": 390755, "translated_question": "What time was it?", "translated_answer": "Morning", "question_id": 3, "question": "question_3", "answer_id": 31, "answer": "question_3_answer_31", "answer_value": null, "report": "0614f228-f099-4a37-ab75-65de670e50b0"}], "country": "HUN", "cached_visible": null, "point": "SRID=4326;POINT (20.724290125072 48.24369353872767)", "nuts_3": "HU311", "nuts_2": "HU31", "ia_filter_1": null, "ia_filter_2": null, "session": null}]