[{"version_UUID": "0e781810-133b-4145-ac97-718ddf39c93d", "creation_time": "2026-01-01T03:08:09.322760Z", "creation_date": "2026-01-01", "creation_day_since_launch": 4220, "creation_year": 2026, "creation_month": 1, "site_cat": 5, "type": "bite", "lon": 9.8211547, "lat": 44.8172916, "location_is_masked": false, "movelab_annotation": null, "movelab_annotation_euro": null, "tiger_responses": null, "tiger_responses_text": null, "site_responses": null, "site_responses_text": null, "tigaprob_cat": 0, "latest_version": true, "visible": true, "n_photos": 0, "final_expert_status_text": 1, "responses": [{"id": 1133263, "translated_question": "Quante punture hai ricevuto e in che parte del corpo?", "translated_answer": "", "question_id": 1, "question": "question_1", "answer_id": 11, "answer": "N/A", "answer_value": "2", "report": "0e781810-133b-4145-ac97-718ddf39c93d"}, {"id": 1133264, "translated_question": "Dove ti hanno punto?", "translated_answer": "Braccio destro", "question_id": 2, "question": "question_2", "answer_id": 23, "answer": "question_2_answer_23", "answer_value": "1", "report": "0e781810-133b-4145-ac97-718ddf39c93d"}, {"id": 1133265, "translated_question": "Dove ti hanno punto?", "translated_answer": "Gamba destra", "question_id": 2, "question": "question_2", "answer_id": 26, "answer": "question_2_answer_26", "answer_value": "1", "report": "0e781810-133b-4145-ac97-718ddf39c93d"}, {"id": 1133266, "translated_question": "Dove eri quando ti hanno punto?", "translated_answer": "All'aperto", "question_id": 4, "question": "question_4", "answer_id": 43, "answer": "question_4_answer_43", "answer_value": null, "report": "0e781810-133b-4145-ac97-718ddf39c93d"}, {"id": 1133267, "translated_question": "Quando \u00e8 successo?", "translated_answer": "Mezzogiorno", "question_id": 3, "question": "question_3", "answer_id": 32, "answer": "question_3_answer_32", "answer_value": null, "report": "0e781810-133b-4145-ac97-718ddf39c93d"}], "country": "ITA", "updated_at": "2026-01-01T03:08:08.504366Z", "datetime_fix_offset": null, "point": "SRID=4326;POINT (9.821154699999999 44.8172916)", "nuts_2": "ITH5", "nuts_3": "ITH52", "cached_visible": true, "session": null}, {"version_UUID": "a167f462-6f6a-49de-a70c-55efb01ace78", "creation_time": "2026-01-01T10:20:21.409139Z", "creation_date": "2026-01-01", "creation_day_since_launch": 4220, "creation_year": 2026, "creation_month": 1, "site_cat": 5, "type": "bite", "lon": 0.13832362459080452, "lat": 38.83127698309608, "location_is_masked": false, "movelab_annotation": null, "movelab_annotation_euro": null, "tiger_responses": null, "tiger_responses_text": null, "site_responses": null, "site_responses_text": null, "tigaprob_cat": 0, "latest_version": true, "visible": true, "n_photos": 0, "final_expert_status_text": 1, "responses": [{"id": 1133269, "translated_question": "How many bites do you have and where are they on your body?", "translated_answer": "", "question_id": 1, "question": "question_1", "answer_id": 11, "answer": "N/A", "answer_value": "2", "report": "a167f462-6f6a-49de-a70c-55efb01ace78"}, {"id": 1133270, "translated_question": "Where did they bite you?", "translated_answer": "Right arm", "question_id": 2, "question": "question_2", "answer_id": 23, "answer": "question_2_answer_23", "answer_value": "1", "report": "a167f462-6f6a-49de-a70c-55efb01ace78"}, {"id": 1133271, "translated_question": "Where did they bite you?", "translated_answer": "Left leg", "question_id": 2, "question": "question_2", "answer_id": 25, "answer": "question_2_answer_25", "answer_value": "1", "report": "a167f462-6f6a-49de-a70c-55efb01ace78"}, {"id": 1133272, "translated_question": "Where did they bite you?", "translated_answer": "Inside a building", "question_id": 4, "question": "question_4", "answer_id": 42, "answer": "question_4_answer_42", "answer_value": null, "report": "a167f462-6f6a-49de-a70c-55efb01ace78"}, {"id": 1133273, "translated_question": "When were you bitten?", "translated_answer": "In the last 24 hours", "question_id": 5, "question": "question_5", "answer_id": 52, "answer": "question_5_answer_52", "answer_value": null, "report": "a167f462-6f6a-49de-a70c-55efb01ace78"}, {"id": 1133274, "translated_question": "What time was it?", "translated_answer": "Night", "question_id": 3, "question": "question_3", "answer_id": 34, "answer": "question_3_answer_34", "answer_value": null, "report": "a167f462-6f6a-49de-a70c-55efb01ace78"}], "country": "ESP", "updated_at": "2026-01-01T10:20:21.961240Z", "datetime_fix_offset": null, "point": "SRID=4326;POINT (0.1383236245908045 38.83127698309608)", "nuts_2": "ES52", "nuts_3": "ES521", "cached_visible": true, "session": null}, {"version_UUID": "cba41cf9-1df9-445f-9570-6fa0ad5d4fc3", "creation_time": "2026-01-01T10:21:07.061284Z", "creation_date": "2026-01-01", "creation_day_since_launch": 4220, "creation_year": 2026, "creation_month": 1, "site_cat": 5, "type": "bite", "lon": 0.1383248594292685, "lat": 38.83127654159424, "location_is_masked": false, "movelab_annotation": null, "movelab_annotation_euro": null, "tiger_responses": null, "tiger_responses_text": null, "site_responses": null, "site_responses_text": null, "tigaprob_cat": 0, "latest_version": true, "visible": true, "n_photos": 0, "final_expert_status_text": 1, "responses": [{"id": 1133276, "translated_question": "How many bites do you have and where are they on your body?", "translated_answer": "", "question_id": 1, "question": "question_1", "answer_id": 11, "answer": "N/A", "answer_value": "2", "report": "cba41cf9-1df9-445f-9570-6fa0ad5d4fc3"}, {"id": 1133277, "translated_question": "Where did they bite you?", "translated_answer": "Right arm", "question_id": 2, "question": "question_2", "answer_id": 23, "answer": "question_2_answer_23", "answer_value": "1", "report": "cba41cf9-1df9-445f-9570-6fa0ad5d4fc3"}, {"id": 1133278, "translated_question": "Where did they bite you?", "translated_answer": "Left leg", "question_id": 2, "question": "question_2", "answer_id": 25, "answer": "question_2_answer_25", "answer_value": "1", "report": "cba41cf9-1df9-445f-9570-6fa0ad5d4fc3"}, {"id": 1133279, "translated_question": "Where did they bite you?", "translated_answer": "Inside a building", "question_id": 4, "question": "question_4", "answer_id": 42, "answer": "question_4_answer_42", "answer_value": null, "report": "cba41cf9-1df9-445f-9570-6fa0ad5d4fc3"}, {"id": 1133280, "translated_question": "When were you bitten?", "translated_answer": "In the last 24 hours", "question_id": 5, "question": "question_5", "answer_id": 52, "answer": "question_5_answer_52", "answer_value": null, "report": "cba41cf9-1df9-445f-9570-6fa0ad5d4fc3"}, {"id": 1133281, "translated_question": "What time was it?", "translated_answer": "Night", "question_id": 3, "question": "question_3", "answer_id": 34, "answer": "question_3_answer_34", "answer_value": null, "report": "cba41cf9-1df9-445f-9570-6fa0ad5d4fc3"}], "country": "ESP", "updated_at": "2026-01-01T10:21:10.617005Z", "datetime_fix_offset": null, "point": "SRID=4326;POINT (0.1383248594292685 38.83127654159424)", "nuts_2": "ES52", "nuts_3": "ES521", "cached_visible": true, "session": null}, {"version_UUID": "7c7628cf-e443-430f-8270-38d9ef202c6d", "creation_time": "2026-01-01T13:08:54.251331Z", "creation_date": "2026-01-01", "creation_day_since_launch": 4220, "creation_year": 2026, "creation_month": 1, "site_cat": 5, "type": "bite", "lon": -2.8886324912309647, "lat": 43.20511789795439, "location_is_masked": false, "movelab_annotation": null, "movelab_annotation_euro": null, "tiger_responses": null, "tiger_responses_text": null, "site_responses": null, "site_responses_text": null, "tigaprob_cat": 0, "latest_version": true, "visible": true, "n_photos": 0, "final_expert_status_text": 1, "responses": [{"id": 1133283, "translated_question": "\u00bfCu\u00e1ntas picaduras tienes y en qu\u00e9 parte del cuerpo?", "translated_answer": "", "question_id": 1, "question": "question_1", "answer_id": 11, "answer": "N/A", "answer_value": "1", "report": "7c7628cf-e443-430f-8270-38d9ef202c6d"}, {"id": 1133284, "translated_question": "\u00bfDonde te han picado?", "translated_answer": "Brazo derecho", "question_id": 2, "question": "question_2", "answer_id": 23, "answer": "question_2_answer_23", "answer_value": "1", "report": "7c7628cf-e443-430f-8270-38d9ef202c6d"}, {"id": 1133285, "translated_question": "\u00bfD\u00f3nde te han picado?", "translated_answer": "Dentro de un edificio", "question_id": 4, "question": "question_4", "answer_id": 42, "answer": "question_4_answer_42", "answer_value": null, "report": "7c7628cf-e443-430f-8270-38d9ef202c6d"}, {"id": 1133286, "translated_question": "\u00bfCuando te han picado?", "translated_answer": "En las \u00faltimas 24h", "question_id": 5, "question": "question_5", "answer_id": 52, "answer": "question_5_answer_52", "answer_value": null, "report": "7c7628cf-e443-430f-8270-38d9ef202c6d"}, {"id": 1133287, "translated_question": "\u00bfEn qu\u00e9 momento ha sido?", "translated_answer": "Noche", "question_id": 3, "question": "question_3", "answer_id": 34, "answer": "question_3_answer_34", "answer_value": null, "report": "7c7628cf-e443-430f-8270-38d9ef202c6d"}], "country": "ESP", "updated_at": "2026-01-01T13:09:37.119172Z", "datetime_fix_offset": null, "point": "SRID=4326;POINT (-2.888632491230965 43.20511789795439)", "nuts_2": "ES21", "nuts_3": "ES213", "cached_visible": true, "session": null}, {"version_UUID": "bf11afa2-4c90-43fa-a3a4-26474bcd6322", "creation_time": "2026-01-01T14:48:41.819838Z", "creation_date": "2026-01-01", "creation_day_since_launch": 4220, "creation_year": 2026, "creation_month": 1, "site_cat": 5, "type": "adult", "lon": 14.4825132, "lat": 40.7139171, "location_is_masked": false, "movelab_annotation": {"edited_user_notes": "Questa immagine mostra un insetto che non \u00e8 una zanzara e non appartiene quindi alla famiglia dei Culicidi. Su www.mosquitoalert.com troverai soluzioni e suggerimenti per catturare e fotografare questi insetti. Si prega di inviare altre foto!", "photo_html": "<a href=\"https://webserver.mosquitoalert.com/media/tigapics/85b06b74-e6e8-47b1-9fa2-fb1c4e503284.jpeg\" target=\"_blank\"><img src=\"https://webserver.mosquitoalert.com/media/tigapics_popups/85b06b74-e6e8-47b1-9fa2-fb1c4e503284.jpeg\"></a>", "tiger_certainty_category": -2, "aegypti_certainty_category": -2, "score": -2, "classification": "none"}, "movelab_annotation_euro": {"edited_user_notes": "Questa immagine mostra un insetto che non \u00e8 una zanzara e non appartiene quindi alla famiglia dei Culicidi. Su www.mosquitoalert.com troverai soluzioni e suggerimenti per catturare e fotografare questi insetti. Si prega di inviare altre foto!", "photo_html": "<a href=\"https://webserver.mosquitoalert.com/media/tigapics/85b06b74-e6e8-47b1-9fa2-fb1c4e503284.jpeg\" target=\"_blank\"><img src=\"https://webserver.mosquitoalert.com/media/tigapics_popups/85b06b74-e6e8-47b1-9fa2-fb1c4e503284.jpeg\"></a>", "class_name": "Other species", "class_label": "other-species", "class_id": 2, "class_value": null}, "tiger_responses": {}, "tiger_responses_text": {"question_13": "question_13_answer_132"}, "site_responses": null, "site_responses_text": null, "tigaprob_cat": 0, "latest_version": true, "visible": true, "n_photos": 2, "final_expert_status_text": 1, "responses": [{"id": 1133288, "translated_question": "Dove hai trovato la zanzara?", "translated_answer": "In un edificio", "question_id": 13, "question": "question_13", "answer_id": 132, "answer": "question_13_answer_132", "answer_value": null, "report": "bf11afa2-4c90-43fa-a3a4-26474bcd6322"}], "country": "ITA", "updated_at": "2026-01-01T17:47:57.746064Z", "datetime_fix_offset": null, "point": "SRID=4326;POINT (14.4825132 40.7139171)", "nuts_2": "ITF3", "nuts_3": "ITF33", "cached_visible": true, "session": null}, {"version_UUID": "43f1e4cb-73e5-44f8-96e2-1a56933a3fac", "creation_time": "2026-01-01T20:27:21.776970Z", "creation_date": "2026-01-01", "creation_day_since_launch": 4220, "creation_year": 2026, "creation_month": 1, "site_cat": 5, "type": "bite", "lon": 18.442662321031094, "lat": 47.19747387942492, "location_is_masked": false, "movelab_annotation": null, "movelab_annotation_euro": null, "tiger_responses": null, "tiger_responses_text": null, "site_responses": null, "site_responses_text": null, "tigaprob_cat": 0, "latest_version": true, "visible": true, "n_photos": 0, "final_expert_status_text": 1, "responses": [{"id": 1133291, "translated_question": "How many bites do you have and where are they on your body?", "translated_answer": "", "question_id": 1, "question": "question_1", "answer_id": 11, "answer": "N/A", "answer_value": "3", "report": "43f1e4cb-73e5-44f8-96e2-1a56933a3fac"}, {"id": 1133292, "translated_question": "Where did they bite you?", "translated_answer": "Left leg", "question_id": 2, "question": "question_2", "answer_id": 25, "answer": "question_2_answer_25", "answer_value": "1", "report": "43f1e4cb-73e5-44f8-96e2-1a56933a3fac"}, {"id": 1133293, "translated_question": "Where did they bite you?", "translated_answer": "Right arm", "question_id": 2, "question": "question_2", "answer_id": 23, "answer": "question_2_answer_23", "answer_value": "2", "report": "43f1e4cb-73e5-44f8-96e2-1a56933a3fac"}, {"id": 1133294, "translated_question": "Where did they bite you?", "translated_answer": "Inside a building", "question_id": 4, "question": "question_4", "answer_id": 42, "answer": "question_4_answer_42", "answer_value": null, "report": "43f1e4cb-73e5-44f8-96e2-1a56933a3fac"}, {"id": 1133295, "translated_question": "When were you bitten?", "translated_answer": "Just now", "question_id": 5, "question": "question_5", "answer_id": 51, "answer": "question_5_answer_51", "answer_value": null, "report": "43f1e4cb-73e5-44f8-96e2-1a56933a3fac"}], "country": "HUN", "updated_at": "2026-01-01T20:27:27.032559Z", "datetime_fix_offset": null, "point": "SRID=4326;POINT (18.44266232103109 47.19747387942492)", "nuts_2": "HU21", "nuts_3": "HU211", "cached_visible": true, "session": null}, {"version_UUID": "a79b82a2-1920-464b-9928-79ef78c92675", "creation_time": "2026-01-01T21:30:20.510051Z", "creation_date": "2026-01-01", "creation_day_since_launch": 4220, "creation_year": 2026, "creation_month": 1, "site_cat": 5, "type": "adult", "lon": -8.7212837, "lat": 42.2270056, "location_is_masked": false, "movelab_annotation": {"edited_user_notes": null, "photo_html": "<a href=\"https://webserver.mosquitoalert.com/media/tigapics/8fee76ba-4f0b-4e02-802a-279b85eef94c.jpeg\" target=\"_blank\"><img src=\"https://webserver.mosquitoalert.com/media/tigapics_popups/8fee76ba-4f0b-4e02-802a-279b85eef94c.jpeg\"></a>", "tiger_certainty_category": -3, "aegypti_certainty_category": -3, "score": -3, "classification": "none"}, "movelab_annotation_euro": {"edited_user_notes": null, "photo_html": "<a href=\"https://webserver.mosquitoalert.com/media/tigapics/8fee76ba-4f0b-4e02-802a-279b85eef94c.jpeg\" target=\"_blank\"><img src=\"https://webserver.mosquitoalert.com/media/tigapics_popups/8fee76ba-4f0b-4e02-802a-279b85eef94c.jpeg\"></a>", "class_name": "Culex sp.", "class_label": "culex-sp", "class_id": 10, "class_value": 2}, "tiger_responses": {}, "tiger_responses_text": {"question_13": "question_13_answer_132"}, "site_responses": null, "site_responses_text": null, "tigaprob_cat": 0, "latest_version": true, "visible": true, "n_photos": 3, "final_expert_status_text": 1, "responses": [{"id": 1133296, "translated_question": "\u00bfD\u00f3nde has encontrado el mosquito?", "translated_answer": "Dentro de un edificio", "question_id": 13, "question": "question_13", "answer_id": 132, "answer": "question_13_answer_132", "answer_value": null, "report": "a79b82a2-1920-464b-9928-79ef78c92675"}], "country": "ESP", "updated_at": "2026-01-02T03:47:25.191656Z", "datetime_fix_offset": null, "point": "SRID=4326;POINT (-8.721283700000001 42.2270056)", "nuts_2": "ES11", "nuts_3": "ES114", "cached_visible": true, "session": null}, {"version_UUID": "9a9ceb53-a333-4e84-9338-96d65a27d452", "creation_time": "2026-01-02T12:23:54.636458Z", "creation_date": "2026-01-02", "creation_day_since_launch": 4221, "creation_year": 2026, "creation_month": 1, "site_cat": 5, "type": "bite", "lon": 7.8008361, "lat": 43.8291303, "location_is_masked": false, "movelab_annotation": null, "movelab_annotation_euro": null, "tiger_responses": null, "tiger_responses_text": null, "site_responses": null, "site_responses_text": null, "tigaprob_cat": 0, "latest_version": true, "visible": true, "n_photos": 0, "final_expert_status_text": 1, "responses": [{"id": 1133299, "translated_question": "Quante punture hai ricevuto e in che parte del corpo?", "translated_answer": "", "question_id": 1, "question": "question_1", "answer_id": 11, "answer": "N/A", "answer_value": "8", "report": "9a9ceb53-a333-4e84-9338-96d65a27d452"}, {"id": 1133300, "translated_question": "Dove ti hanno punto?", "translated_answer": "Testa", "question_id": 2, "question": "question_2", "answer_id": 21, "answer": "question_2_answer_21", "answer_value": "6", "report": "9a9ceb53-a333-4e84-9338-96d65a27d452"}, {"id": 1133301, "translated_question": "Dove ti hanno punto?", "translated_answer": "Braccio destro", "question_id": 2, "question": "question_2", "answer_id": 23, "answer": "question_2_answer_23", "answer_value": "2", "report": "9a9ceb53-a333-4e84-9338-96d65a27d452"}, {"id": 1133302, "translated_question": "Dove eri quando ti hanno punto?", "translated_answer": "In un edificio", "question_id": 4, "question": "question_4", "answer_id": 42, "answer": "question_4_answer_42", "answer_value": null, "report": "9a9ceb53-a333-4e84-9338-96d65a27d452"}, {"id": 1133303, "translated_question": "Quando ti hanno punto?", "translated_answer": "Nelle ultime 24 ore", "question_id": 5, "question": "question_5", "answer_id": 52, "answer": "question_5_answer_52", "answer_value": null, "report": "9a9ceb53-a333-4e84-9338-96d65a27d452"}, {"id": 1133304, "translated_question": "Quando \u00e8 successo?", "translated_answer": "Sera-Notte", "question_id": 3, "question": "question_3", "answer_id": 34, "answer": "question_3_answer_34", "answer_value": null, "report": "9a9ceb53-a333-4e84-9338-96d65a27d452"}], "country": "ITA", "updated_at": "2026-01-02T12:23:55.557146Z", "datetime_fix_offset": null, "point": "SRID=4326;POINT (7.8008361 43.8291303)", "nuts_2": "ITC3", "nuts_3": "ITC31", "cached_visible": true, "session": null}, {"version_UUID": "2a4348d8-d092-408d-adaa-f754faeb6dad", "creation_time": "2026-01-02T22:18:31.255137Z", "creation_date": "2026-01-02", "creation_day_since_launch": 4221, "creation_year": 2026, "creation_month": 1, "site_cat": 5, "type": "bite", "lon": 16.560056009322757, "lat": 40.38970002260553, "location_is_masked": false, "movelab_annotation": null, "movelab_annotation_euro": null, "tiger_responses": null, "tiger_responses_text": null, "site_responses": null, "site_responses_text": null, "tigaprob_cat": 0, "latest_version": true, "visible": true, "n_photos": 0, "final_expert_status_text": 1, "responses": [{"id": 1133306, "translated_question": "Quante punture hai ricevuto e in che parte del corpo?", "translated_answer": "", "question_id": 1, "question": "question_1", "answer_id": 11, "answer": "N/A", "answer_value": "2", "report": "2a4348d8-d092-408d-adaa-f754faeb6dad"}, {"id": 1133307, "translated_question": "Dove ti hanno punto?", "translated_answer": "Gamba sinistra", "question_id": 2, "question": "question_2", "answer_id": 25, "answer": "question_2_answer_25", "answer_value": "1", "report": "2a4348d8-d092-408d-adaa-f754faeb6dad"}, {"id": 1133308, "translated_question": "Dove ti hanno punto?", "translated_answer": "Gamba destra", "question_id": 2, "question": "question_2", "answer_id": 26, "answer": "question_2_answer_26", "answer_value": "1", "report": "2a4348d8-d092-408d-adaa-f754faeb6dad"}, {"id": 1133309, "translated_question": "Dove eri quando ti hanno punto?", "translated_answer": "Non so", "question_id": 4, "question": "question_4", "answer_id": 44, "answer": "question_4_answer_44", "answer_value": null, "report": "2a4348d8-d092-408d-adaa-f754faeb6dad"}, {"id": 1133310, "translated_question": "Quando ti hanno punto?", "translated_answer": "Nelle ultime 24 ore", "question_id": 5, "question": "question_5", "answer_id": 52, "answer": "question_5_answer_52", "answer_value": null, "report": "2a4348d8-d092-408d-adaa-f754faeb6dad"}, {"id": 1133311, "translated_question": "Quando \u00e8 successo?", "translated_answer": "Sera-Notte", "question_id": 3, "question": "question_3", "answer_id": 34, "answer": "question_3_answer_34", "answer_value": null, "report": "2a4348d8-d092-408d-adaa-f754faeb6dad"}], "country": "ITA", "updated_at": "2026-01-02T22:18:31.891952Z", "datetime_fix_offset": null, "point": "SRID=4326;POINT (16.56005600932276 40.38970002260553)", "nuts_2": "ITF5", "nuts_3": "ITF52", "cached_visible": true, "session": null}, {"version_UUID": "05603ad9-784a-4cdb-b676-97f3d92f3098", "creation_time": "2026-01-02T22:19:10.285823Z", "creation_date": "2026-01-02", "creation_day_since_launch": 4221, "creation_year": 2026, "creation_month": 1, "site_cat": 5, "type": "bite", "lon": 16.562614180147648, "lat": 40.38940123508974, "location_is_masked": false, "movelab_annotation": null, "movelab_annotation_euro": null, "tiger_responses": null, "tiger_responses_text": null, "site_responses": null, "site_responses_text": null, "tigaprob_cat": 0, "latest_version": true, "visible": true, "n_photos": 0, "final_expert_status_text": 1, "responses": [{"id": 1133312, "translated_question": "Quante punture hai ricevuto e in che parte del corpo?", "translated_answer": "", "question_id": 1, "question": "question_1", "answer_id": 11, "answer": "N/A", "answer_value": "3", "report": "05603ad9-784a-4cdb-b676-97f3d92f3098"}, {"id": 1133313, "translated_question": "Dove ti hanno punto?", "translated_answer": "Gamba sinistra", "question_id": 2, "question": "question_2", "answer_id": 25, "answer": "question_2_answer_25", "answer_value": "2", "report": "05603ad9-784a-4cdb-b676-97f3d92f3098"}, {"id": 1133314, "translated_question": "Dove ti hanno punto?", "translated_answer": "Gamba destra", "question_id": 2, "question": "question_2", "answer_id": 26, "answer": "question_2_answer_26", "answer_value": "1", "report": "05603ad9-784a-4cdb-b676-97f3d92f3098"}, {"id": 1133315, "translated_question": "Dove eri quando ti hanno punto?", "translated_answer": "Non so", "question_id": 4, "question": "question_4", "answer_id": 44, "answer": "question_4_answer_44", "answer_value": null, "report": "05603ad9-784a-4cdb-b676-97f3d92f3098"}, {"id": 1133316, "translated_question": "Quando ti hanno punto?", "translated_answer": "Nelle ultime 24 ore", "question_id": 5, "question": "question_5", "answer_id": 52, "answer": "question_5_answer_52", "answer_value": null, "report": "05603ad9-784a-4cdb-b676-97f3d92f3098"}, {"id": 1133317, "translated_question": "Quando \u00e8 successo?", "translated_answer": "Sera-Notte", "question_id": 3, "question": "question_3", "answer_id": 34, "answer": "question_3_answer_34", "answer_value": null, "report": "05603ad9-784a-4cdb-b676-97f3d92f3098"}], "country": "ITA", "updated_at": "2026-01-02T22:19:10.761959Z", "datetime_fix_offset": null, "point": "SRID=4326;POINT (16.56261418014765 40.38940123508974)", "nuts_2": "ITF5", "nuts_3": "ITF52", "cached_visible": true, "session": null}, {"version_UUID": "372b5c85-451d-45de-bf9d-eaad77dff09b", "creation_time": "2026-01-02T23:07:24.058967Z", "creation_date": "2026-01-02", "creation_day_since_launch": 4221, "creation_year": 2026, "creation_month": 1, "site_cat": 5, "type": "bite", "lon": -46.8362963, "lat": -23.4129446, "location_is_masked": false, "movelab_annotation": null, "movelab_annotation_euro": null, "tiger_responses": null, "tiger_responses_text": null, "site_responses": null, "site_responses_text": null, "tigaprob_cat": 0, "latest_version": true, "visible": true, "n_photos": 0, "final_expert_status_text": 1, "responses": [{"id": 1133319, "translated_question": "Quantas picadas tens e em que parte do corpo?", "translated_answer": "", "question_id": 1, "question": "question_1", "answer_id": 11, "answer": "N/A", "answer_value": "3", "report": "372b5c85-451d-45de-bf9d-eaad77dff09b"}, {"id": 1133320, "translated_question": "Onde te picaram?", "translated_answer": "Bra\u00e7o esquerdo", "question_id": 2, "question": "question_2", "answer_id": 22, "answer": "question_2_answer_22", "answer_value": "3", "report": "372b5c85-451d-45de-bf9d-eaad77dff09b"}, {"id": 1133321, "translated_question": "Em que per\u00edodo foi?", "translated_answer": "Tarde", "question_id": 3, "question": "question_3", "answer_id": 33, "answer": "question_3_answer_33", "answer_value": null, "report": "372b5c85-451d-45de-bf9d-eaad77dff09b"}, {"id": 1133322, "translated_question": "Onde te picaram?", "translated_answer": "Dentro de um edif\u00edcio", "question_id": 4, "question": "question_4", "answer_id": 42, "answer": "question_4_answer_42", "answer_value": null, "report": "372b5c85-451d-45de-bf9d-eaad77dff09b"}, {"id": 1133323, "translated_question": "Quando te picaram?", "translated_answer": "Nas \u00faltimas 24h", "question_id": 5, "question": "question_5", "answer_id": 52, "answer": "question_5_answer_52", "answer_value": null, "report": "372b5c85-451d-45de-bf9d-eaad77dff09b"}], "country": null, "updated_at": "2026-01-02T23:07:26.372388Z", "datetime_fix_offset": null, "point": "SRID=4326;POINT (-46.8362963 -23.4129446)", "nuts_2": null, "nuts_3": null, "cached_visible": true, "session": null}, {"version_UUID": "3a739a7f-d22f-43b8-a2bf-99ac2c32fe23", "creation_time": "2026-01-02T23:08:34.526141Z", "creation_date": "2026-01-02", "creation_day_since_launch": 4221, "creation_year": 2026, "creation_month": 1, "site_cat": 5, "type": "bite", "lon": -46.8362878, "lat": -23.4128823, "location_is_masked": false, "movelab_annotation": null, "movelab_annotation_euro": null, "tiger_responses": null, "tiger_responses_text": null, "site_responses": null, "site_responses_text": null, "tigaprob_cat": 0, "latest_version": true, "visible": true, "n_photos": 0, "final_expert_status_text": 1, "responses": [{"id": 1133324, "translated_question": "Quantas picadas tens e em que parte do corpo?", "translated_answer": "", "question_id": 1, "question": "question_1", "answer_id": 11, "answer": "N/A", "answer_value": "3", "report": "3a739a7f-d22f-43b8-a2bf-99ac2c32fe23"}, {"id": 1133325, "translated_question": "Onde te picaram?", "translated_answer": "Bra\u00e7o esquerdo", "question_id": 2, "question": "question_2", "answer_id": 22, "answer": "question_2_answer_22", "answer_value": "3", "report": "3a739a7f-d22f-43b8-a2bf-99ac2c32fe23"}, {"id": 1133326, "translated_question": "Onde te picaram?", "translated_answer": "Dentro de um edif\u00edcio", "question_id": 4, "question": "question_4", "answer_id": 42, "answer": "question_4_answer_42", "answer_value": null, "report": "3a739a7f-d22f-43b8-a2bf-99ac2c32fe23"}, {"id": 1133327, "translated_question": "Quando te picaram?", "translated_answer": "Nas \u00faltimas 24h", "question_id": 5, "question": "question_5", "answer_id": 52, "answer": "question_5_answer_52", "answer_value": null, "report": "3a739a7f-d22f-43b8-a2bf-99ac2c32fe23"}, {"id": 1133328, "translated_question": "Em que per\u00edodo foi?", "translated_answer": "Tarde", "question_id": 3, "question": "question_3", "answer_id": 33, "answer": "question_3_answer_33", "answer_value": null, "report": "3a739a7f-d22f-43b8-a2bf-99ac2c32fe23"}], "country": null, "updated_at": "2026-01-02T23:08:31.780589Z", "datetime_fix_offset": null, "point": "SRID=4326;POINT (-46.8362878 -23.4128823)", "nuts_2": null, "nuts_3": null, "cached_visible": true, "session": null}, {"version_UUID": "83bbd4f3-4cbd-406c-bf4d-ffdee8b320a0", "creation_time": "2026-01-03T00:44:48.140660Z", "creation_date": "2026-01-03", "creation_day_since_launch": 4222, "creation_year": 2026, "creation_month": 1, "site_cat": 5, "type": "bite", "lon": 36.9588617, "lat": -1.2559132, "location_is_masked": false, "movelab_annotation": null, "movelab_annotation_euro": null, "tiger_responses": null, "tiger_responses_text": null, "site_responses": null, "site_responses_text": null, "tigaprob_cat": 0, "latest_version": true, "visible": true, "n_photos": 0, "final_expert_status_text": 1, "responses": [{"id": 1133330, "translated_question": "How many bites do you have and where are they on your body?", "translated_answer": "", "question_id": 1, "question": "question_1", "answer_id": 11, "answer": "N/A", "answer_value": "3", "report": "83bbd4f3-4cbd-406c-bf4d-ffdee8b320a0"}, {"id": 1133331, "translated_question": "Where did they bite you?", "translated_answer": "Left arm", "question_id": 2, "question": "question_2", "answer_id": 22, "answer": "question_2_answer_22", "answer_value": "2", "report": "83bbd4f3-4cbd-406c-bf4d-ffdee8b320a0"}, {"id": 1133332, "translated_question": "Where did they bite you?", "translated_answer": "Inside a building", "question_id": 4, "question": "question_4", "answer_id": 42, "answer": "question_4_answer_42", "answer_value": null, "report": "83bbd4f3-4cbd-406c-bf4d-ffdee8b320a0"}, {"id": 1133333, "translated_question": "When were you bitten?", "translated_answer": "Just now", "question_id": 5, "question": "question_5", "answer_id": 51, "answer": "question_5_answer_51", "answer_value": null, "report": "83bbd4f3-4cbd-406c-bf4d-ffdee8b320a0"}, {"id": 1133334, "translated_question": "Where did they bite you?", "translated_answer": "Left leg", "question_id": 2, "question": "question_2", "answer_id": 25, "answer": "question_2_answer_25", "answer_value": "1", "report": "83bbd4f3-4cbd-406c-bf4d-ffdee8b320a0"}], "country": null, "updated_at": "2026-01-03T00:44:50.872778Z", "datetime_fix_offset": null, "point": "SRID=4326;POINT (36.9588617 -1.2559132)", "nuts_2": null, "nuts_3": null, "cached_visible": true, "session": null}, {"version_UUID": "17c9363e-bf41-47f3-9dfe-fbb4e574e21e", "creation_time": "2026-01-03T00:58:45.543037Z", "creation_date": "2026-01-03", "creation_day_since_launch": 4222, "creation_year": 2026, "creation_month": 1, "site_cat": 5, "type": "bite", "lon": -9.2258417, "lat": 38.7369525, "location_is_masked": false, "movelab_annotation": null, "movelab_annotation_euro": null, "tiger_responses": null, "tiger_responses_text": null, "site_responses": null, "site_responses_text": null, "tigaprob_cat": 0, "latest_version": true, "visible": true, "n_photos": 0, "final_expert_status_text": 1, "responses": [{"id": 1133338, "translated_question": "Quantas picadas tens e em que parte do corpo?", "translated_answer": "", "question_id": 1, "question": "question_1", "answer_id": 11, "answer": "N/A", "answer_value": "2", "report": "17c9363e-bf41-47f3-9dfe-fbb4e574e21e"}, {"id": 1133339, "translated_question": "Onde te picaram?", "translated_answer": "Cabe\u00e7a", "question_id": 2, "question": "question_2", "answer_id": 21, "answer": "question_2_answer_21", "answer_value": "2", "report": "17c9363e-bf41-47f3-9dfe-fbb4e574e21e"}, {"id": 1133340, "translated_question": "Onde te picaram?", "translated_answer": "Dentro de um edif\u00edcio", "question_id": 4, "question": "question_4", "answer_id": 42, "answer": "question_4_answer_42", "answer_value": null, "report": "17c9363e-bf41-47f3-9dfe-fbb4e574e21e"}, {"id": 1133341, "translated_question": "Em que per\u00edodo foi?", "translated_answer": "Noite", "question_id": 3, "question": "question_3", "answer_id": 34, "answer": "question_3_answer_34", "answer_value": null, "report": "17c9363e-bf41-47f3-9dfe-fbb4e574e21e"}], "country": "PRT", "updated_at": "2026-01-03T00:58:45.595112Z", "datetime_fix_offset": null, "point": "SRID=4326;POINT (-9.2258417 38.7369525)", "nuts_2": "PT17", "nuts_3": "PT170", "cached_visible": true, "session": null}, {"version_UUID": "4b32196d-4952-4711-85dc-5c895874d4bb", "creation_time": "2026-01-03T02:57:39.069534Z", "creation_date": "2026-01-03", "creation_day_since_launch": 4222, "creation_year": 2026, "creation_month": 1, "site_cat": 5, "type": "adult", "lon": -77.0755468, "lat": 18.1714612, "location_is_masked": false, "movelab_annotation": null, "movelab_annotation_euro": null, "tiger_responses": {}, "tiger_responses_text": {"question_13": "question_13_answer_133"}, "site_responses": null, "site_responses_text": null, "tigaprob_cat": 0, "latest_version": true, "visible": true, "n_photos": 0, "final_expert_status_text": 1, "responses": [{"id": 1133350, "translated_question": "Where did you find the mosquito?", "translated_answer": "Outdoors", "question_id": 13, "question": "question_13", "answer_id": 133, "answer": "question_13_answer_133", "answer_value": null, "report": "4b32196d-4952-4711-85dc-5c895874d4bb"}], "country": "JAM", "updated_at": "2026-01-03T02:58:37.505905Z", "datetime_fix_offset": null, "point": "SRID=4326;POINT (-77.0755468 18.1714612)", "nuts_2": null, "nuts_3": null, "cached_visible": true, "session": null}, {"version_UUID": "0b503027-8e00-48e7-929d-3c2a4db49301", "creation_time": "2026-01-03T02:58:36.588552Z", "creation_date": "2026-01-03", "creation_day_since_launch": 4222, "creation_year": 2026, "creation_month": 1, "site_cat": 5, "type": "bite", "lon": -77.0755468, "lat": 18.1714612, "location_is_masked": false, "movelab_annotation": null, "movelab_annotation_euro": null, "tiger_responses": null, "tiger_responses_text": null, "site_responses": null, "site_responses_text": null, "tigaprob_cat": 0, "latest_version": true, "visible": true, "n_photos": 0, "final_expert_status_text": 1, "responses": [{"id": 1133351, "translated_question": "How many bites do you have and where are they on your body?", "translated_answer": "", "question_id": 1, "question": "question_1", "answer_id": 11, "answer": "N/A", "answer_value": "4", "report": "0b503027-8e00-48e7-929d-3c2a4db49301"}, {"id": 1133352, "translated_question": "Where did they bite you?", "translated_answer": "Right arm", "question_id": 2, "question": "question_2", "answer_id": 23, "answer": "question_2_answer_23", "answer_value": "2", "report": "0b503027-8e00-48e7-929d-3c2a4db49301"}, {"id": 1133353, "translated_question": "Where did they bite you?", "translated_answer": "Left arm", "question_id": 2, "question": "question_2", "answer_id": 22, "answer": "question_2_answer_22", "answer_value": "1", "report": "0b503027-8e00-48e7-929d-3c2a4db49301"}, {"id": 1133354, "translated_question": "Where did they bite you?", "translated_answer": "Right leg", "question_id": 2, "question": "question_2", "answer_id": 26, "answer": "question_2_answer_26", "answer_value": "1", "report": "0b503027-8e00-48e7-929d-3c2a4db49301"}, {"id": 1133355, "translated_question": "Where did they bite you?", "translated_answer": "Outdoors", "question_id": 4, "question": "question_4", "answer_id": 43, "answer": "question_4_answer_43", "answer_value": null, "report": "0b503027-8e00-48e7-929d-3c2a4db49301"}, {"id": 1133356, "translated_question": "When were you bitten?", "translated_answer": "Just now", "question_id": 5, "question": "question_5", "answer_id": 51, "answer": "question_5_answer_51", "answer_value": null, "report": "0b503027-8e00-48e7-929d-3c2a4db49301"}], "country": "JAM", "updated_at": "2026-01-03T02:58:42.948298Z", "datetime_fix_offset": null, "point": "SRID=4326;POINT (-77.0755468 18.1714612)", "nuts_2": null, "nuts_3": null, "cached_visible": true, "session": null}, {"version_UUID": "d3994bf6-c512-4865-98bb-2251fbce1b41", "creation_time": "2026-01-03T11:23:05.057026Z", "creation_date": "2026-01-03", "creation_day_since_launch": 4222, "creation_year": 2026, "creation_month": 1, "site_cat": 5, "type": "adult", "lon": -4.7347706, "lat": 41.6417361, "location_is_masked": false, "movelab_annotation": {"edited_user_notes": "Esta foto muestra un insecto que no es un mosquito verdadero, es decir, no pertenece a la familia de los Cul\u00edcidos. En www.mosquitoalert.com encontrar\u00e1s trucos para reconocer estas especies y atrapar y fotografiar estos insectos. \u00a1Env\u00eda m\u00e1s fotos!", "photo_html": "<a href=\"https://webserver.mosquitoalert.com/media/tigapics/d166dc3c-00b0-446d-a1e1-657e0000a62b.jpeg\" target=\"_blank\"><img src=\"https://webserver.mosquitoalert.com/media/tigapics_popups/d166dc3c-00b0-446d-a1e1-657e0000a62b.jpeg\"></a>", "tiger_certainty_category": -2, "aegypti_certainty_category": -2, "score": -2, "classification": "none"}, "movelab_annotation_euro": {"edited_user_notes": "Esta foto muestra un insecto que no es un mosquito verdadero, es decir, no pertenece a la familia de los Cul\u00edcidos. En www.mosquitoalert.com encontrar\u00e1s trucos para reconocer estas especies y atrapar y fotografiar estos insectos. \u00a1Env\u00eda m\u00e1s fotos!", "photo_html": "<a href=\"https://webserver.mosquitoalert.com/media/tigapics/d166dc3c-00b0-446d-a1e1-657e0000a62b.jpeg\" target=\"_blank\"><img src=\"https://webserver.mosquitoalert.com/media/tigapics_popups/d166dc3c-00b0-446d-a1e1-657e0000a62b.jpeg\"></a>", "class_name": "Other species", "class_label": "other-species", "class_id": 2, "class_value": null}, "tiger_responses": {}, "tiger_responses_text": {"question_13": "question_13_answer_132"}, "site_responses": null, "site_responses_text": null, "tigaprob_cat": 0, "latest_version": true, "visible": true, "n_photos": 1, "final_expert_status_text": 1, "responses": [{"id": 1133357, "translated_question": "\u00bfD\u00f3nde has encontrado el mosquito?", "translated_answer": "Dentro de un edificio", "question_id": 13, "question": "question_13", "answer_id": 132, "answer": "question_13_answer_132", "answer_value": null, "report": "d3994bf6-c512-4865-98bb-2251fbce1b41"}], "country": "ESP", "updated_at": "2026-01-04T09:37:16.552520Z", "datetime_fix_offset": null, "point": "SRID=4326;POINT (-4.7347706 41.6417361)", "nuts_2": "ES41", "nuts_3": "ES418", "cached_visible": true, "session": null}, {"version_UUID": "617d6abd-6365-4ff6-b8bb-427affcfeaae", "creation_time": "2026-01-03T15:58:49.137770Z", "creation_date": "2026-01-03", "creation_day_since_launch": 4222, "creation_year": 2026, "creation_month": 1, "site_cat": 5, "type": "adult", "lon": -8.45155806206386, "lat": 37.13472143345602, "location_is_masked": false, "movelab_annotation": {"edited_user_notes": "Esta imagem mostra um inseto que n\u00e3o \u00e9 um mosquito da fam\u00edlia Culicidae. Em www.mosquitoalert.com vai encontrar truques e dicas para capturar e fotografar estes insetos. Por favor, envie mais fotos!", "photo_html": "<a href=\"https://webserver.mosquitoalert.com/media/tigapics/24f4e387-661e-4e3f-a2c3-bc5123fb0da9.jpeg\" target=\"_blank\"><img src=\"https://webserver.mosquitoalert.com/media/tigapics_popups/24f4e387-661e-4e3f-a2c3-bc5123fb0da9.jpeg\"></a>", "tiger_certainty_category": -2, "aegypti_certainty_category": -2, "score": -2, "classification": "none"}, "movelab_annotation_euro": {"edited_user_notes": "Esta imagem mostra um inseto que n\u00e3o \u00e9 um mosquito da fam\u00edlia Culicidae. Em www.mosquitoalert.com vai encontrar truques e dicas para capturar e fotografar estes insetos. Por favor, envie mais fotos!", "photo_html": "<a href=\"https://webserver.mosquitoalert.com/media/tigapics/24f4e387-661e-4e3f-a2c3-bc5123fb0da9.jpeg\" target=\"_blank\"><img src=\"https://webserver.mosquitoalert.com/media/tigapics_popups/24f4e387-661e-4e3f-a2c3-bc5123fb0da9.jpeg\"></a>", "class_name": "Other species", "class_label": "other-species", "class_id": 2, "class_value": null}, "tiger_responses": {}, "tiger_responses_text": {"question_13": "question_13_answer_133"}, "site_responses": null, "site_responses_text": null, "tigaprob_cat": 0, "latest_version": true, "visible": true, "n_photos": 2, "final_expert_status_text": 1, "responses": [{"id": 1133359, "translated_question": "Onde encontraste o mosquito?", "translated_answer": "No exterior", "question_id": 13, "question": "question_13", "answer_id": 133, "answer": "question_13_answer_133", "answer_value": null, "report": "617d6abd-6365-4ff6-b8bb-427affcfeaae"}], "country": "PRT", "updated_at": "2026-01-03T18:25:33.036377Z", "datetime_fix_offset": null, "point": "SRID=4326;POINT (-8.45155806206386 37.13472143345602)", "nuts_2": "PT15", "nuts_3": "PT150", "cached_visible": true, "session": null}, {"version_UUID": "749883e8-3312-4a66-91c0-0be751f9f259", "creation_time": "2026-01-03T17:23:19.478062Z", "creation_date": "2026-01-03", "creation_day_since_launch": 4222, "creation_year": 2026, "creation_month": 1, "site_cat": 5, "type": "bite", "lon": 84.7956752, "lat": 19.3181477, "location_is_masked": false, "movelab_annotation": null, "movelab_annotation_euro": null, "tiger_responses": null, "tiger_responses_text": null, "site_responses": null, "site_responses_text": null, "tigaprob_cat": 0, "latest_version": true, "visible": true, "n_photos": 0, "final_expert_status_text": 1, "responses": [{"id": 1133360, "translated_question": "How many bites do you have and where are they on your body?", "translated_answer": "", "question_id": 1, "question": "question_1", "answer_id": 11, "answer": "N/A", "answer_value": "2", "report": "749883e8-3312-4a66-91c0-0be751f9f259"}, {"id": 1133361, "translated_question": "Where did they bite you?", "translated_answer": "Left arm", "question_id": 2, "question": "question_2", "answer_id": 22, "answer": "question_2_answer_22", "answer_value": "1", "report": "749883e8-3312-4a66-91c0-0be751f9f259"}, {"id": 1133362, "translated_question": "Where did they bite you?", "translated_answer": "Right arm", "question_id": 2, "question": "question_2", "answer_id": 23, "answer": "question_2_answer_23", "answer_value": "1", "report": "749883e8-3312-4a66-91c0-0be751f9f259"}, {"id": 1133363, "translated_question": "Where did they bite you?", "translated_answer": "Inside a building", "question_id": 4, "question": "question_4", "answer_id": 42, "answer": "question_4_answer_42", "answer_value": null, "report": "749883e8-3312-4a66-91c0-0be751f9f259"}, {"id": 1133364, "translated_question": "When were you bitten?", "translated_answer": "Just now", "question_id": 5, "question": "question_5", "answer_id": 51, "answer": "question_5_answer_51", "answer_value": null, "report": "749883e8-3312-4a66-91c0-0be751f9f259"}], "country": null, "updated_at": "2026-01-03T17:23:21.557035Z", "datetime_fix_offset": null, "point": "SRID=4326;POINT (84.79567520000001 19.3181477)", "nuts_2": null, "nuts_3": null, "cached_visible": true, "session": null}, {"version_UUID": "acb62e06-25b9-4699-851d-07311bb1365b", "creation_time": "2026-01-03T21:45:18.460363Z", "creation_date": "2026-01-03", "creation_day_since_launch": 4222, "creation_year": 2026, "creation_month": 1, "site_cat": 5, "type": "bite", "lon": -0.6993811, "lat": 37.9959687, "location_is_masked": false, "movelab_annotation": null, "movelab_annotation_euro": null, "tiger_responses": null, "tiger_responses_text": null, "site_responses": null, "site_responses_text": null, "tigaprob_cat": 0, "latest_version": true, "visible": true, "n_photos": 0, "final_expert_status_text": 1, "responses": [{"id": 1133367, "translated_question": "Quante punture hai ricevuto e in che parte del corpo?", "translated_answer": "", "question_id": 1, "question": "question_1", "answer_id": 11, "answer": "N/A", "answer_value": "2", "report": "acb62e06-25b9-4699-851d-07311bb1365b"}, {"id": 1133368, "translated_question": "Dove ti hanno punto?", "translated_answer": "Gamba sinistra", "question_id": 2, "question": "question_2", "answer_id": 25, "answer": "question_2_answer_25", "answer_value": "1", "report": "acb62e06-25b9-4699-851d-07311bb1365b"}, {"id": 1133369, "translated_question": "Dove ti hanno punto?", "translated_answer": "Braccio sinistro", "question_id": 2, "question": "question_2", "answer_id": 22, "answer": "question_2_answer_22", "answer_value": "1", "report": "acb62e06-25b9-4699-851d-07311bb1365b"}, {"id": 1133370, "translated_question": "Dove eri quando ti hanno punto?", "translated_answer": "In un edificio", "question_id": 4, "question": "question_4", "answer_id": 42, "answer": "question_4_answer_42", "answer_value": null, "report": "acb62e06-25b9-4699-851d-07311bb1365b"}], "country": "ESP", "updated_at": "2026-01-03T21:45:19.209296Z", "datetime_fix_offset": null, "point": "SRID=4326;POINT (-0.6993811 37.9959687)", "nuts_2": "ES52", "nuts_3": "ES521", "cached_visible": true, "session": null}, {"version_UUID": "499c4958-cbf8-47f1-98d2-f556a9b108ae", "creation_time": "2026-01-04T07:45:29.774064Z", "creation_date": "2026-01-04", "creation_day_since_launch": 4223, "creation_year": 2026, "creation_month": 1, "site_cat": 5, "type": "adult", "lon": 2.5271236, "lat": 41.5694605, "location_is_masked": false, "movelab_annotation": null, "movelab_annotation_euro": null, "tiger_responses": {}, "tiger_responses_text": {"question_13": "question_13_answer_132"}, "site_responses": null, "site_responses_text": null, "tigaprob_cat": 0, "latest_version": true, "visible": true, "n_photos": 0, "final_expert_status_text": 1, "responses": [{"id": 1133372, "translated_question": "Onde encontraste o mosquito?", "translated_answer": "Dentro de um edif\u00edcio", "question_id": 13, "question": "question_13", "answer_id": 132, "answer": "question_13_answer_132", "answer_value": null, "report": "499c4958-cbf8-47f1-98d2-f556a9b108ae"}], "country": "ESP", "updated_at": "2026-01-04T07:45:30.514186Z", "datetime_fix_offset": null, "point": "SRID=4326;POINT (2.5271236 41.5694605)", "nuts_2": "ES51", "nuts_3": "ES511", "cached_visible": true, "session": null}, {"version_UUID": "a8530efc-90e0-4bce-8477-2cebaab80952", "creation_time": "2026-01-04T09:49:54.905848Z", "creation_date": "2026-01-04", "creation_day_since_launch": 4223, "creation_year": 2026, "creation_month": 1, "site_cat": 5, "type": "bite", "lon": 10.782195925712585, "lat": 43.8850532843407, "location_is_masked": false, "movelab_annotation": null, "movelab_annotation_euro": null, "tiger_responses": null, "tiger_responses_text": null, "site_responses": null, "site_responses_text": null, "tigaprob_cat": 0, "latest_version": true, "visible": true, "n_photos": 0, "final_expert_status_text": 1, "responses": [{"id": 1133373, "translated_question": "Quante punture hai ricevuto e in che parte del corpo?", "translated_answer": "", "question_id": 1, "question": "question_1", "answer_id": 11, "answer": "N/A", "answer_value": "3", "report": "a8530efc-90e0-4bce-8477-2cebaab80952"}, {"id": 1133374, "translated_question": "Dove ti hanno punto?", "translated_answer": "Braccio destro", "question_id": 2, "question": "question_2", "answer_id": 23, "answer": "question_2_answer_23", "answer_value": "1", "report": "a8530efc-90e0-4bce-8477-2cebaab80952"}, {"id": 1133375, "translated_question": "Dove ti hanno punto?", "translated_answer": "Braccio sinistro", "question_id": 2, "question": "question_2", "answer_id": 22, "answer": "question_2_answer_22", "answer_value": "1", "report": "a8530efc-90e0-4bce-8477-2cebaab80952"}, {"id": 1133376, "translated_question": "Dove ti hanno punto?", "translated_answer": "Testa", "question_id": 2, "question": "question_2", "answer_id": 21, "answer": "question_2_answer_21", "answer_value": "1", "report": "a8530efc-90e0-4bce-8477-2cebaab80952"}, {"id": 1133377, "translated_question": "Dove eri quando ti hanno punto?", "translated_answer": "In un edificio", "question_id": 4, "question": "question_4", "answer_id": 42, "answer": "question_4_answer_42", "answer_value": null, "report": "a8530efc-90e0-4bce-8477-2cebaab80952"}, {"id": 1133378, "translated_question": "Quando ti hanno punto?", "translated_answer": "Nelle ultime 24 ore", "question_id": 5, "question": "question_5", "answer_id": 52, "answer": "question_5_answer_52", "answer_value": null, "report": "a8530efc-90e0-4bce-8477-2cebaab80952"}, {"id": 1133379, "translated_question": "Quando \u00e8 successo?", "translated_answer": "Sera-Notte", "question_id": 3, "question": "question_3", "answer_id": 34, "answer": "question_3_answer_34", "answer_value": null, "report": "a8530efc-90e0-4bce-8477-2cebaab80952"}], "country": "ITA", "updated_at": "2026-01-04T09:49:55.444277Z", "datetime_fix_offset": null, "point": "SRID=4326;POINT (10.78219592571259 43.8850532843407)", "nuts_2": "ITI1", "nuts_3": "ITI13", "cached_visible": true, "session": null}, {"version_UUID": "fdec4d73-a69d-4ed6-9760-4eac41ea8cf1", "creation_time": "2026-01-04T13:56:05.698253Z", "creation_date": "2026-01-04", "creation_day_since_launch": 4223, "creation_year": 2026, "creation_month": 1, "site_cat": 5, "type": "bite", "lon": -39.7512553, "lat": -18.7274549, "location_is_masked": false, "movelab_annotation": null, "movelab_annotation_euro": null, "tiger_responses": null, "tiger_responses_text": null, "site_responses": null, "site_responses_text": null, "tigaprob_cat": 0, "latest_version": true, "visible": true, "n_photos": 0, "final_expert_status_text": 1, "responses": [{"id": 1133382, "translated_question": "Quantas picadas tens e em que parte do corpo?", "translated_answer": "", "question_id": 1, "question": "question_1", "answer_id": 11, "answer": "N/A", "answer_value": "2", "report": "fdec4d73-a69d-4ed6-9760-4eac41ea8cf1"}, {"id": 1133383, "translated_question": "Onde te picaram?", "translated_answer": "Perna esquerda", "question_id": 2, "question": "question_2", "answer_id": 25, "answer": "question_2_answer_25", "answer_value": "1", "report": "fdec4d73-a69d-4ed6-9760-4eac41ea8cf1"}, {"id": 1133384, "translated_question": "Onde te picaram?", "translated_answer": "Perna direita", "question_id": 2, "question": "question_2", "answer_id": 26, "answer": "question_2_answer_26", "answer_value": "1", "report": "fdec4d73-a69d-4ed6-9760-4eac41ea8cf1"}, {"id": 1133385, "translated_question": "Onde te picaram?", "translated_answer": "Dentro de um edif\u00edcio", "question_id": 4, "question": "question_4", "answer_id": 42, "answer": "question_4_answer_42", "answer_value": null, "report": "fdec4d73-a69d-4ed6-9760-4eac41ea8cf1"}, {"id": 1133386, "translated_question": "Quando te picaram?", "translated_answer": "Agora mesmo", "question_id": 5, "question": "question_5", "answer_id": 51, "answer": "question_5_answer_51", "answer_value": null, "report": "fdec4d73-a69d-4ed6-9760-4eac41ea8cf1"}], "country": null, "updated_at": "2026-01-04T13:56:12.811600Z", "datetime_fix_offset": null, "point": "SRID=4326;POINT (-39.7512553 -18.7274549)", "nuts_2": null, "nuts_3": null, "cached_visible": true, "session": null}, {"version_UUID": "651055e0-dfde-4c5d-a240-9243012efe9f", "creation_time": "2026-01-04T14:14:18.876991Z", "creation_date": "2026-01-04", "creation_day_since_launch": 4223, "creation_year": 2026, "creation_month": 1, "site_cat": 5, "type": "adult", "lon": 13.788140461733526, "lat": 47.914015270481286, "location_is_masked": false, "movelab_annotation": {"edited_user_notes": "Dieses Foto zeigt ein Insekt, das keine echte Stechm\u00fccke aus der Familie der Culicidae ist. Unter www.mosquitoalert.com findest du Tricks und Tipps zum Fangen und Fotografieren dieser Insekten. Bitte sende weitere Fotos!", "photo_html": "<a href=\"https://webserver.mosquitoalert.com/media/tigapics/1db195ec-752a-4698-b0f8-29ba6f4b9ab9.jpeg\" target=\"_blank\"><img src=\"https://webserver.mosquitoalert.com/media/tigapics_popups/1db195ec-752a-4698-b0f8-29ba6f4b9ab9.jpeg\"></a>", "tiger_certainty_category": -2, "aegypti_certainty_category": -2, "score": -2, "classification": "none"}, "movelab_annotation_euro": {"edited_user_notes": "Dieses Foto zeigt ein Insekt, das keine echte Stechm\u00fccke aus der Familie der Culicidae ist. Unter www.mosquitoalert.com findest du Tricks und Tipps zum Fangen und Fotografieren dieser Insekten. Bitte sende weitere Fotos!", "photo_html": "<a href=\"https://webserver.mosquitoalert.com/media/tigapics/1db195ec-752a-4698-b0f8-29ba6f4b9ab9.jpeg\" target=\"_blank\"><img src=\"https://webserver.mosquitoalert.com/media/tigapics_popups/1db195ec-752a-4698-b0f8-29ba6f4b9ab9.jpeg\"></a>", "class_name": "Other species", "class_label": "other-species", "class_id": 2, "class_value": null}, "tiger_responses": {}, "tiger_responses_text": {"question_13": "question_13_answer_132"}, "site_responses": null, "site_responses_text": null, "tigaprob_cat": 0, "latest_version": true, "visible": true, "n_photos": 1, "final_expert_status_text": 1, "responses": [{"id": 1133387, "translated_question": "Wo hast du die Stechm\u00fccke gefunden?", "translated_answer": "In einem Geb\u00e4ude", "question_id": 13, "question": "question_13", "answer_id": 132, "answer": "question_13_answer_132", "answer_value": null, "report": "651055e0-dfde-4c5d-a240-9243012efe9f"}], "country": "AUT", "updated_at": "2026-01-04T17:53:53.195254Z", "datetime_fix_offset": null, "point": "SRID=4326;POINT (13.78814046173353 47.91401527048129)", "nuts_2": "AT31", "nuts_3": "AT315", "cached_visible": true, "session": null}, {"version_UUID": "4e461b25-9d2c-4013-a156-bb29220414f0", "creation_time": "2026-01-04T14:59:31.329618Z", "creation_date": "2026-01-04", "creation_day_since_launch": 4223, "creation_year": 2026, "creation_month": 1, "site_cat": 5, "type": "bite", "lon": 8.5423075, "lat": 40.660658, "location_is_masked": false, "movelab_annotation": null, "movelab_annotation_euro": null, "tiger_responses": null, "tiger_responses_text": null, "site_responses": null, "site_responses_text": null, "tigaprob_cat": 0, "latest_version": true, "visible": true, "n_photos": 0, "final_expert_status_text": 1, "responses": [{"id": 1133393, "translated_question": "Quante punture hai ricevuto e in che parte del corpo?", "translated_answer": "", "question_id": 1, "question": "question_1", "answer_id": 11, "answer": "N/A", "answer_value": "1", "report": "4e461b25-9d2c-4013-a156-bb29220414f0"}, {"id": 1133394, "translated_question": "Dove ti hanno punto?", "translated_answer": "Braccio sinistro", "question_id": 2, "question": "question_2", "answer_id": 22, "answer": "question_2_answer_22", "answer_value": "1", "report": "4e461b25-9d2c-4013-a156-bb29220414f0"}, {"id": 1133395, "translated_question": "Dove eri quando ti hanno punto?", "translated_answer": "In un edificio", "question_id": 4, "question": "question_4", "answer_id": 42, "answer": "question_4_answer_42", "answer_value": null, "report": "4e461b25-9d2c-4013-a156-bb29220414f0"}, {"id": 1133396, "translated_question": "Quando ti hanno punto?", "translated_answer": "Nelle ultime 24 ore", "question_id": 5, "question": "question_5", "answer_id": 52, "answer": "question_5_answer_52", "answer_value": null, "report": "4e461b25-9d2c-4013-a156-bb29220414f0"}, {"id": 1133397, "translated_question": "Quando \u00e8 successo?", "translated_answer": "Mattina", "question_id": 3, "question": "question_3", "answer_id": 31, "answer": "question_3_answer_31", "answer_value": null, "report": "4e461b25-9d2c-4013-a156-bb29220414f0"}], "country": "ITA", "updated_at": "2026-01-04T14:59:32.779768Z", "datetime_fix_offset": null, "point": "SRID=4326;POINT (8.5423075 40.660658)", "nuts_2": "ITG2", "nuts_3": "ITG2D", "cached_visible": true, "session": null}, {"version_UUID": "5ebaacab-e8e3-432b-8f4f-51bf6b135217", "creation_time": "2026-01-04T18:39:15.127875Z", "creation_date": "2026-01-04", "creation_day_since_launch": 4223, "creation_year": 2026, "creation_month": 1, "site_cat": 5, "type": "bite", "lon": -0.838651, "lat": 38.3562556, "location_is_masked": false, "movelab_annotation": null, "movelab_annotation_euro": null, "tiger_responses": null, "tiger_responses_text": null, "site_responses": null, "site_responses_text": null, "tigaprob_cat": 0, "latest_version": true, "visible": true, "n_photos": 0, "final_expert_status_text": 1, "responses": [{"id": 1133399, "translated_question": "How many bites do you have and where are they on your body?", "translated_answer": "", "question_id": 1, "question": "question_1", "answer_id": 11, "answer": "N/A", "answer_value": "1", "report": "5ebaacab-e8e3-432b-8f4f-51bf6b135217"}, {"id": 1133400, "translated_question": "Where did they bite you?", "translated_answer": "Head", "question_id": 2, "question": "question_2", "answer_id": 21, "answer": "question_2_answer_21", "answer_value": "1", "report": "5ebaacab-e8e3-432b-8f4f-51bf6b135217"}, {"id": 1133401, "translated_question": "Where did they bite you?", "translated_answer": "Inside a building", "question_id": 4, "question": "question_4", "answer_id": 42, "answer": "question_4_answer_42", "answer_value": null, "report": "5ebaacab-e8e3-432b-8f4f-51bf6b135217"}, {"id": 1133402, "translated_question": "When were you bitten?", "translated_answer": "Just now", "question_id": 5, "question": "question_5", "answer_id": 51, "answer": "question_5_answer_51", "answer_value": null, "report": "5ebaacab-e8e3-432b-8f4f-51bf6b135217"}], "country": "ESP", "updated_at": "2026-01-04T18:39:15.359831Z", "datetime_fix_offset": null, "point": "SRID=4326;POINT (-0.838651 38.3562556)", "nuts_2": "ES52", "nuts_3": "ES521", "cached_visible": true, "session": null}, {"version_UUID": "9c3b8493-2780-42a4-9af6-da4d43588519", "creation_time": "2026-01-04T19:49:12.002083Z", "creation_date": "2026-01-04", "creation_day_since_launch": 4223, "creation_year": 2026, "creation_month": 1, "site_cat": 5, "type": "bite", "lon": -69.00505617214684, "lat": 18.990072883771916, "location_is_masked": false, "movelab_annotation": null, "movelab_annotation_euro": null, "tiger_responses": null, "tiger_responses_text": null, "site_responses": null, "site_responses_text": null, "tigaprob_cat": 0, "latest_version": true, "visible": true, "n_photos": 0, "final_expert_status_text": 1, "responses": [{"id": 1133403, "translated_question": "Quante punture hai ricevuto e in che parte del corpo?", "translated_answer": "", "question_id": 1, "question": "question_1", "answer_id": 11, "answer": "N/A", "answer_value": "20", "report": "9c3b8493-2780-42a4-9af6-da4d43588519"}, {"id": 1133404, "translated_question": "Dove eri quando ti hanno punto?", "translated_answer": "Non so", "question_id": 4, "question": "question_4", "answer_id": 44, "answer": "question_4_answer_44", "answer_value": null, "report": "9c3b8493-2780-42a4-9af6-da4d43588519"}, {"id": 1133405, "translated_question": "Quando ti hanno punto?", "translated_answer": "Nelle ultime 24 ore", "question_id": 5, "question": "question_5", "answer_id": 52, "answer": "question_5_answer_52", "answer_value": null, "report": "9c3b8493-2780-42a4-9af6-da4d43588519"}, {"id": 1133406, "translated_question": "Quando \u00e8 successo?", "translated_answer": "Pomeriggio", "question_id": 3, "question": "question_3", "answer_id": 33, "answer": "question_3_answer_33", "answer_value": null, "report": "9c3b8493-2780-42a4-9af6-da4d43588519"}, {"id": 1133407, "translated_question": "Dove ti hanno punto?", "translated_answer": "Gamba sinistra", "question_id": 2, "question": "question_2", "answer_id": 25, "answer": "question_2_answer_25", "answer_value": "4", "report": "9c3b8493-2780-42a4-9af6-da4d43588519"}, {"id": 1133408, "translated_question": "Dove ti hanno punto?", "translated_answer": "Gamba destra", "question_id": 2, "question": "question_2", "answer_id": 26, "answer": "question_2_answer_26", "answer_value": "5", "report": "9c3b8493-2780-42a4-9af6-da4d43588519"}, {"id": 1133409, "translated_question": "Dove ti hanno punto?", "translated_answer": "Torace", "question_id": 2, "question": "question_2", "answer_id": 24, "answer": "question_2_answer_24", "answer_value": "8", "report": "9c3b8493-2780-42a4-9af6-da4d43588519"}, {"id": 1133410, "translated_question": "Dove ti hanno punto?", "translated_answer": "Braccio destro", "question_id": 2, "question": "question_2", "answer_id": 23, "answer": "question_2_answer_23", "answer_value": "3", "report": "9c3b8493-2780-42a4-9af6-da4d43588519"}], "country": null, "updated_at": "2026-01-04T19:49:13.083827Z", "datetime_fix_offset": null, "point": "SRID=4326;POINT (-69.00505617214684 18.99007288377192)", "nuts_2": null, "nuts_3": null, "cached_visible": true, "session": null}, {"version_UUID": "e55e3aac-8b43-4101-880f-236a83c90fca", "creation_time": "2026-01-04T19:49:54.903963Z", "creation_date": "2026-01-04", "creation_day_since_launch": 4223, "creation_year": 2026, "creation_month": 1, "site_cat": 5, "type": "bite", "lon": -69.00505617214684, "lat": 18.990072883771916, "location_is_masked": false, "movelab_annotation": null, "movelab_annotation_euro": null, "tiger_responses": null, "tiger_responses_text": null, "site_responses": null, "site_responses_text": null, "tigaprob_cat": 0, "latest_version": true, "visible": true, "n_photos": 0, "final_expert_status_text": 1, "responses": [{"id": 1133411, "translated_question": "Quante punture hai ricevuto e in che parte del corpo?", "translated_answer": "", "question_id": 1, "question": "question_1", "answer_id": 11, "answer": "N/A", "answer_value": "15", "report": "e55e3aac-8b43-4101-880f-236a83c90fca"}, {"id": 1133412, "translated_question": "Dove ti hanno punto?", "translated_answer": "Gamba destra", "question_id": 2, "question": "question_2", "answer_id": 26, "answer": "question_2_answer_26", "answer_value": "3", "report": "e55e3aac-8b43-4101-880f-236a83c90fca"}, {"id": 1133413, "translated_question": "Dove ti hanno punto?", "translated_answer": "Gamba sinistra", "question_id": 2, "question": "question_2", "answer_id": 25, "answer": "question_2_answer_25", "answer_value": "3", "report": "e55e3aac-8b43-4101-880f-236a83c90fca"}, {"id": 1133414, "translated_question": "Dove ti hanno punto?", "translated_answer": "Braccio destro", "question_id": 2, "question": "question_2", "answer_id": 23, "answer": "question_2_answer_23", "answer_value": "1", "report": "e55e3aac-8b43-4101-880f-236a83c90fca"}, {"id": 1133415, "translated_question": "Dove ti hanno punto?", "translated_answer": "Torace", "question_id": 2, "question": "question_2", "answer_id": 24, "answer": "question_2_answer_24", "answer_value": "7", "report": "e55e3aac-8b43-4101-880f-236a83c90fca"}, {"id": 1133416, "translated_question": "Dove ti hanno punto?", "translated_answer": "Braccio sinistro", "question_id": 2, "question": "question_2", "answer_id": 22, "answer": "question_2_answer_22", "answer_value": "1", "report": "e55e3aac-8b43-4101-880f-236a83c90fca"}, {"id": 1133417, "translated_question": "Dove eri quando ti hanno punto?", "translated_answer": "All'aperto", "question_id": 4, "question": "question_4", "answer_id": 43, "answer": "question_4_answer_43", "answer_value": null, "report": "e55e3aac-8b43-4101-880f-236a83c90fca"}, {"id": 1133418, "translated_question": "Quando ti hanno punto?", "translated_answer": "Nelle ultime 24 ore", "question_id": 5, "question": "question_5", "answer_id": 52, "answer": "question_5_answer_52", "answer_value": null, "report": "e55e3aac-8b43-4101-880f-236a83c90fca"}, {"id": 1133419, "translated_question": "Quando \u00e8 successo?", "translated_answer": "Sera-Notte", "question_id": 3, "question": "question_3", "answer_id": 34, "answer": "question_3_answer_34", "answer_value": null, "report": "e55e3aac-8b43-4101-880f-236a83c90fca"}], "country": null, "updated_at": "2026-01-04T19:49:55.797109Z", "datetime_fix_offset": null, "point": "SRID=4326;POINT (-69.00505617214684 18.99007288377192)", "nuts_2": null, "nuts_3": null, "cached_visible": true, "session": null}, {"version_UUID": "3b0b003a-045a-4958-8b9e-149489187cd2", "creation_time": "2026-01-05T00:39:39.354475Z", "creation_date": "2026-01-05", "creation_day_since_launch": 4224, "creation_year": 2026, "creation_month": 1, "site_cat": 5, "type": "bite", "lon": -70.7908508, "lat": -34.1298195, "location_is_masked": false, "movelab_annotation": null, "movelab_annotation_euro": null, "tiger_responses": null, "tiger_responses_text": null, "site_responses": null, "site_responses_text": null, "tigaprob_cat": 0, "latest_version": true, "visible": true, "n_photos": 0, "final_expert_status_text": 1, "responses": [{"id": 1133422, "translated_question": "How many bites do you have and where are they on your body?", "translated_answer": "", "question_id": 1, "question": "question_1", "answer_id": 11, "answer": "N/A", "answer_value": "3", "report": "3b0b003a-045a-4958-8b9e-149489187cd2"}, {"id": 1133423, "translated_question": "Where did they bite you?", "translated_answer": "Left leg", "question_id": 2, "question": "question_2", "answer_id": 25, "answer": "question_2_answer_25", "answer_value": "2", "report": "3b0b003a-045a-4958-8b9e-149489187cd2"}, {"id": 1133424, "translated_question": "Where did they bite you?", "translated_answer": "Right leg", "question_id": 2, "question": "question_2", "answer_id": 26, "answer": "question_2_answer_26", "answer_value": "1", "report": "3b0b003a-045a-4958-8b9e-149489187cd2"}, {"id": 1133425, "translated_question": "Where did they bite you?", "translated_answer": "Outdoors", "question_id": 4, "question": "question_4", "answer_id": 43, "answer": "question_4_answer_43", "answer_value": null, "report": "3b0b003a-045a-4958-8b9e-149489187cd2"}, {"id": 1133426, "translated_question": "When were you bitten?", "translated_answer": "Just now", "question_id": 5, "question": "question_5", "answer_id": 51, "answer": "question_5_answer_51", "answer_value": null, "report": "3b0b003a-045a-4958-8b9e-149489187cd2"}], "country": null, "updated_at": "2026-01-05T00:39:40.888904Z", "datetime_fix_offset": null, "point": "SRID=4326;POINT (-70.7908508 -34.1298195)", "nuts_2": null, "nuts_3": null, "cached_visible": true, "session": null}, {"version_UUID": "79da111d-ec41-4441-b62d-8e63116e41c4", "creation_time": "2026-01-05T03:04:29.516109Z", "creation_date": "2026-01-05", "creation_day_since_launch": 4224, "creation_year": 2026, "creation_month": 1, "site_cat": 5, "type": "bite", "lon": 14.6093718, "lat": 40.7387213, "location_is_masked": false, "movelab_annotation": null, "movelab_annotation_euro": null, "tiger_responses": null, "tiger_responses_text": null, "site_responses": null, "site_responses_text": null, "tigaprob_cat": 0, "latest_version": true, "visible": true, "n_photos": 0, "final_expert_status_text": 1, "responses": [{"id": 1133427, "translated_question": "Quante punture hai ricevuto e in che parte del corpo?", "translated_answer": "", "question_id": 1, "question": "question_1", "answer_id": 11, "answer": "N/A", "answer_value": "1", "report": "79da111d-ec41-4441-b62d-8e63116e41c4"}, {"id": 1133428, "translated_question": "Dove ti hanno punto?", "translated_answer": "Braccio sinistro", "question_id": 2, "question": "question_2", "answer_id": 22, "answer": "question_2_answer_22", "answer_value": "1", "report": "79da111d-ec41-4441-b62d-8e63116e41c4"}, {"id": 1133429, "translated_question": "Dove eri quando ti hanno punto?", "translated_answer": "In un edificio", "question_id": 4, "question": "question_4", "answer_id": 42, "answer": "question_4_answer_42", "answer_value": null, "report": "79da111d-ec41-4441-b62d-8e63116e41c4"}, {"id": 1133430, "translated_question": "Quando ti hanno punto?", "translated_answer": "Adesso", "question_id": 5, "question": "question_5", "answer_id": 51, "answer": "question_5_answer_51", "answer_value": null, "report": "79da111d-ec41-4441-b62d-8e63116e41c4"}], "country": "ITA", "updated_at": "2026-01-05T03:04:29.253496Z", "datetime_fix_offset": null, "point": "SRID=4326;POINT (14.6093718 40.7387213)", "nuts_2": "ITF3", "nuts_3": "ITF35", "cached_visible": true, "session": null}, {"version_UUID": "9e86d871-4050-4592-8c35-97f94c0d9cf3", "creation_time": "2026-01-05T06:11:24.357931Z", "creation_date": "2026-01-05", "creation_day_since_launch": 4224, "creation_year": 2026, "creation_month": 1, "site_cat": 5, "type": "bite", "lon": -79.9582389, "lat": -2.0536158, "location_is_masked": false, "movelab_annotation": null, "movelab_annotation_euro": null, "tiger_responses": null, "tiger_responses_text": null, "site_responses": null, "site_responses_text": null, "tigaprob_cat": 0, "latest_version": true, "visible": true, "n_photos": 0, "final_expert_status_text": 1, "responses": [{"id": 1133432, "translated_question": "How many bites do you have and where are they on your body?", "translated_answer": "", "question_id": 1, "question": "question_1", "answer_id": 11, "answer": "N/A", "answer_value": "6", "report": "9e86d871-4050-4592-8c35-97f94c0d9cf3"}, {"id": 1133433, "translated_question": "Where did they bite you?", "translated_answer": "Inside a building", "question_id": 4, "question": "question_4", "answer_id": 42, "answer": "question_4_answer_42", "answer_value": null, "report": "9e86d871-4050-4592-8c35-97f94c0d9cf3"}, {"id": 1133434, "translated_question": "When were you bitten?", "translated_answer": "Just now", "question_id": 5, "question": "question_5", "answer_id": 51, "answer": "question_5_answer_51", "answer_value": null, "report": "9e86d871-4050-4592-8c35-97f94c0d9cf3"}, {"id": 1133435, "translated_question": "What time was it?", "translated_answer": "Night", "question_id": 3, "question": "question_3", "answer_id": 34, "answer": "question_3_answer_34", "answer_value": null, "report": "9e86d871-4050-4592-8c35-97f94c0d9cf3"}, {"id": 1133436, "translated_question": "Where did they bite you?", "translated_answer": "Chest", "question_id": 2, "question": "question_2", "answer_id": 24, "answer": "question_2_answer_24", "answer_value": "1", "report": "9e86d871-4050-4592-8c35-97f94c0d9cf3"}, {"id": 1133437, "translated_question": "Where did they bite you?", "translated_answer": "Left leg", "question_id": 2, "question": "question_2", "answer_id": 25, "answer": "question_2_answer_25", "answer_value": "1", "report": "9e86d871-4050-4592-8c35-97f94c0d9cf3"}, {"id": 1133438, "translated_question": "Where did they bite you?", "translated_answer": "Head", "question_id": 2, "question": "question_2", "answer_id": 21, "answer": "question_2_answer_21", "answer_value": "1", "report": "9e86d871-4050-4592-8c35-97f94c0d9cf3"}, {"id": 1133439, "translated_question": "Where did they bite you?", "translated_answer": "Right leg", "question_id": 2, "question": "question_2", "answer_id": 26, "answer": "question_2_answer_26", "answer_value": "1", "report": "9e86d871-4050-4592-8c35-97f94c0d9cf3"}, {"id": 1133440, "translated_question": "Where did they bite you?", "translated_answer": "Right arm", "question_id": 2, "question": "question_2", "answer_id": 23, "answer": "question_2_answer_23", "answer_value": "1", "report": "9e86d871-4050-4592-8c35-97f94c0d9cf3"}, {"id": 1133441, "translated_question": "Where did they bite you?", "translated_answer": "Left arm", "question_id": 2, "question": "question_2", "answer_id": 22, "answer": "question_2_answer_22", "answer_value": "1", "report": "9e86d871-4050-4592-8c35-97f94c0d9cf3"}], "country": "ECU", "updated_at": "2026-01-05T06:11:29.791543Z", "datetime_fix_offset": null, "point": "SRID=4326;POINT (-79.9582389 -2.0536158)", "nuts_2": null, "nuts_3": null, "cached_visible": true, "session": null}, {"version_UUID": "23d0260c-4b84-48c8-87ec-40ff2a9f98ba", "creation_time": "2026-01-05T08:06:11.334038Z", "creation_date": "2026-01-05", "creation_day_since_launch": 4224, "creation_year": 2026, "creation_month": 1, "site_cat": 5, "type": "adult", "lon": 138.5543279, "lat": -35.0778735, "location_is_masked": false, "movelab_annotation": null, "movelab_annotation_euro": null, "tiger_responses": {}, "tiger_responses_text": {"question_13": "question_13_answer_133"}, "site_responses": null, "site_responses_text": null, "tigaprob_cat": 0, "latest_version": true, "visible": true, "n_photos": 0, "final_expert_status_text": 1, "responses": [{"id": 1133443, "translated_question": "Where did you find the mosquito?", "translated_answer": "Outdoors", "question_id": 13, "question": "question_13", "answer_id": 133, "answer": "question_13_answer_133", "answer_value": null, "report": "23d0260c-4b84-48c8-87ec-40ff2a9f98ba"}], "country": null, "updated_at": "2026-01-05T08:06:49.383783Z", "datetime_fix_offset": null, "point": "SRID=4326;POINT (138.5543279 -35.0778735)", "nuts_2": null, "nuts_3": null, "cached_visible": true, "session": null}, {"version_UUID": "5733e70e-d8b2-4b91-be42-3d8ea04d0431", "creation_time": "2026-01-05T08:06:47.811066Z", "creation_date": "2026-01-05", "creation_day_since_launch": 4224, "creation_year": 2026, "creation_month": 1, "site_cat": 5, "type": "bite", "lon": 138.5543279, "lat": -35.0778735, "location_is_masked": false, "movelab_annotation": null, "movelab_annotation_euro": null, "tiger_responses": null, "tiger_responses_text": null, "site_responses": null, "site_responses_text": null, "tigaprob_cat": 0, "latest_version": true, "visible": true, "n_photos": 0, "final_expert_status_text": 1, "responses": [{"id": 1133444, "translated_question": "How many bites do you have and where are they on your body?", "translated_answer": "", "question_id": 1, "question": "question_1", "answer_id": 11, "answer": "N/A", "answer_value": "3", "report": "5733e70e-d8b2-4b91-be42-3d8ea04d0431"}, {"id": 1133445, "translated_question": "Where did they bite you?", "translated_answer": "Right leg", "question_id": 2, "question": "question_2", "answer_id": 26, "answer": "question_2_answer_26", "answer_value": "2", "report": "5733e70e-d8b2-4b91-be42-3d8ea04d0431"}, {"id": 1133446, "translated_question": "Where did they bite you?", "translated_answer": "Left leg", "question_id": 2, "question": "question_2", "answer_id": 25, "answer": "question_2_answer_25", "answer_value": "1", "report": "5733e70e-d8b2-4b91-be42-3d8ea04d0431"}, {"id": 1133447, "translated_question": "Where did they bite you?", "translated_answer": "Inside a vehicle?", "question_id": 4, "question": "question_4", "answer_id": 41, "answer": "question_4_answer_41", "answer_value": null, "report": "5733e70e-d8b2-4b91-be42-3d8ea04d0431"}, {"id": 1133448, "translated_question": "When were you bitten?", "translated_answer": "In the last 24 hours", "question_id": 5, "question": "question_5", "answer_id": 52, "answer": "question_5_answer_52", "answer_value": null, "report": "5733e70e-d8b2-4b91-be42-3d8ea04d0431"}, {"id": 1133449, "translated_question": "What time was it?", "translated_answer": "Night", "question_id": 3, "question": "question_3", "answer_id": 34, "answer": "question_3_answer_34", "answer_value": null, "report": "5733e70e-d8b2-4b91-be42-3d8ea04d0431"}], "country": null, "updated_at": "2026-01-05T08:06:52.848675Z", "datetime_fix_offset": null, "point": "SRID=4326;POINT (138.5543279 -35.0778735)", "nuts_2": null, "nuts_3": null, "cached_visible": true, "session": null}, {"version_UUID": "344f18c2-813e-4864-914d-79bbc78db8b1", "creation_time": "2026-01-05T10:18:46.418028Z", "creation_date": "2026-01-05", "creation_day_since_launch": 4224, "creation_year": 2026, "creation_month": 1, "site_cat": 5, "type": "adult", "lon": 12.50226, "lat": 41.6724245, "location_is_masked": false, "movelab_annotation": {"edited_user_notes": null, "photo_html": "<a href=\"https://webserver.mosquitoalert.com/media/tigapics/0300670d-935b-438b-b5c2-894e6411cbc2.jpeg\" target=\"_blank\"><img src=\"https://webserver.mosquitoalert.com/media/tigapics_popups/0300670d-935b-438b-b5c2-894e6411cbc2.jpeg\"></a>", "tiger_certainty_category": -3, "aegypti_certainty_category": -3, "score": -3, "classification": "none"}, "movelab_annotation_euro": {"edited_user_notes": null, "photo_html": "<a href=\"https://webserver.mosquitoalert.com/media/tigapics/0300670d-935b-438b-b5c2-894e6411cbc2.jpeg\" target=\"_blank\"><img src=\"https://webserver.mosquitoalert.com/media/tigapics_popups/0300670d-935b-438b-b5c2-894e6411cbc2.jpeg\"></a>", "class_name": "Culex sp.", "class_label": "culex-sp", "class_id": 10, "class_value": 2}, "tiger_responses": {}, "tiger_responses_text": {"question_13": "question_13_answer_132"}, "site_responses": null, "site_responses_text": null, "tigaprob_cat": 0, "latest_version": true, "visible": true, "n_photos": 2, "final_expert_status_text": 1, "responses": [{"id": 1133450, "translated_question": "Dove hai trovato la zanzara?", "translated_answer": "In un edificio", "question_id": 13, "question": "question_13", "answer_id": 132, "answer": "question_13_answer_132", "answer_value": null, "report": "344f18c2-813e-4864-914d-79bbc78db8b1"}], "country": "ITA", "updated_at": "2026-01-05T21:26:49.731331Z", "datetime_fix_offset": null, "point": "SRID=4326;POINT (12.50226 41.6724245)", "nuts_2": "ITI4", "nuts_3": "ITI43", "cached_visible": true, "session": null}, {"version_UUID": "29235b15-f34b-438c-a20d-cc698d0e2252", "creation_time": "2026-01-05T13:05:54.699703Z", "creation_date": "2026-01-05", "creation_day_since_launch": 4224, "creation_year": 2026, "creation_month": 1, "site_cat": 5, "type": "bite", "lon": 17.928708158433437, "lat": 40.44340067124919, "location_is_masked": false, "movelab_annotation": null, "movelab_annotation_euro": null, "tiger_responses": null, "tiger_responses_text": null, "site_responses": null, "site_responses_text": null, "tigaprob_cat": 0, "latest_version": true, "visible": true, "n_photos": 0, "final_expert_status_text": 1, "responses": [{"id": 1133451, "translated_question": "Quante punture hai ricevuto e in che parte del corpo?", "translated_answer": "", "question_id": 1, "question": "question_1", "answer_id": 11, "answer": "N/A", "answer_value": "5", "report": "29235b15-f34b-438c-a20d-cc698d0e2252"}, {"id": 1133452, "translated_question": "Dove ti hanno punto?", "translated_answer": "Braccio sinistro", "question_id": 2, "question": "question_2", "answer_id": 22, "answer": "question_2_answer_22", "answer_value": "2", "report": "29235b15-f34b-438c-a20d-cc698d0e2252"}, {"id": 1133453, "translated_question": "Dove ti hanno punto?", "translated_answer": "Testa", "question_id": 2, "question": "question_2", "answer_id": 21, "answer": "question_2_answer_21", "answer_value": "1", "report": "29235b15-f34b-438c-a20d-cc698d0e2252"}, {"id": 1133454, "translated_question": "Dove ti hanno punto?", "translated_answer": "Gamba destra", "question_id": 2, "question": "question_2", "answer_id": 26, "answer": "question_2_answer_26", "answer_value": "2", "report": "29235b15-f34b-438c-a20d-cc698d0e2252"}, {"id": 1133455, "translated_question": "Dove eri quando ti hanno punto?", "translated_answer": "All'aperto", "question_id": 4, "question": "question_4", "answer_id": 43, "answer": "question_4_answer_43", "answer_value": null, "report": "29235b15-f34b-438c-a20d-cc698d0e2252"}, {"id": 1133456, "translated_question": "Quando ti hanno punto?", "translated_answer": "Nelle ultime 24 ore", "question_id": 5, "question": "question_5", "answer_id": 52, "answer": "question_5_answer_52", "answer_value": null, "report": "29235b15-f34b-438c-a20d-cc698d0e2252"}, {"id": 1133457, "translated_question": "Quando \u00e8 successo?", "translated_answer": "Pomeriggio", "question_id": 3, "question": "question_3", "answer_id": 33, "answer": "question_3_answer_33", "answer_value": null, "report": "29235b15-f34b-438c-a20d-cc698d0e2252"}], "country": "ITA", "updated_at": "2026-01-05T13:05:55.474826Z", "datetime_fix_offset": null, "point": "SRID=4326;POINT (17.92870815843344 40.44340067124919)", "nuts_2": "ITF4", "nuts_3": "ITF44", "cached_visible": true, "session": null}, {"version_UUID": "a17d1077-a512-4e86-a11c-f0410eecbec2", "creation_time": "2026-01-05T15:57:43.147524Z", "creation_date": "2026-01-05", "creation_day_since_launch": 4224, "creation_year": 2026, "creation_month": 1, "site_cat": 5, "type": "bite", "lon": 80.1303807, "lat": 12.8914608, "location_is_masked": false, "movelab_annotation": null, "movelab_annotation_euro": null, "tiger_responses": null, "tiger_responses_text": null, "site_responses": null, "site_responses_text": null, "tigaprob_cat": 0, "latest_version": true, "visible": true, "n_photos": 0, "final_expert_status_text": 1, "responses": [{"id": 1133459, "translated_question": "How many bites do you have and where are they on your body?", "translated_answer": "", "question_id": 1, "question": "question_1", "answer_id": 11, "answer": "N/A", "answer_value": "2", "report": "a17d1077-a512-4e86-a11c-f0410eecbec2"}, {"id": 1133460, "translated_question": "Where did they bite you?", "translated_answer": "Inside a building", "question_id": 4, "question": "question_4", "answer_id": 42, "answer": "question_4_answer_42", "answer_value": null, "report": "a17d1077-a512-4e86-a11c-f0410eecbec2"}, {"id": 1133461, "translated_question": "When were you bitten?", "translated_answer": "Just now", "question_id": 5, "question": "question_5", "answer_id": 51, "answer": "question_5_answer_51", "answer_value": null, "report": "a17d1077-a512-4e86-a11c-f0410eecbec2"}, {"id": 1133462, "translated_question": "Where did they bite you?", "translated_answer": "Left arm", "question_id": 2, "question": "question_2", "answer_id": 22, "answer": "question_2_answer_22", "answer_value": "1", "report": "a17d1077-a512-4e86-a11c-f0410eecbec2"}, {"id": 1133463, "translated_question": "Where did they bite you?", "translated_answer": "Right leg", "question_id": 2, "question": "question_2", "answer_id": 26, "answer": "question_2_answer_26", "answer_value": "1", "report": "a17d1077-a512-4e86-a11c-f0410eecbec2"}], "country": null, "updated_at": "2026-01-05T15:57:49.535761Z", "datetime_fix_offset": null, "point": "SRID=4326;POINT (80.1303807 12.8914608)", "nuts_2": null, "nuts_3": null, "cached_visible": true, "session": null}, {"version_UUID": "de6e509a-f16b-4b92-a101-36e3374c1c2a", "creation_time": "2026-01-05T19:06:58.201604Z", "creation_date": "2026-01-05", "creation_day_since_launch": 4224, "creation_year": 2026, "creation_month": 1, "site_cat": 5, "type": "bite", "lon": 10.78203267584703, "lat": 43.884637529042664, "location_is_masked": false, "movelab_annotation": null, "movelab_annotation_euro": null, "tiger_responses": null, "tiger_responses_text": null, "site_responses": null, "site_responses_text": null, "tigaprob_cat": 0, "latest_version": true, "visible": true, "n_photos": 0, "final_expert_status_text": 1, "responses": [{"id": 1133465, "translated_question": "Quante punture hai ricevuto e in che parte del corpo?", "translated_answer": "", "question_id": 1, "question": "question_1", "answer_id": 11, "answer": "N/A", "answer_value": "4", "report": "de6e509a-f16b-4b92-a101-36e3374c1c2a"}, {"id": 1133466, "translated_question": "Dove ti hanno punto?", "translated_answer": "Braccio destro", "question_id": 2, "question": "question_2", "answer_id": 23, "answer": "question_2_answer_23", "answer_value": "2", "report": "de6e509a-f16b-4b92-a101-36e3374c1c2a"}, {"id": 1133467, "translated_question": "Dove ti hanno punto?", "translated_answer": "Braccio sinistro", "question_id": 2, "question": "question_2", "answer_id": 22, "answer": "question_2_answer_22", "answer_value": "2", "report": "de6e509a-f16b-4b92-a101-36e3374c1c2a"}, {"id": 1133468, "translated_question": "Dove eri quando ti hanno punto?", "translated_answer": "In un edificio", "question_id": 4, "question": "question_4", "answer_id": 42, "answer": "question_4_answer_42", "answer_value": null, "report": "de6e509a-f16b-4b92-a101-36e3374c1c2a"}, {"id": 1133469, "translated_question": "Quando ti hanno punto?", "translated_answer": "Nelle ultime 24 ore", "question_id": 5, "question": "question_5", "answer_id": 52, "answer": "question_5_answer_52", "answer_value": null, "report": "de6e509a-f16b-4b92-a101-36e3374c1c2a"}, {"id": 1133470, "translated_question": "Quando \u00e8 successo?", "translated_answer": "Sera-Notte", "question_id": 3, "question": "question_3", "answer_id": 34, "answer": "question_3_answer_34", "answer_value": null, "report": "de6e509a-f16b-4b92-a101-36e3374c1c2a"}], "country": "ITA", "updated_at": "2026-01-05T19:06:58.531369Z", "datetime_fix_offset": null, "point": "SRID=4326;POINT (10.78203267584703 43.88463752904266)", "nuts_2": "ITI1", "nuts_3": "ITI13", "cached_visible": true, "session": null}, {"version_UUID": "c314141f-6931-4a3c-a330-3aaeb9cd8163", "creation_time": "2026-01-05T21:00:12.565225Z", "creation_date": "2026-01-05", "creation_day_since_launch": 4224, "creation_year": 2026, "creation_month": 1, "site_cat": 5, "type": "bite", "lon": 17.3856403, "lat": 40.4532842, "location_is_masked": false, "movelab_annotation": null, "movelab_annotation_euro": null, "tiger_responses": null, "tiger_responses_text": null, "site_responses": null, "site_responses_text": null, "tigaprob_cat": 0, "latest_version": true, "visible": true, "n_photos": 0, "final_expert_status_text": 1, "responses": [{"id": 1133471, "translated_question": "Quante punture hai ricevuto e in che parte del corpo?", "translated_answer": "", "question_id": 1, "question": "question_1", "answer_id": 11, "answer": "N/A", "answer_value": "4", "report": "c314141f-6931-4a3c-a330-3aaeb9cd8163"}, {"id": 1133472, "translated_question": "Dove ti hanno punto?", "translated_answer": "Gamba destra", "question_id": 2, "question": "question_2", "answer_id": 26, "answer": "question_2_answer_26", "answer_value": "3", "report": "c314141f-6931-4a3c-a330-3aaeb9cd8163"}, {"id": 1133473, "translated_question": "Dove ti hanno punto?", "translated_answer": "Gamba sinistra", "question_id": 2, "question": "question_2", "answer_id": 25, "answer": "question_2_answer_25", "answer_value": "1", "report": "c314141f-6931-4a3c-a330-3aaeb9cd8163"}, {"id": 1133474, "translated_question": "Dove eri quando ti hanno punto?", "translated_answer": "Non so", "question_id": 4, "question": "question_4", "answer_id": 44, "answer": "question_4_answer_44", "answer_value": null, "report": "c314141f-6931-4a3c-a330-3aaeb9cd8163"}, {"id": 1133475, "translated_question": "Quando ti hanno punto?", "translated_answer": "Nelle ultime 24 ore", "question_id": 5, "question": "question_5", "answer_id": 52, "answer": "question_5_answer_52", "answer_value": null, "report": "c314141f-6931-4a3c-a330-3aaeb9cd8163"}, {"id": 1133476, "translated_question": "Quando \u00e8 successo?", "translated_answer": "Sera-Notte", "question_id": 3, "question": "question_3", "answer_id": 34, "answer": "question_3_answer_34", "answer_value": null, "report": "c314141f-6931-4a3c-a330-3aaeb9cd8163"}], "country": "ITA", "updated_at": "2026-01-05T21:00:12.981468Z", "datetime_fix_offset": null, "point": "SRID=4326;POINT (17.3856403 40.4532842)", "nuts_2": "ITF4", "nuts_3": "ITF43", "cached_visible": true, "session": null}, {"version_UUID": "a85e8807-42fa-41d6-8bc1-8570ee82e497", "creation_time": "2026-01-06T21:10:04.904586Z", "creation_date": "2026-01-06", "creation_day_since_launch": 4225, "creation_year": 2026, "creation_month": 1, "site_cat": 5, "type": "bite", "lon": -51.1334688, "lat": -22.9336241, "location_is_masked": false, "movelab_annotation": null, "movelab_annotation_euro": null, "tiger_responses": null, "tiger_responses_text": null, "site_responses": null, "site_responses_text": null, "tigaprob_cat": 0, "latest_version": true, "visible": true, "n_photos": 0, "final_expert_status_text": 1, "responses": [{"id": 1133484, "translated_question": "Quantas picadas tens e em que parte do corpo?", "translated_answer": "", "question_id": 1, "question": "question_1", "answer_id": 11, "answer": "N/A", "answer_value": "11", "report": "a85e8807-42fa-41d6-8bc1-8570ee82e497"}, {"id": 1133485, "translated_question": "Onde te picaram?", "translated_answer": "Dentro de um ve\u00edculo", "question_id": 4, "question": "question_4", "answer_id": 41, "answer": "question_4_answer_41", "answer_value": null, "report": "a85e8807-42fa-41d6-8bc1-8570ee82e497"}, {"id": 1133486, "translated_question": "Quando te picaram?", "translated_answer": "Nas \u00faltimas 24h", "question_id": 5, "question": "question_5", "answer_id": 52, "answer": "question_5_answer_52", "answer_value": null, "report": "a85e8807-42fa-41d6-8bc1-8570ee82e497"}, {"id": 1133487, "translated_question": "Em que per\u00edodo foi?", "translated_answer": "Manh\u00e3", "question_id": 3, "question": "question_3", "answer_id": 31, "answer": "question_3_answer_31", "answer_value": null, "report": "a85e8807-42fa-41d6-8bc1-8570ee82e497"}, {"id": 1133488, "translated_question": "Onde te picaram?", "translated_answer": "Cabe\u00e7a", "question_id": 2, "question": "question_2", "answer_id": 21, "answer": "question_2_answer_21", "answer_value": "1", "report": "a85e8807-42fa-41d6-8bc1-8570ee82e497"}, {"id": 1133489, "translated_question": "Onde te picaram?", "translated_answer": "Peito", "question_id": 2, "question": "question_2", "answer_id": 24, "answer": "question_2_answer_24", "answer_value": "4", "report": "a85e8807-42fa-41d6-8bc1-8570ee82e497"}, {"id": 1133490, "translated_question": "Onde te picaram?", "translated_answer": "Bra\u00e7o esquerdo", "question_id": 2, "question": "question_2", "answer_id": 22, "answer": "question_2_answer_22", "answer_value": "2", "report": "a85e8807-42fa-41d6-8bc1-8570ee82e497"}, {"id": 1133491, "translated_question": "Onde te picaram?", "translated_answer": "Bra\u00e7o direito", "question_id": 2, "question": "question_2", "answer_id": 23, "answer": "question_2_answer_23", "answer_value": "1", "report": "a85e8807-42fa-41d6-8bc1-8570ee82e497"}, {"id": 1133492, "translated_question": "Onde te picaram?", "translated_answer": "Perna esquerda", "question_id": 2, "question": "question_2", "answer_id": 25, "answer": "question_2_answer_25", "answer_value": "1", "report": "a85e8807-42fa-41d6-8bc1-8570ee82e497"}, {"id": 1133493, "translated_question": "Onde te picaram?", "translated_answer": "Perna direita", "question_id": 2, "question": "question_2", "answer_id": 26, "answer": "question_2_answer_26", "answer_value": "2", "report": "a85e8807-42fa-41d6-8bc1-8570ee82e497"}], "country": null, "updated_at": "2026-01-06T21:10:10.710878Z", "datetime_fix_offset": null, "point": "SRID=4326;POINT (-51.1334688 -22.9336241)", "nuts_2": null, "nuts_3": null, "cached_visible": true, "session": null}, {"version_UUID": "03c964af-d9a3-47ff-966b-4b41827c79f0", "creation_time": "2026-01-06T21:29:27.795298Z", "creation_date": "2026-01-06", "creation_day_since_launch": 4225, "creation_year": 2026, "creation_month": 1, "site_cat": 5, "type": "adult", "lon": -8.7640655, "lat": 42.2620077, "location_is_masked": false, "movelab_annotation": null, "movelab_annotation_euro": null, "tiger_responses": {}, "tiger_responses_text": {"question_6": "question_6_answer_61", "question_7": "question_7_answer_732", "question_13": "question_13_answer_132"}, "site_responses": null, "site_responses_text": null, "tigaprob_cat": 0, "latest_version": true, "visible": true, "n_photos": 0, "final_expert_status_text": 1, "responses": [{"id": 1133494, "translated_question": "\u00bfQu\u00e9 tipo de mosquito crees que es?", "translated_answer": "Aedes invasor", "question_id": 6, "question": "question_6", "answer_id": 61, "answer": "question_6_answer_61", "answer_value": null, "report": "03c964af-d9a3-47ff-966b-4b41827c79f0"}, {"id": 1133495, "translated_question": "\u00bfC\u00f3mo es el mosquito?", "translated_answer": "T\u00f3rax 2", "question_id": 7, "question": "question_7", "answer_id": 712, "answer": "question_7_answer_712", "answer_value": null, "report": "03c964af-d9a3-47ff-966b-4b41827c79f0"}, {"id": 1133496, "translated_question": "\u00bfC\u00f3mo es el mosquito?", "translated_answer": "Abdomen 2", "question_id": 7, "question": "question_7", "answer_id": 722, "answer": "question_7_answer_722", "answer_value": null, "report": "03c964af-d9a3-47ff-966b-4b41827c79f0"}, {"id": 1133497, "translated_question": "\u00bfC\u00f3mo es el mosquito?", "translated_answer": "Pata 2", "question_id": 7, "question": "question_7", "answer_id": 732, "answer": "question_7_answer_732", "answer_value": null, "report": "03c964af-d9a3-47ff-966b-4b41827c79f0"}, {"id": 1133498, "translated_question": "\u00bfD\u00f3nde has encontrado el mosquito?", "translated_answer": "Dentro de un edificio", "question_id": 13, "question": "question_13", "answer_id": 132, "answer": "question_13_answer_132", "answer_value": null, "report": "03c964af-d9a3-47ff-966b-4b41827c79f0"}], "country": "ESP", "updated_at": "2026-01-06T21:29:28.486785Z", "datetime_fix_offset": -3600, "point": "SRID=4326;POINT (-8.764065499999999 42.2620077)", "nuts_2": "ES11", "nuts_3": "ES114", "cached_visible": true, "session": null}]