[{"version_UUID": "37d2431b-7e23-4680-86a9-e7d42079cc36", "creation_time": "2024-01-01T22:01:41.566110Z", "creation_date": "2024-01-01", "creation_day_since_launch": 3489, "creation_year": 2024, "creation_month": 1, "site_cat": 5, "type": "bite", "lon": 13.8936766, "lat": 42.9285272, "movelab_annotation": null, "movelab_annotation_euro": null, "tiger_responses": null, "tiger_responses_text": null, "site_responses": null, "site_responses_text": null, "tigaprob_cat": 0, "visible": true, "latest_version": true, "n_photos": 0, "final_expert_status_text": 1, "responses": [{"id": 637369, "translated_question": "Quante punture hai ricevuto e in che parte del corpo?", "translated_answer": "", "question_id": 1, "question": "question_1", "answer_id": 11, "answer": "N/A", "answer_value": "1", "report": "37d2431b-7e23-4680-86a9-e7d42079cc36"}, {"id": 637370, "translated_question": "Dove ti hanno punto?", "translated_answer": "Braccio sinistro", "question_id": 2, "question": "question_2", "answer_id": 22, "answer": "question_2_answer_22", "answer_value": "1", "report": "37d2431b-7e23-4680-86a9-e7d42079cc36"}, {"id": 637371, "translated_question": "Dove eri quando ti hanno punto?", "translated_answer": "In un edificio", "question_id": 4, "question": "question_4", "answer_id": 42, "answer": "question_4_answer_42", "answer_value": null, "report": "37d2431b-7e23-4680-86a9-e7d42079cc36"}, {"id": 637372, "translated_question": "Quando ti hanno punto?", "translated_answer": "Adesso", "question_id": 5, "question": "question_5", "answer_id": 51, "answer": "question_5_answer_51", "answer_value": null, "report": "37d2431b-7e23-4680-86a9-e7d42079cc36"}], "country": "ITA", "cached_visible": null, "point": "SRID=4326;POINT (13.8936766 42.9285272)", "nuts_3": "ITI34", "nuts_2": "ITI3", "ia_filter_1": null, "ia_filter_2": null, "session": null}, {"version_UUID": "8e25012a-eca3-42aa-8e88-d65167e894c3", "creation_time": "2024-01-02T02:21:10.662375Z", "creation_date": "2024-01-02", "creation_day_since_launch": 3490, "creation_year": 2024, "creation_month": 1, "site_cat": 5, "type": "adult", "lon": -8.6488078, "lat": 42.4246571, "movelab_annotation": null, "movelab_annotation_euro": null, "tiger_responses": {}, "tiger_responses_text": {"question_6": "question_6_answer_64", "question_13": "question_13_answer_132"}, "site_responses": null, "site_responses_text": null, "tigaprob_cat": 0, "visible": true, "latest_version": true, "n_photos": 0, "final_expert_status_text": 1, "responses": [{"id": 637380, "translated_question": "\u00bfQu\u00e9 tipo de mosquito crees que es?", "translated_answer": "No lo s\u00e9", "question_id": 6, "question": "question_6", "answer_id": 64, "answer": "question_6_answer_64", "answer_value": null, "report": "8e25012a-eca3-42aa-8e88-d65167e894c3"}, {"id": 637381, "translated_question": "\u00bfD\u00f3nde has encontrado el mosquito?", "translated_answer": "Dentro de un edificio", "question_id": 13, "question": "question_13", "answer_id": 132, "answer": "question_13_answer_132", "answer_value": null, "report": "8e25012a-eca3-42aa-8e88-d65167e894c3"}], "country": "ESP", "cached_visible": null, "point": "SRID=4326;POINT (-8.6488078 42.4246571)", "nuts_3": "ES114", "nuts_2": "ES11", "ia_filter_1": null, "ia_filter_2": null, "session": null}, {"version_UUID": "5f5ad9dc-aa5a-4059-b70a-83fff361ceb6", "creation_time": "2024-01-01T14:02:19.834913Z", "creation_date": "2024-01-01", "creation_day_since_launch": 3489, "creation_year": 2024, "creation_month": 1, "site_cat": 5, "type": "bite", "lon": 12.530190534889698, "lat": 41.87691065423128, "movelab_annotation": null, "movelab_annotation_euro": null, "tiger_responses": null, "tiger_responses_text": null, "site_responses": null, "site_responses_text": null, "tigaprob_cat": 0, "visible": true, "latest_version": true, "n_photos": 0, "final_expert_status_text": 1, "responses": [{"id": 637353, "translated_question": "Quante punture hai ricevuto e in che parte del corpo?", "translated_answer": "", "question_id": 1, "question": "question_1", "answer_id": 11, "answer": "N/A", "answer_value": "1", "report": "5f5ad9dc-aa5a-4059-b70a-83fff361ceb6"}, {"id": 637354, "translated_question": "Dove eri quando ti hanno punto?", "translated_answer": "In un edificio", "question_id": 4, "question": "question_4", "answer_id": 42, "answer": "question_4_answer_42", "answer_value": null, "report": "5f5ad9dc-aa5a-4059-b70a-83fff361ceb6"}, {"id": 637355, "translated_question": "Quando ti hanno punto?", "translated_answer": "Nelle ultime 24 ore", "question_id": 5, "question": "question_5", "answer_id": 52, "answer": "question_5_answer_52", "answer_value": null, "report": "5f5ad9dc-aa5a-4059-b70a-83fff361ceb6"}, {"id": 637356, "translated_question": "Dove ti hanno punto?", "translated_answer": "Braccio destro", "question_id": 2, "question": "question_2", "answer_id": 23, "answer": "question_2_answer_23", "answer_value": "1", "report": "5f5ad9dc-aa5a-4059-b70a-83fff361ceb6"}, {"id": 637357, "translated_question": "Quando \u00e8 successo?", "translated_answer": "Sera-Notte", "question_id": 3, "question": "question_3", "answer_id": 34, "answer": "question_3_answer_34", "answer_value": null, "report": "5f5ad9dc-aa5a-4059-b70a-83fff361ceb6"}], "country": "ITA", "cached_visible": null, "point": "SRID=4326;POINT (12.5301905348897 41.87691065423128)", "nuts_3": "ITI43", "nuts_2": "ITI4", "ia_filter_1": null, "ia_filter_2": null, "session": null}, {"version_UUID": "d560658d-b2a7-4359-a144-0f6ccd6531da", "creation_time": "2024-01-01T17:56:56.614997Z", "creation_date": "2024-01-01", "creation_day_since_launch": 3489, "creation_year": 2024, "creation_month": 1, "site_cat": 5, "type": "adult", "lon": 11.2797395, "lat": 43.7662305, "movelab_annotation": null, "movelab_annotation_euro": null, "tiger_responses": {}, "tiger_responses_text": {"question_6": "question_6_answer_62", "question_13": "question_13_answer_132"}, "site_responses": null, "site_responses_text": null, "tigaprob_cat": 0, "visible": true, "latest_version": true, "n_photos": 0, "final_expert_status_text": 1, "responses": [{"id": 637358, "translated_question": "Che tipo di zanzare credi sia stata?", "translated_answer": "Zanzara comune", "question_id": 6, "question": "question_6", "answer_id": 62, "answer": "question_6_answer_62", "answer_value": null, "report": "d560658d-b2a7-4359-a144-0f6ccd6531da"}, {"id": 637359, "translated_question": "Dove hai trovato la zanzara?", "translated_answer": "In un edificio", "question_id": 13, "question": "question_13", "answer_id": 132, "answer": "question_13_answer_132", "answer_value": null, "report": "d560658d-b2a7-4359-a144-0f6ccd6531da"}], "country": "ITA", "cached_visible": null, "point": "SRID=4326;POINT (11.2797395 43.7662305)", "nuts_3": "ITI14", "nuts_2": "ITI1", "ia_filter_1": null, "ia_filter_2": null, "session": null}, {"version_UUID": "bd2668f2-9c77-4ce4-87f7-40139da557ae", "creation_time": "2024-01-01T17:57:18.272269Z", "creation_date": "2024-01-01", "creation_day_since_launch": 3489, "creation_year": 2024, "creation_month": 1, "site_cat": 5, "type": "adult", "lon": 11.279733, "lat": 43.7662293, "movelab_annotation": null, "movelab_annotation_euro": null, "tiger_responses": {}, "tiger_responses_text": {"question_6": "question_6_answer_61", "question_7": "question_7_answer_731", "question_13": "question_13_answer_133"}, "site_responses": null, "site_responses_text": null, "tigaprob_cat": 0, "visible": true, "latest_version": true, "n_photos": 0, "final_expert_status_text": 1, "responses": [{"id": 637360, "translated_question": "Che tipo di zanzare credi sia stata?", "translated_answer": "Aedes aliena", "question_id": 6, "question": "question_6", "answer_id": 61, "answer": "question_6_answer_61", "answer_value": null, "report": "bd2668f2-9c77-4ce4-87f7-40139da557ae"}, {"id": 637361, "translated_question": "Com'\u00e8 la zanzara?", "translated_answer": "Torace 1", "question_id": 7, "question": "question_7", "answer_id": 711, "answer": "question_7_answer_711", "answer_value": null, "report": "bd2668f2-9c77-4ce4-87f7-40139da557ae"}, {"id": 637362, "translated_question": "Com'\u00e8 la zanzara?", "translated_answer": "Addome 1", "question_id": 7, "question": "question_7", "answer_id": 721, "answer": "question_7_answer_721", "answer_value": null, "report": "bd2668f2-9c77-4ce4-87f7-40139da557ae"}, {"id": 637363, "translated_question": "Com'\u00e8 la zanzara?", "translated_answer": "Zampa 1", "question_id": 7, "question": "question_7", "answer_id": 731, "answer": "question_7_answer_731", "answer_value": null, "report": "bd2668f2-9c77-4ce4-87f7-40139da557ae"}, {"id": 637364, "translated_question": "Dove hai trovato la zanzara?", "translated_answer": "All'aperto", "question_id": 13, "question": "question_13", "answer_id": 133, "answer": "question_13_answer_133", "answer_value": null, "report": "bd2668f2-9c77-4ce4-87f7-40139da557ae"}], "country": "ITA", "cached_visible": null, "point": "SRID=4326;POINT (11.279733 43.7662293)", "nuts_3": "ITI14", "nuts_2": "ITI1", "ia_filter_1": null, "ia_filter_2": null, "session": null}, {"version_UUID": "20d16314-8ff1-4edb-823f-c51dcc70242e", "creation_time": "2024-01-02T00:45:38.278838Z", "creation_date": "2024-01-02", "creation_day_since_launch": 3490, "creation_year": 2024, "creation_month": 1, "site_cat": 5, "type": "bite", "lon": 2.1366675, "lat": 41.378869, "movelab_annotation": null, "movelab_annotation_euro": null, "tiger_responses": null, "tiger_responses_text": null, "site_responses": null, "site_responses_text": null, "tigaprob_cat": 0, "visible": true, "latest_version": true, "n_photos": 0, "final_expert_status_text": 1, "responses": [{"id": 637375, "translated_question": "Quantes picades tens i en quina part del cos?", "translated_answer": "", "question_id": 1, "question": "question_1", "answer_id": 11, "answer": "N/A", "answer_value": "2", "report": "20d16314-8ff1-4edb-823f-c51dcc70242e"}, {"id": 637376, "translated_question": "On t'han picat?", "translated_answer": "Cap", "question_id": 2, "question": "question_2", "answer_id": 21, "answer": "question_2_answer_21", "answer_value": "1", "report": "20d16314-8ff1-4edb-823f-c51dcc70242e"}, {"id": 637377, "translated_question": "On t'han picat?", "translated_answer": "Cama esquerra", "question_id": 2, "question": "question_2", "answer_id": 25, "answer": "question_2_answer_25", "answer_value": "1", "report": "20d16314-8ff1-4edb-823f-c51dcc70242e"}, {"id": 637378, "translated_question": "On t'han picat?", "translated_answer": "Dins d'un edifici", "question_id": 4, "question": "question_4", "answer_id": 42, "answer": "question_4_answer_42", "answer_value": null, "report": "20d16314-8ff1-4edb-823f-c51dcc70242e"}, {"id": 637379, "translated_question": "Quan t'han picat?", "translated_answer": "Ara mateix", "question_id": 5, "question": "question_5", "answer_id": 51, "answer": "question_5_answer_51", "answer_value": null, "report": "20d16314-8ff1-4edb-823f-c51dcc70242e"}], "country": "ESP", "cached_visible": null, "point": "SRID=4326;POINT (2.1366675 41.378869)", "nuts_3": "ES511", "nuts_2": "ES51", "ia_filter_1": null, "ia_filter_2": null, "session": null}, {"version_UUID": "b898dfa2-1dd1-4f3c-af23-e3f6f6fe39bb", "creation_time": "2024-01-02T02:35:20.196928Z", "creation_date": "2024-01-02", "creation_day_since_launch": 3490, "creation_year": 2024, "creation_month": 1, "site_cat": 5, "type": "bite", "lon": -16.6440726, "lat": 28.0453767, "movelab_annotation": null, "movelab_annotation_euro": null, "tiger_responses": null, "tiger_responses_text": null, "site_responses": null, "site_responses_text": null, "tigaprob_cat": 0, "visible": true, "latest_version": true, "n_photos": 0, "final_expert_status_text": 1, "responses": [{"id": 637382, "translated_question": "Wie oft wurdest du gestochen und an welchem K\u00f6rperteil?", "translated_answer": "", "question_id": 1, "question": "question_1", "answer_id": 11, "answer": "N/A", "answer_value": "1", "report": "b898dfa2-1dd1-4f3c-af23-e3f6f6fe39bb"}, {"id": 637383, "translated_question": "Wo hat sie dich gestochen?", "translated_answer": "Rechter Arm", "question_id": 2, "question": "question_2", "answer_id": 23, "answer": "question_2_answer_23", "answer_value": "1", "report": "b898dfa2-1dd1-4f3c-af23-e3f6f6fe39bb"}, {"id": 637384, "translated_question": "Wo hat sie dich gestochen?", "translated_answer": "Im Inneren eines Geb\u00e4udes", "question_id": 4, "question": "question_4", "answer_id": 42, "answer": "question_4_answer_42", "answer_value": null, "report": "b898dfa2-1dd1-4f3c-af23-e3f6f6fe39bb"}, {"id": 637385, "translated_question": "Wann wurdest du gestochen?", "translated_answer": "Gerade eben", "question_id": 5, "question": "question_5", "answer_id": 51, "answer": "question_5_answer_51", "answer_value": null, "report": "b898dfa2-1dd1-4f3c-af23-e3f6f6fe39bb"}], "country": "ESP", "cached_visible": null, "point": "SRID=4326;POINT (-16.6440726 28.0453767)", "nuts_3": "ES709", "nuts_2": "ES70", "ia_filter_1": null, "ia_filter_2": null, "session": null}, {"version_UUID": "956ff919-0024-4cba-90f6-7d2003b23359", "creation_time": "2024-01-02T02:40:49.407159Z", "creation_date": "2024-01-02", "creation_day_since_launch": 3490, "creation_year": 2024, "creation_month": 1, "site_cat": 5, "type": "bite", "lon": -16.6440713, "lat": 28.0453781, "movelab_annotation": null, "movelab_annotation_euro": null, "tiger_responses": null, "tiger_responses_text": null, "site_responses": null, "site_responses_text": null, "tigaprob_cat": 0, "visible": true, "latest_version": true, "n_photos": 0, "final_expert_status_text": 1, "responses": [{"id": 637388, "translated_question": "Wie oft wurdest du gestochen und an welchem K\u00f6rperteil?", "translated_answer": "", "question_id": 1, "question": "question_1", "answer_id": 11, "answer": "N/A", "answer_value": "1", "report": "956ff919-0024-4cba-90f6-7d2003b23359"}, {"id": 637389, "translated_question": "Wo hat sie dich gestochen?", "translated_answer": "Rechter Arm", "question_id": 2, "question": "question_2", "answer_id": 23, "answer": "question_2_answer_23", "answer_value": "1", "report": "956ff919-0024-4cba-90f6-7d2003b23359"}, {"id": 637390, "translated_question": "Wo hat sie dich gestochen?", "translated_answer": "Im Inneren eines Geb\u00e4udes", "question_id": 4, "question": "question_4", "answer_id": 42, "answer": "question_4_answer_42", "answer_value": null, "report": "956ff919-0024-4cba-90f6-7d2003b23359"}, {"id": 637391, "translated_question": "Wann wurdest du gestochen?", "translated_answer": "Gerade eben", "question_id": 5, "question": "question_5", "answer_id": 51, "answer": "question_5_answer_51", "answer_value": null, "report": "956ff919-0024-4cba-90f6-7d2003b23359"}], "country": "ESP", "cached_visible": null, "point": "SRID=4326;POINT (-16.6440713 28.0453781)", "nuts_3": "ES709", "nuts_2": "ES70", "ia_filter_1": null, "ia_filter_2": null, "session": null}]