[{"version_UUID": "9390a999-0453-44e8-8f90-99b0bd86468c", "creation_time": "2023-01-01T11:52:02.563075Z", "creation_date": "2023-01-01", "creation_day_since_launch": 3124, "creation_year": 2023, "creation_month": 1, "site_cat": 5, "type": "adult", "lon": 14.1957104, "lat": 40.9010399, "movelab_annotation": null, "movelab_annotation_euro": null, "tiger_responses": {}, "tiger_responses_text": {"question_6": "question_6_answer_64", "question_13": "question_13_answer_132"}, "site_responses": null, "site_responses_text": null, "tigaprob_cat": 0, "visible": true, "latest_version": true, "n_photos": 0, "final_expert_status_text": 1, "responses": [{"id": 390679, "translated_question": "Che tipo di zanzare credi sia stata?", "translated_answer": "Non saprei", "question_id": 6, "question": "question_6", "answer_id": 64, "answer": "question_6_answer_64", "answer_value": null, "report": "9390a999-0453-44e8-8f90-99b0bd86468c"}, {"id": 390680, "translated_question": "Dove hai trovato la zanzara?", "translated_answer": "In un edificio", "question_id": 13, "question": "question_13", "answer_id": 132, "answer": "question_13_answer_132", "answer_value": null, "report": "9390a999-0453-44e8-8f90-99b0bd86468c"}], "country": "ITA", "cached_visible": null, "point": "SRID=4326;POINT (14.1957104 40.9010399)", "nuts_3": "ITF33", "nuts_2": "ITF3", "ia_filter_1": -2.0, "ia_filter_2": -1.0, "session": null}, {"version_UUID": "5681454a-f0f3-4069-86cf-3681d86290cf", "creation_time": "2023-01-01T15:52:16.282774Z", "creation_date": "2023-01-01", "creation_day_since_launch": 3124, "creation_year": 2023, "creation_month": 1, "site_cat": 5, "type": "adult", "lon": 76.2766945, "lat": 12.2288758, "movelab_annotation": null, "movelab_annotation_euro": null, "tiger_responses": {}, "tiger_responses_text": {"question_6": "question_6_answer_61", "question_7": "question_7_answer_733", "question_13": "question_13_answer_132"}, "site_responses": null, "site_responses_text": null, "tigaprob_cat": 0, "visible": true, "latest_version": true, "n_photos": 0, "final_expert_status_text": 1, "responses": [{"id": 390675, "translated_question": "What type of mosquito do you think it was?", "translated_answer": "Invasive Aedes", "question_id": 6, "question": "question_6", "answer_id": 61, "answer": "question_6_answer_61", "answer_value": null, "report": "5681454a-f0f3-4069-86cf-3681d86290cf"}, {"id": 390676, "translated_question": "What does the mosquito look like?", "translated_answer": "Thorax 1", "question_id": 7, "question": "question_7", "answer_id": 711, "answer": "question_7_answer_711", "answer_value": null, "report": "5681454a-f0f3-4069-86cf-3681d86290cf"}, {"id": 390677, "translated_question": "What does the mosquito look like?", "translated_answer": "Leg 3", "question_id": 7, "question": "question_7", "answer_id": 733, "answer": "question_7_answer_733", "answer_value": null, "report": "5681454a-f0f3-4069-86cf-3681d86290cf"}, {"id": 390678, "translated_question": "Where did you find the mosquito?", "translated_answer": "In a building", "question_id": 13, "question": "question_13", "answer_id": 132, "answer": "question_13_answer_132", "answer_value": null, "report": "5681454a-f0f3-4069-86cf-3681d86290cf"}], "country": null, "cached_visible": null, "point": "SRID=4326;POINT (76.2766945 12.2288758)", "nuts_3": null, "nuts_2": null, "ia_filter_1": -2.0, "ia_filter_2": -1.0, "session": null}, {"version_UUID": "467d1ee8-479a-4d9e-a797-413df3b04721", "creation_time": "2023-01-01T22:49:16.403538Z", "creation_date": "2023-01-01", "creation_day_since_launch": 3124, "creation_year": 2023, "creation_month": 1, "site_cat": 5, "type": "adult", "lon": 9.1133974, "lat": 39.2153448, "movelab_annotation": null, "movelab_annotation_euro": null, "tiger_responses": {}, "tiger_responses_text": {"question_6": "question_6_answer_64", "question_13": "question_13_answer_132"}, "site_responses": null, "site_responses_text": null, "tigaprob_cat": 0, "visible": true, "latest_version": true, "n_photos": 0, "final_expert_status_text": 1, "responses": [{"id": 390696, "translated_question": "Che tipo di zanzare credi sia stata?", "translated_answer": "Non saprei", "question_id": 6, "question": "question_6", "answer_id": 64, "answer": "question_6_answer_64", "answer_value": null, "report": "467d1ee8-479a-4d9e-a797-413df3b04721"}, {"id": 390697, "translated_question": "Dove hai trovato la zanzara?", "translated_answer": "In un edificio", "question_id": 13, "question": "question_13", "answer_id": 132, "answer": "question_13_answer_132", "answer_value": null, "report": "467d1ee8-479a-4d9e-a797-413df3b04721"}], "country": "ITA", "cached_visible": null, "point": "SRID=4326;POINT (9.1133974 39.2153448)", "nuts_3": "ITG2F", "nuts_2": "ITG2", "ia_filter_1": -2.0, "ia_filter_2": -1.0, "session": null}, {"version_UUID": "ecfffe03-36cc-490a-aaef-21abb90df522", "creation_time": "2023-01-01T14:37:54.844746Z", "creation_date": "2023-01-01", "creation_day_since_launch": 3124, "creation_year": 2023, "creation_month": 1, "site_cat": 5, "type": "bite", "lon": 12.4954373, "lat": 41.9206784, "movelab_annotation": null, "movelab_annotation_euro": null, "tiger_responses": null, "tiger_responses_text": null, "site_responses": null, "site_responses_text": null, "tigaprob_cat": 0, "visible": true, "latest_version": true, "n_photos": 0, "final_expert_status_text": 1, "responses": [{"id": 390683, "translated_question": "Quante punture hai ricevuto e in che parte del corpo?", "translated_answer": "", "question_id": 1, "question": "question_1", "answer_id": 11, "answer": "N/A", "answer_value": "1", "report": "ecfffe03-36cc-490a-aaef-21abb90df522"}, {"id": 390684, "translated_question": "Dove ti hanno punto?", "translated_answer": "Braccio sinistro", "question_id": 2, "question": "question_2", "answer_id": 22, "answer": "question_2_answer_22", "answer_value": "1", "report": "ecfffe03-36cc-490a-aaef-21abb90df522"}, {"id": 390685, "translated_question": "Dove eri quando ti hanno punto?", "translated_answer": "In un edificio", "question_id": 4, "question": "question_4", "answer_id": 42, "answer": "question_4_answer_42", "answer_value": null, "report": "ecfffe03-36cc-490a-aaef-21abb90df522"}, {"id": 390686, "translated_question": "Quando ti hanno punto?", "translated_answer": "Nelle ultime 24 ore", "question_id": 5, "question": "question_5", "answer_id": 52, "answer": "question_5_answer_52", "answer_value": null, "report": "ecfffe03-36cc-490a-aaef-21abb90df522"}, {"id": 390687, "translated_question": "Quando \u00e8 successo?", "translated_answer": "Sera-Notte", "question_id": 3, "question": "question_3", "answer_id": 34, "answer": "question_3_answer_34", "answer_value": null, "report": "ecfffe03-36cc-490a-aaef-21abb90df522"}], "country": "ITA", "cached_visible": null, "point": "SRID=4326;POINT (12.4954373 41.9206784)", "nuts_3": "ITI43", "nuts_2": "ITI4", "ia_filter_1": null, "ia_filter_2": null, "session": null}, {"version_UUID": "bb8b31d2-3ed5-4431-bee9-c8784daf3f92", "creation_time": "2023-01-01T22:50:19.903909Z", "creation_date": "2023-01-01", "creation_day_since_launch": 3124, "creation_year": 2023, "creation_month": 1, "site_cat": 5, "type": "bite", "lon": 9.1133974, "lat": 39.2153448, "movelab_annotation": null, "movelab_annotation_euro": null, "tiger_responses": null, "tiger_responses_text": null, "site_responses": null, "site_responses_text": null, "tigaprob_cat": 0, "visible": true, "latest_version": true, "n_photos": 0, "final_expert_status_text": 1, "responses": [{"id": 390698, "translated_question": "Quante punture hai ricevuto e in che parte del corpo?", "translated_answer": "", "question_id": 1, "question": "question_1", "answer_id": 11, "answer": "N/A", "answer_value": "2", "report": "bb8b31d2-3ed5-4431-bee9-c8784daf3f92"}, {"id": 390699, "translated_question": "Dove eri quando ti hanno punto?", "translated_answer": "In un edificio", "question_id": 4, "question": "question_4", "answer_id": 42, "answer": "question_4_answer_42", "answer_value": null, "report": "bb8b31d2-3ed5-4431-bee9-c8784daf3f92"}, {"id": 390700, "translated_question": "Quando ti hanno punto?", "translated_answer": "Adesso", "question_id": 5, "question": "question_5", "answer_id": 51, "answer": "question_5_answer_51", "answer_value": null, "report": "bb8b31d2-3ed5-4431-bee9-c8784daf3f92"}, {"id": 390701, "translated_question": "Dove ti hanno punto?", "translated_answer": "Braccio destro", "question_id": 2, "question": "question_2", "answer_id": 23, "answer": "question_2_answer_23", "answer_value": "1", "report": "bb8b31d2-3ed5-4431-bee9-c8784daf3f92"}, {"id": 390702, "translated_question": "Dove ti hanno punto?", "translated_answer": "Testa", "question_id": 2, "question": "question_2", "answer_id": 21, "answer": "question_2_answer_21", "answer_value": "1", "report": "bb8b31d2-3ed5-4431-bee9-c8784daf3f92"}], "country": "ITA", "cached_visible": null, "point": "SRID=4326;POINT (9.1133974 39.2153448)", "nuts_3": "ITG2F", "nuts_2": "ITG2", "ia_filter_1": null, "ia_filter_2": null, "session": null}]