[{"version_UUID": "71711aba-b03b-4f48-90cf-65cea334fdbf", "creation_time": "2025-01-02T14:28:51.899862Z", "creation_date": "2025-01-02", "creation_day_since_launch": 3856, "creation_year": 2025, "creation_month": 1, "site_cat": 5, "type": "adult", "lon": 0.6971319392323494, "lat": -0.41148420598534435, "movelab_annotation": null, "movelab_annotation_euro": null, "tiger_responses": {}, "tiger_responses_text": {"question_6": "question_6_answer_64", "question_13": "question_13_answer_132"}, "site_responses": null, "site_responses_text": null, "tigaprob_cat": 0, "visible": true, "latest_version": true, "n_photos": 0, "final_expert_status_text": 1, "responses": [{"id": 986205, "translated_question": "What type of mosquito do you think it was?", "translated_answer": "I don't know", "question_id": 6, "question": "question_6", "answer_id": 64, "answer": "question_6_answer_64", "answer_value": null, "report": "71711aba-b03b-4f48-90cf-65cea334fdbf"}, {"id": 986206, "translated_question": "Where did you find the mosquito?", "translated_answer": "In a building", "question_id": 13, "question": "question_13", "answer_id": 132, "answer": "question_13_answer_132", "answer_value": null, "report": "71711aba-b03b-4f48-90cf-65cea334fdbf"}], "country": null, "updated_at": "2025-01-02T14:30:44.484207Z", "datetime_fix_offset": null, "point": "SRID=4326;POINT (0.6971319392323494 -0.4114842059853444)", "nuts_2": null, "nuts_3": null, "ia_filter_1": -1.0, "ia_filter_2": -1.0, "cached_visible": null, "flipped": false, "flipped_on": null, "flipped_to": null, "session": null}, {"version_UUID": "3f1424ad-96e4-4caf-9197-b98be75c542f", "creation_time": "2025-01-01T09:17:24.986484Z", "creation_date": "2025-01-01", "creation_day_since_launch": 3855, "creation_year": 2025, "creation_month": 1, "site_cat": 5, "type": "bite", "lon": -0.9468352049589158, "lat": -2.5958143943808585, "movelab_annotation": null, "movelab_annotation_euro": null, "tiger_responses": null, "tiger_responses_text": null, "site_responses": null, "site_responses_text": null, "tigaprob_cat": 0, "visible": true, "latest_version": true, "n_photos": 0, "final_expert_status_text": 1, "responses": [{"id": 986162, "translated_question": "How many bites do you have and where are they on your body?", "translated_answer": "", "question_id": 1, "question": "question_1", "answer_id": 11, "answer": "N/A", "answer_value": "6", "report": "3f1424ad-96e4-4caf-9197-b98be75c542f"}, {"id": 986163, "translated_question": "Where did they bite you?", "translated_answer": "Outdoors", "question_id": 4, "question": "question_4", "answer_id": 43, "answer": "question_4_answer_43", "answer_value": null, "report": "3f1424ad-96e4-4caf-9197-b98be75c542f"}, {"id": 986164, "translated_question": "When were you bitten?", "translated_answer": "Just now", "question_id": 5, "question": "question_5", "answer_id": 51, "answer": "question_5_answer_51", "answer_value": null, "report": "3f1424ad-96e4-4caf-9197-b98be75c542f"}, {"id": 986165, "translated_question": "Where did they bite you?", "translated_answer": "Left leg", "question_id": 2, "question": "question_2", "answer_id": 25, "answer": "question_2_answer_25", "answer_value": "1", "report": "3f1424ad-96e4-4caf-9197-b98be75c542f"}, {"id": 986166, "translated_question": "Where did they bite you?", "translated_answer": "Left arm", "question_id": 2, "question": "question_2", "answer_id": 22, "answer": "question_2_answer_22", "answer_value": "1", "report": "3f1424ad-96e4-4caf-9197-b98be75c542f"}, {"id": 986167, "translated_question": "Where did they bite you?", "translated_answer": "Head", "question_id": 2, "question": "question_2", "answer_id": 21, "answer": "question_2_answer_21", "answer_value": "2", "report": "3f1424ad-96e4-4caf-9197-b98be75c542f"}, {"id": 986168, "translated_question": "Where did they bite you?", "translated_answer": "Right arm", "question_id": 2, "question": "question_2", "answer_id": 23, "answer": "question_2_answer_23", "answer_value": "1", "report": "3f1424ad-96e4-4caf-9197-b98be75c542f"}, {"id": 986169, "translated_question": "Where did they bite you?", "translated_answer": "Right leg", "question_id": 2, "question": "question_2", "answer_id": 26, "answer": "question_2_answer_26", "answer_value": "1", "report": "3f1424ad-96e4-4caf-9197-b98be75c542f"}], "country": null, "updated_at": "2025-01-01T09:17:25.836818Z", "datetime_fix_offset": null, "point": "SRID=4326;POINT (-0.9468352049589158 -2.595814394380858)", "nuts_2": null, "nuts_3": null, "ia_filter_1": null, "ia_filter_2": null, "cached_visible": null, "flipped": false, "flipped_on": null, "flipped_to": null, "session": null}, {"version_UUID": "7f3d1428-4154-49c1-9255-413872b570c7", "creation_time": "2025-01-01T12:51:54.179090Z", "creation_date": "2025-01-01", "creation_day_since_launch": 3855, "creation_year": 2025, "creation_month": 1, "site_cat": 5, "type": "adult", "lon": 76.5840947, "lat": 9.4026329, "movelab_annotation": null, "movelab_annotation_euro": null, "tiger_responses": {}, "tiger_responses_text": {"question_6": "question_6_answer_62", "question_13": "question_13_answer_132"}, "site_responses": null, "site_responses_text": null, "tigaprob_cat": 0, "visible": true, "latest_version": true, "n_photos": 0, "final_expert_status_text": 1, "responses": [{"id": 986177, "translated_question": "What type of mosquito do you think it was?", "translated_answer": "Common mosquito", "question_id": 6, "question": "question_6", "answer_id": 62, "answer": "question_6_answer_62", "answer_value": null, "report": "7f3d1428-4154-49c1-9255-413872b570c7"}, {"id": 986178, "translated_question": "Where did you find the mosquito?", "translated_answer": "In a building", "question_id": 13, "question": "question_13", "answer_id": 132, "answer": "question_13_answer_132", "answer_value": null, "report": "7f3d1428-4154-49c1-9255-413872b570c7"}], "country": null, "updated_at": "2025-01-01T12:51:56.535673Z", "datetime_fix_offset": null, "point": "SRID=4326;POINT (76.58409469999999 9.4026329)", "nuts_2": null, "nuts_3": null, "ia_filter_1": -1.0, "ia_filter_2": -1.0, "cached_visible": null, "flipped": false, "flipped_on": null, "flipped_to": null, "session": null}, {"version_UUID": "cc414a7d-4078-4537-918d-a8a63df2f326", "creation_time": "2025-01-01T14:55:42.801815Z", "creation_date": "2025-01-01", "creation_day_since_launch": 3855, "creation_year": 2025, "creation_month": 1, "site_cat": 5, "type": "adult", "lon": 103.89044, "lat": 1.7156668, "movelab_annotation": null, "movelab_annotation_euro": null, "tiger_responses": {}, "tiger_responses_text": {"question_6": "question_6_answer_64", "question_13": "question_13_answer_132"}, "site_responses": null, "site_responses_text": null, "tigaprob_cat": 0, "visible": true, "latest_version": true, "n_photos": 0, "final_expert_status_text": 1, "responses": [{"id": 986185, "translated_question": "What type of mosquito do you think it was?", "translated_answer": "I don't know", "question_id": 6, "question": "question_6", "answer_id": 64, "answer": "question_6_answer_64", "answer_value": null, "report": "cc414a7d-4078-4537-918d-a8a63df2f326"}, {"id": 986186, "translated_question": "Where did you find the mosquito?", "translated_answer": "In a building", "question_id": 13, "question": "question_13", "answer_id": 132, "answer": "question_13_answer_132", "answer_value": null, "report": "cc414a7d-4078-4537-918d-a8a63df2f326"}], "country": null, "updated_at": "2025-01-01T14:55:43.449732Z", "datetime_fix_offset": null, "point": "SRID=4326;POINT (103.89044 1.7156668)", "nuts_2": null, "nuts_3": null, "ia_filter_1": -1.0, "ia_filter_2": -1.0, "cached_visible": null, "flipped": false, "flipped_on": null, "flipped_to": null, "session": null}, {"version_UUID": "3b8b4660-7d5d-4a95-b86e-a7e11511ac24", "creation_time": "2025-01-02T01:25:34.501042Z", "creation_date": "2025-01-02", "creation_day_since_launch": 3856, "creation_year": 2025, "creation_month": 1, "site_cat": 5, "type": "adult", "lon": -40.0681146, "lat": -13.8729067, "movelab_annotation": null, "movelab_annotation_euro": null, "tiger_responses": {}, "tiger_responses_text": {"question_6": "question_6_answer_62", "question_13": "question_13_answer_132"}, "site_responses": null, "site_responses_text": null, "tigaprob_cat": 0, "visible": true, "latest_version": true, "n_photos": 0, "final_expert_status_text": 1, "responses": [{"id": 986201, "translated_question": "Que tipo de mosquito acha que \u00e9?", "translated_answer": "Mosquito comum", "question_id": 6, "question": "question_6", "answer_id": 62, "answer": "question_6_answer_62", "answer_value": null, "report": "3b8b4660-7d5d-4a95-b86e-a7e11511ac24"}, {"id": 986202, "translated_question": "Onde encontraste o mosquito?", "translated_answer": "Dentro de um edif\u00edcio", "question_id": 13, "question": "question_13", "answer_id": 132, "answer": "question_13_answer_132", "answer_value": null, "report": "3b8b4660-7d5d-4a95-b86e-a7e11511ac24"}], "country": null, "updated_at": "2025-01-02T01:25:36.454935Z", "datetime_fix_offset": null, "point": "SRID=4326;POINT (-40.0681146 -13.8729067)", "nuts_2": null, "nuts_3": null, "ia_filter_1": -1.0, "ia_filter_2": -1.0, "cached_visible": null, "flipped": false, "flipped_on": null, "flipped_to": null, "session": null}, {"version_UUID": "f39fe2c8-cce6-456d-925c-a50d7a4ced27", "creation_time": "2025-01-02T04:52:09.633350Z", "creation_date": "2025-01-02", "creation_day_since_launch": 3856, "creation_year": 2025, "creation_month": 1, "site_cat": 5, "type": "adult", "lon": 151.22418225314811, "lat": -33.87252125421309, "movelab_annotation": {"edited_user_notes": "Con questa immagine, non possiamo essere completamente sicuri che sia una zanzara comune. Non \u00e8 possibile visualizzare abbastanza caratteristiche, sebbene siano presenti altri tratti tipici della zanzara comune. Tuttavia, la tua osservazione \u00e8 molto utile. Su www.mosquitoalert.com troverai soluzioni e suggerimenti per catturare e fotografare questi insetti. Ti preghiamo di inviare altre foto!", "photo_html": "<a href=\"/media/tigapics/e0e1edc0-0cb7-4b3e-ac28-aecf00d23d1c.jpeg\" target=\"_blank\"><img src=\"/media/tigapics_popups/e0e1edc0-0cb7-4b3e-ac28-aecf00d23d1c.jpeg\"></a>", "tiger_certainty_category": -2, "aegypti_certainty_category": -2, "score": -2, "classification": "none"}, "movelab_annotation_euro": {"edited_user_notes": "Con questa immagine, non possiamo essere completamente sicuri che sia una zanzara comune. Non \u00e8 possibile visualizzare abbastanza caratteristiche, sebbene siano presenti altri tratti tipici della zanzara comune. Tuttavia, la tua osservazione \u00e8 molto utile. Su www.mosquitoalert.com troverai soluzioni e suggerimenti per catturare e fotografare questi insetti. Ti preghiamo di inviare altre foto!", "photo_html": "<a href=\"/media/tigapics/e0e1edc0-0cb7-4b3e-ac28-aecf00d23d1c.jpeg\" target=\"_blank\"><img src=\"/media/tigapics_popups/e0e1edc0-0cb7-4b3e-ac28-aecf00d23d1c.jpeg\"></a>", "class_name": "Culex sp.", "class_label": "culex-sp", "class_id": 10, "class_value": 1}, "tiger_responses": {}, "tiger_responses_text": {"question_6": "question_6_answer_64", "question_13": "question_13_answer_132"}, "site_responses": null, "site_responses_text": null, "tigaprob_cat": 0, "visible": true, "latest_version": true, "n_photos": 1, "final_expert_status_text": 1, "responses": [{"id": 986203, "translated_question": "Che tipo di zanzare credi sia stata?", "translated_answer": "Non saprei", "question_id": 6, "question": "question_6", "answer_id": 64, "answer": "question_6_answer_64", "answer_value": null, "report": "f39fe2c8-cce6-456d-925c-a50d7a4ced27"}, {"id": 986204, "translated_question": "Dove hai trovato la zanzara?", "translated_answer": "In un edificio", "question_id": 13, "question": "question_13", "answer_id": 132, "answer": "question_13_answer_132", "answer_value": null, "report": "f39fe2c8-cce6-456d-925c-a50d7a4ced27"}], "country": null, "updated_at": "2025-01-02T04:52:10.804457Z", "datetime_fix_offset": -39600, "point": "SRID=4326;POINT (151.2241822531481 -33.87252125421309)", "nuts_2": null, "nuts_3": null, "ia_filter_1": 0.876133382320404, "ia_filter_2": 0.774390243902439, "cached_visible": null, "flipped": false, "flipped_on": null, "flipped_to": null, "session": null}, {"version_UUID": "61d9c2c2-fbd5-4934-8181-7f9a098a3ff7", "creation_time": "2025-01-02T14:30:45.352401Z", "creation_date": "2025-01-02", "creation_day_since_launch": 3856, "creation_year": 2025, "creation_month": 1, "site_cat": 5, "type": "bite", "lon": 0.6971319392323494, "lat": -0.41148420598534435, "movelab_annotation": null, "movelab_annotation_euro": null, "tiger_responses": null, "tiger_responses_text": null, "site_responses": null, "site_responses_text": null, "tigaprob_cat": 0, "visible": true, "latest_version": true, "n_photos": 0, "final_expert_status_text": 1, "responses": [{"id": 986207, "translated_question": "How many bites do you have and where are they on your body?", "translated_answer": "", "question_id": 1, "question": "question_1", "answer_id": 11, "answer": "N/A", "answer_value": "9", "report": "61d9c2c2-fbd5-4934-8181-7f9a098a3ff7"}, {"id": 986208, "translated_question": "Where did they bite you?", "translated_answer": "Left leg", "question_id": 2, "question": "question_2", "answer_id": 25, "answer": "question_2_answer_25", "answer_value": "1", "report": "61d9c2c2-fbd5-4934-8181-7f9a098a3ff7"}, {"id": 986209, "translated_question": "Where did they bite you?", "translated_answer": "Right leg", "question_id": 2, "question": "question_2", "answer_id": 26, "answer": "question_2_answer_26", "answer_value": "1", "report": "61d9c2c2-fbd5-4934-8181-7f9a098a3ff7"}, {"id": 986210, "translated_question": "Where did they bite you?", "translated_answer": "Left arm", "question_id": 2, "question": "question_2", "answer_id": 22, "answer": "question_2_answer_22", "answer_value": "1", "report": "61d9c2c2-fbd5-4934-8181-7f9a098a3ff7"}, {"id": 986211, "translated_question": "Where did they bite you?", "translated_answer": "Right arm", "question_id": 2, "question": "question_2", "answer_id": 23, "answer": "question_2_answer_23", "answer_value": "1", "report": "61d9c2c2-fbd5-4934-8181-7f9a098a3ff7"}, {"id": 986212, "translated_question": "Where did they bite you?", "translated_answer": "Head", "question_id": 2, "question": "question_2", "answer_id": 21, "answer": "question_2_answer_21", "answer_value": "1", "report": "61d9c2c2-fbd5-4934-8181-7f9a098a3ff7"}, {"id": 986213, "translated_question": "Where did they bite you?", "translated_answer": "Chest", "question_id": 2, "question": "question_2", "answer_id": 24, "answer": "question_2_answer_24", "answer_value": "4", "report": "61d9c2c2-fbd5-4934-8181-7f9a098a3ff7"}, {"id": 986214, "translated_question": "Where did they bite you?", "translated_answer": "Inside a building", "question_id": 4, "question": "question_4", "answer_id": 42, "answer": "question_4_answer_42", "answer_value": null, "report": "61d9c2c2-fbd5-4934-8181-7f9a098a3ff7"}, {"id": 986215, "translated_question": "When were you bitten?", "translated_answer": "Just now", "question_id": 5, "question": "question_5", "answer_id": 51, "answer": "question_5_answer_51", "answer_value": null, "report": "61d9c2c2-fbd5-4934-8181-7f9a098a3ff7"}], "country": null, "updated_at": "2025-01-02T14:30:47.734559Z", "datetime_fix_offset": null, "point": "SRID=4326;POINT (0.6971319392323494 -0.4114842059853444)", "nuts_2": null, "nuts_3": null, "ia_filter_1": null, "ia_filter_2": null, "cached_visible": null, "flipped": false, "flipped_on": null, "flipped_to": null, "session": null}, {"version_UUID": "f8b7094a-c399-42ae-84b2-a51bbbeacfe4", "creation_time": "2025-01-01T12:52:28.026386Z", "creation_date": "2025-01-01", "creation_day_since_launch": 3855, "creation_year": 2025, "creation_month": 1, "site_cat": 5, "type": "adult", "lon": 76.5840832, "lat": 9.4026569, "movelab_annotation": null, "movelab_annotation_euro": null, "tiger_responses": {}, "tiger_responses_text": {"question_6": "question_6_answer_62", "question_13": "question_13_answer_133"}, "site_responses": null, "site_responses_text": null, "tigaprob_cat": 0, "visible": true, "latest_version": true, "n_photos": 0, "final_expert_status_text": 1, "responses": [{"id": 986179, "translated_question": "What type of mosquito do you think it was?", "translated_answer": "Common mosquito", "question_id": 6, "question": "question_6", "answer_id": 62, "answer": "question_6_answer_62", "answer_value": null, "report": "f8b7094a-c399-42ae-84b2-a51bbbeacfe4"}, {"id": 986180, "translated_question": "Where did you find the mosquito?", "translated_answer": "Outdoors", "question_id": 13, "question": "question_13", "answer_id": 133, "answer": "question_13_answer_133", "answer_value": null, "report": "f8b7094a-c399-42ae-84b2-a51bbbeacfe4"}], "country": null, "updated_at": "2025-01-01T12:52:30.105838Z", "datetime_fix_offset": null, "point": "SRID=4326;POINT (76.58408319999999 9.4026569)", "nuts_2": null, "nuts_3": null, "ia_filter_1": -1.0, "ia_filter_2": -1.0, "cached_visible": null, "flipped": false, "flipped_on": null, "flipped_to": null, "session": null}, {"version_UUID": "5e33eebb-dc77-44ff-8b20-c0c110408fc8", "creation_time": "2025-01-01T14:56:54.960301Z", "creation_date": "2025-01-01", "creation_day_since_launch": 3855, "creation_year": 2025, "creation_month": 1, "site_cat": 5, "type": "adult", "lon": 103.8904435, "lat": 1.7156074, "movelab_annotation": null, "movelab_annotation_euro": null, "tiger_responses": {}, "tiger_responses_text": {"question_6": "question_6_answer_64", "question_13": "question_13_answer_132"}, "site_responses": null, "site_responses_text": null, "tigaprob_cat": 0, "visible": true, "latest_version": true, "n_photos": 0, "final_expert_status_text": 1, "responses": [{"id": 986187, "translated_question": "What type of mosquito do you think it was?", "translated_answer": "I don't know", "question_id": 6, "question": "question_6", "answer_id": 64, "answer": "question_6_answer_64", "answer_value": null, "report": "5e33eebb-dc77-44ff-8b20-c0c110408fc8"}, {"id": 986188, "translated_question": "Where did you find the mosquito?", "translated_answer": "In a building", "question_id": 13, "question": "question_13", "answer_id": 132, "answer": "question_13_answer_132", "answer_value": null, "report": "5e33eebb-dc77-44ff-8b20-c0c110408fc8"}], "country": null, "updated_at": "2025-01-01T14:56:55.507006Z", "datetime_fix_offset": null, "point": "SRID=4326;POINT (103.8904435 1.7156074)", "nuts_2": null, "nuts_3": null, "ia_filter_1": -1.0, "ia_filter_2": -1.0, "cached_visible": null, "flipped": false, "flipped_on": null, "flipped_to": null, "session": null}, {"version_UUID": "d053822c-84a2-4f6e-8c86-d83c874520db", "creation_time": "2025-01-01T19:08:37.580174Z", "creation_date": "2025-01-01", "creation_day_since_launch": 3855, "creation_year": 2025, "creation_month": 1, "site_cat": 5, "type": "bite", "lon": 12.51751541040943, "lat": 41.86937508738194, "movelab_annotation": null, "movelab_annotation_euro": null, "tiger_responses": null, "tiger_responses_text": null, "site_responses": null, "site_responses_text": null, "tigaprob_cat": 0, "visible": true, "latest_version": true, "n_photos": 0, "final_expert_status_text": 1, "responses": [{"id": 986193, "translated_question": "Quante punture hai ricevuto e in che parte del corpo?", "translated_answer": "", "question_id": 1, "question": "question_1", "answer_id": 11, "answer": "N/A", "answer_value": "1", "report": "d053822c-84a2-4f6e-8c86-d83c874520db"}, {"id": 986194, "translated_question": "Dove ti hanno punto?", "translated_answer": "Braccio sinistro", "question_id": 2, "question": "question_2", "answer_id": 22, "answer": "question_2_answer_22", "answer_value": "1", "report": "d053822c-84a2-4f6e-8c86-d83c874520db"}, {"id": 986195, "translated_question": "Dove eri quando ti hanno punto?", "translated_answer": "In un edificio", "question_id": 4, "question": "question_4", "answer_id": 42, "answer": "question_4_answer_42", "answer_value": null, "report": "d053822c-84a2-4f6e-8c86-d83c874520db"}, {"id": 986196, "translated_question": "Quando ti hanno punto?", "translated_answer": "Adesso", "question_id": 5, "question": "question_5", "answer_id": 51, "answer": "question_5_answer_51", "answer_value": null, "report": "d053822c-84a2-4f6e-8c86-d83c874520db"}], "country": "ITA", "updated_at": "2025-01-01T19:08:39.177241Z", "datetime_fix_offset": -3600, "point": "SRID=4326;POINT (12.51751541040943 41.86937508738194)", "nuts_2": "ITI4", "nuts_3": "ITI43", "ia_filter_1": null, "ia_filter_2": null, "cached_visible": null, "flipped": false, "flipped_on": null, "flipped_to": null, "session": null}, {"version_UUID": "30b5c406-81de-4c0c-81d4-332d96531d23", "creation_time": "2025-01-01T05:27:01.972285Z", "creation_date": "2025-01-01", "creation_day_since_launch": 3855, "creation_year": 2025, "creation_month": 1, "site_cat": 5, "type": "adult", "lon": 89.5601343, "lat": 22.815139, "movelab_annotation": null, "movelab_annotation_euro": null, "tiger_responses": {}, "tiger_responses_text": {"question_6": "question_6_answer_64", "question_13": "question_13_answer_132"}, "site_responses": null, "site_responses_text": null, "tigaprob_cat": 0, "visible": true, "latest_version": true, "n_photos": 0, "final_expert_status_text": 1, "responses": [{"id": 986155, "translated_question": "What type of mosquito do you think it was?", "translated_answer": "I don't know", "question_id": 6, "question": "question_6", "answer_id": 64, "answer": "question_6_answer_64", "answer_value": null, "report": "30b5c406-81de-4c0c-81d4-332d96531d23"}, {"id": 986156, "translated_question": "Where did you find the mosquito?", "translated_answer": "In a building", "question_id": 13, "question": "question_13", "answer_id": 132, "answer": "question_13_answer_132", "answer_value": null, "report": "30b5c406-81de-4c0c-81d4-332d96531d23"}], "country": "BGD", "updated_at": "2025-01-01T05:27:35.715716Z", "datetime_fix_offset": null, "point": "SRID=4326;POINT (89.5601343 22.815139)", "nuts_2": null, "nuts_3": null, "ia_filter_1": -1.0, "ia_filter_2": -1.0, "cached_visible": null, "flipped": false, "flipped_on": null, "flipped_to": null, "session": null}, {"version_UUID": "9ab21220-07ca-419d-a7bc-91f18ddd9592", "creation_time": "2025-01-01T05:27:34.412572Z", "creation_date": "2025-01-01", "creation_day_since_launch": 3855, "creation_year": 2025, "creation_month": 1, "site_cat": 5, "type": "bite", "lon": 89.5601343, "lat": 22.815139, "movelab_annotation": null, "movelab_annotation_euro": null, "tiger_responses": null, "tiger_responses_text": null, "site_responses": null, "site_responses_text": null, "tigaprob_cat": 0, "visible": true, "latest_version": true, "n_photos": 0, "final_expert_status_text": 1, "responses": [{"id": 986157, "translated_question": "How many bites do you have and where are they on your body?", "translated_answer": "", "question_id": 1, "question": "question_1", "answer_id": 11, "answer": "N/A", "answer_value": "1", "report": "9ab21220-07ca-419d-a7bc-91f18ddd9592"}, {"id": 986158, "translated_question": "Where did they bite you?", "translated_answer": "Left arm", "question_id": 2, "question": "question_2", "answer_id": 22, "answer": "question_2_answer_22", "answer_value": "1", "report": "9ab21220-07ca-419d-a7bc-91f18ddd9592"}, {"id": 986159, "translated_question": "Where did they bite you?", "translated_answer": "Inside a building", "question_id": 4, "question": "question_4", "answer_id": 42, "answer": "question_4_answer_42", "answer_value": null, "report": "9ab21220-07ca-419d-a7bc-91f18ddd9592"}, {"id": 986160, "translated_question": "When were you bitten?", "translated_answer": "In the last 24 hours", "question_id": 5, "question": "question_5", "answer_id": 52, "answer": "question_5_answer_52", "answer_value": null, "report": "9ab21220-07ca-419d-a7bc-91f18ddd9592"}, {"id": 986161, "translated_question": "What time was it?", "translated_answer": "Morning", "question_id": 3, "question": "question_3", "answer_id": 31, "answer": "question_3_answer_31", "answer_value": null, "report": "9ab21220-07ca-419d-a7bc-91f18ddd9592"}], "country": "BGD", "updated_at": "2025-01-01T05:27:37.816434Z", "datetime_fix_offset": null, "point": "SRID=4326;POINT (89.5601343 22.815139)", "nuts_2": null, "nuts_3": null, "ia_filter_1": null, "ia_filter_2": null, "cached_visible": null, "flipped": false, "flipped_on": null, "flipped_to": null, "session": null}, {"version_UUID": "47a97bd2-d003-4b2c-837d-e1cf4f89b0a3", "creation_time": "2025-01-02T17:15:43.369793Z", "creation_date": "2025-01-02", "creation_day_since_launch": 3856, "creation_year": 2025, "creation_month": 1, "site_cat": 5, "type": "bite", "lon": 120.6967919, "lat": 15.1418597, "movelab_annotation": null, "movelab_annotation_euro": null, "tiger_responses": null, "tiger_responses_text": null, "site_responses": null, "site_responses_text": null, "tigaprob_cat": 0, "visible": true, "latest_version": true, "n_photos": 0, "final_expert_status_text": 1, "responses": [{"id": 986218, "translated_question": "How many bites do you have and where are they on your body?", "translated_answer": "", "question_id": 1, "question": "question_1", "answer_id": 11, "answer": "N/A", "answer_value": "15", "report": "47a97bd2-d003-4b2c-837d-e1cf4f89b0a3"}, {"id": 986219, "translated_question": "Where did they bite you?", "translated_answer": "Inside a building", "question_id": 4, "question": "question_4", "answer_id": 42, "answer": "question_4_answer_42", "answer_value": null, "report": "47a97bd2-d003-4b2c-837d-e1cf4f89b0a3"}, {"id": 986220, "translated_question": "When were you bitten?", "translated_answer": "Just now", "question_id": 5, "question": "question_5", "answer_id": 51, "answer": "question_5_answer_51", "answer_value": null, "report": "47a97bd2-d003-4b2c-837d-e1cf4f89b0a3"}, {"id": 986221, "translated_question": "Where did they bite you?", "translated_answer": "Right arm", "question_id": 2, "question": "question_2", "answer_id": 23, "answer": "question_2_answer_23", "answer_value": "4", "report": "47a97bd2-d003-4b2c-837d-e1cf4f89b0a3"}, {"id": 986222, "translated_question": "Where did they bite you?", "translated_answer": "Right leg", "question_id": 2, "question": "question_2", "answer_id": 26, "answer": "question_2_answer_26", "answer_value": "6", "report": "47a97bd2-d003-4b2c-837d-e1cf4f89b0a3"}, {"id": 986223, "translated_question": "Where did they bite you?", "translated_answer": "Left leg", "question_id": 2, "question": "question_2", "answer_id": 25, "answer": "question_2_answer_25", "answer_value": "5", "report": "47a97bd2-d003-4b2c-837d-e1cf4f89b0a3"}], "country": null, "updated_at": "2025-01-02T17:15:45.200441Z", "datetime_fix_offset": null, "point": "SRID=4326;POINT (120.6967919 15.1418597)", "nuts_2": null, "nuts_3": null, "ia_filter_1": null, "ia_filter_2": null, "cached_visible": null, "flipped": false, "flipped_on": null, "flipped_to": null, "session": null}, {"version_UUID": "546c3018-4382-46be-86a4-cbad0d6571cc", "creation_time": "2025-01-02T20:41:14.436735Z", "creation_date": "2025-01-02", "creation_day_since_launch": 3856, "creation_year": 2025, "creation_month": 1, "site_cat": 5, "type": "bite", "lon": 32.7002881, "lat": 0.3924644, "movelab_annotation": null, "movelab_annotation_euro": null, "tiger_responses": null, "tiger_responses_text": null, "site_responses": null, "site_responses_text": null, "tigaprob_cat": 0, "visible": true, "latest_version": true, "n_photos": 0, "final_expert_status_text": 1, "responses": [{"id": 986234, "translated_question": "How many bites do you have and where are they on your body?", "translated_answer": "", "question_id": 1, "question": "question_1", "answer_id": 11, "answer": "N/A", "answer_value": "2", "report": "546c3018-4382-46be-86a4-cbad0d6571cc"}, {"id": 986235, "translated_question": "Where did they bite you?", "translated_answer": "Left arm", "question_id": 2, "question": "question_2", "answer_id": 22, "answer": "question_2_answer_22", "answer_value": "1", "report": "546c3018-4382-46be-86a4-cbad0d6571cc"}, {"id": 986236, "translated_question": "Where did they bite you?", "translated_answer": "Inside a building", "question_id": 4, "question": "question_4", "answer_id": 42, "answer": "question_4_answer_42", "answer_value": null, "report": "546c3018-4382-46be-86a4-cbad0d6571cc"}, {"id": 986237, "translated_question": "When were you bitten?", "translated_answer": "In the last 24 hours", "question_id": 5, "question": "question_5", "answer_id": 52, "answer": "question_5_answer_52", "answer_value": null, "report": "546c3018-4382-46be-86a4-cbad0d6571cc"}, {"id": 986238, "translated_question": "What time was it?", "translated_answer": "Midday", "question_id": 3, "question": "question_3", "answer_id": 32, "answer": "question_3_answer_32", "answer_value": null, "report": "546c3018-4382-46be-86a4-cbad0d6571cc"}], "country": null, "updated_at": "2025-01-02T20:41:16.615936Z", "datetime_fix_offset": null, "point": "SRID=4326;POINT (32.7002881 0.3924644)", "nuts_2": null, "nuts_3": null, "ia_filter_1": null, "ia_filter_2": null, "cached_visible": null, "flipped": false, "flipped_on": null, "flipped_to": null, "session": null}, {"version_UUID": "0513a1b3-0c93-4e2d-afb6-d602065e3378", "creation_time": "2025-01-02T22:38:29.337066Z", "creation_date": "2025-01-02", "creation_day_since_launch": 3856, "creation_year": 2025, "creation_month": 1, "site_cat": 5, "type": "bite", "lon": -55.67750696092844, "lat": -34.7542170649992, "movelab_annotation": null, "movelab_annotation_euro": null, "tiger_responses": null, "tiger_responses_text": null, "site_responses": null, "site_responses_text": null, "tigaprob_cat": 0, "visible": true, "latest_version": true, "n_photos": 0, "final_expert_status_text": 1, "responses": [{"id": 986239, "translated_question": "\u00bfCu\u00e1ntas picaduras tienes y en qu\u00e9 parte del cuerpo?", "translated_answer": "", "question_id": 1, "question": "question_1", "answer_id": 11, "answer": "N/A", "answer_value": "1", "report": "0513a1b3-0c93-4e2d-afb6-d602065e3378"}, {"id": 986240, "translated_question": "\u00bfDonde te han picado?", "translated_answer": "Pierna izquierda", "question_id": 2, "question": "question_2", "answer_id": 25, "answer": "question_2_answer_25", "answer_value": "1", "report": "0513a1b3-0c93-4e2d-afb6-d602065e3378"}, {"id": 986241, "translated_question": "\u00bfD\u00f3nde te han picado?", "translated_answer": "En el exterior", "question_id": 4, "question": "question_4", "answer_id": 43, "answer": "question_4_answer_43", "answer_value": null, "report": "0513a1b3-0c93-4e2d-afb6-d602065e3378"}, {"id": 986242, "translated_question": "\u00bfCuando te han picado?", "translated_answer": "En las \u00faltimas 24h", "question_id": 5, "question": "question_5", "answer_id": 52, "answer": "question_5_answer_52", "answer_value": null, "report": "0513a1b3-0c93-4e2d-afb6-d602065e3378"}, {"id": 986243, "translated_question": "\u00bfEn qu\u00e9 momento ha sido?", "translated_answer": "Ma\u00f1ana", "question_id": 3, "question": "question_3", "answer_id": 31, "answer": "question_3_answer_31", "answer_value": null, "report": "0513a1b3-0c93-4e2d-afb6-d602065e3378"}], "country": "URY", "updated_at": "2025-01-02T22:38:29.925990Z", "datetime_fix_offset": null, "point": "SRID=4326;POINT (-55.67750696092844 -34.7542170649992)", "nuts_2": null, "nuts_3": null, "ia_filter_1": null, "ia_filter_2": null, "cached_visible": null, "flipped": false, "flipped_on": null, "flipped_to": null, "session": null}, {"version_UUID": "d0f8ad4b-22bc-4092-a1df-8e7d7b10b08a", "creation_time": "2025-01-02T20:21:39.943028Z", "creation_date": "2025-01-02", "creation_day_since_launch": 3856, "creation_year": 2025, "creation_month": 1, "site_cat": 5, "type": "bite", "lon": -0.4416917, "lat": 39.4997357, "movelab_annotation": null, "movelab_annotation_euro": null, "tiger_responses": null, "tiger_responses_text": null, "site_responses": null, "site_responses_text": null, "tigaprob_cat": 0, "visible": true, "latest_version": true, "n_photos": 0, "final_expert_status_text": 1, "responses": [{"id": 986228, "translated_question": "\u00bfCu\u00e1ntas picaduras tienes y en qu\u00e9 parte del cuerpo?", "translated_answer": "", "question_id": 1, "question": "question_1", "answer_id": 11, "answer": "N/A", "answer_value": "6", "report": "d0f8ad4b-22bc-4092-a1df-8e7d7b10b08a"}, {"id": 986229, "translated_question": "\u00bfD\u00f3nde te han picado?", "translated_answer": "Dentro de un edificio", "question_id": 4, "question": "question_4", "answer_id": 42, "answer": "question_4_answer_42", "answer_value": null, "report": "d0f8ad4b-22bc-4092-a1df-8e7d7b10b08a"}, {"id": 986230, "translated_question": "\u00bfCuando te han picado?", "translated_answer": "En las \u00faltimas 24h", "question_id": 5, "question": "question_5", "answer_id": 52, "answer": "question_5_answer_52", "answer_value": null, "report": "d0f8ad4b-22bc-4092-a1df-8e7d7b10b08a"}, {"id": 986231, "translated_question": "\u00bfEn qu\u00e9 momento ha sido?", "translated_answer": "Noche", "question_id": 3, "question": "question_3", "answer_id": 34, "answer": "question_3_answer_34", "answer_value": null, "report": "d0f8ad4b-22bc-4092-a1df-8e7d7b10b08a"}, {"id": 986232, "translated_question": "\u00bfDonde te han picado?", "translated_answer": "Cabeza", "question_id": 2, "question": "question_2", "answer_id": 21, "answer": "question_2_answer_21", "answer_value": "4", "report": "d0f8ad4b-22bc-4092-a1df-8e7d7b10b08a"}, {"id": 986233, "translated_question": "\u00bfDonde te han picado?", "translated_answer": "Brazo izquierdo", "question_id": 2, "question": "question_2", "answer_id": 22, "answer": "question_2_answer_22", "answer_value": "2", "report": "d0f8ad4b-22bc-4092-a1df-8e7d7b10b08a"}], "country": "ESP", "updated_at": "2025-01-02T20:21:41.456352Z", "datetime_fix_offset": null, "point": "SRID=4326;POINT (-0.4416917 39.4997357)", "nuts_2": "ES52", "nuts_3": "ES523", "ia_filter_1": null, "ia_filter_2": null, "cached_visible": null, "flipped": false, "flipped_on": null, "flipped_to": null, "session": null}]