[{"version_UUID": "0e781810-133b-4145-ac97-718ddf39c93d", "creation_time": "2026-01-01T03:08:09.322760Z", "creation_date": "2026-01-01", "creation_day_since_launch": 4220, "creation_year": 2026, "creation_month": 1, "site_cat": 5, "type": "bite", "lon": 9.8211547, "lat": 44.8172916, "location_is_masked": false, "movelab_annotation": null, "movelab_annotation_euro": null, "tiger_responses": null, "tiger_responses_text": null, "site_responses": null, "site_responses_text": null, "tigaprob_cat": 0, "latest_version": true, "visible": true, "n_photos": 0, "final_expert_status_text": 1, "responses": [{"id": 1133263, "translated_question": "Quante punture hai ricevuto e in che parte del corpo?", "translated_answer": "", "question_id": 1, "question": "question_1", "answer_id": 11, "answer": "N/A", "answer_value": "2", "report": "0e781810-133b-4145-ac97-718ddf39c93d"}, {"id": 1133264, "translated_question": "Dove ti hanno punto?", "translated_answer": "Braccio destro", "question_id": 2, "question": "question_2", "answer_id": 23, "answer": "question_2_answer_23", "answer_value": "1", "report": "0e781810-133b-4145-ac97-718ddf39c93d"}, {"id": 1133265, "translated_question": "Dove ti hanno punto?", "translated_answer": "Gamba destra", "question_id": 2, "question": "question_2", "answer_id": 26, "answer": "question_2_answer_26", "answer_value": "1", "report": "0e781810-133b-4145-ac97-718ddf39c93d"}, {"id": 1133266, "translated_question": "Dove eri quando ti hanno punto?", "translated_answer": "All'aperto", "question_id": 4, "question": "question_4", "answer_id": 43, "answer": "question_4_answer_43", "answer_value": null, "report": "0e781810-133b-4145-ac97-718ddf39c93d"}, {"id": 1133267, "translated_question": "Quando \u00e8 successo?", "translated_answer": "Mezzogiorno", "question_id": 3, "question": "question_3", "answer_id": 32, "answer": "question_3_answer_32", "answer_value": null, "report": "0e781810-133b-4145-ac97-718ddf39c93d"}], "country": "ITA", "updated_at": "2026-01-01T03:08:08.504366Z", "datetime_fix_offset": null, "point": "SRID=4326;POINT (9.821154699999999 44.8172916)", "nuts_2": "ITH5", "nuts_3": "ITH52", "cached_visible": true, "session": null}, {"version_UUID": "a167f462-6f6a-49de-a70c-55efb01ace78", "creation_time": "2026-01-01T10:20:21.409139Z", "creation_date": "2026-01-01", "creation_day_since_launch": 4220, "creation_year": 2026, "creation_month": 1, "site_cat": 5, "type": "bite", "lon": 0.13832362459080452, "lat": 38.83127698309608, "location_is_masked": false, "movelab_annotation": null, "movelab_annotation_euro": null, "tiger_responses": null, "tiger_responses_text": null, "site_responses": null, "site_responses_text": null, "tigaprob_cat": 0, "latest_version": true, "visible": true, "n_photos": 0, "final_expert_status_text": 1, "responses": [{"id": 1133269, "translated_question": "How many bites do you have and where are they on your body?", "translated_answer": "", "question_id": 1, "question": "question_1", "answer_id": 11, "answer": "N/A", "answer_value": "2", "report": "a167f462-6f6a-49de-a70c-55efb01ace78"}, {"id": 1133270, "translated_question": "Where did they bite you?", "translated_answer": "Right arm", "question_id": 2, "question": "question_2", "answer_id": 23, "answer": "question_2_answer_23", "answer_value": "1", "report": "a167f462-6f6a-49de-a70c-55efb01ace78"}, {"id": 1133271, "translated_question": "Where did they bite you?", "translated_answer": "Left leg", "question_id": 2, "question": "question_2", "answer_id": 25, "answer": "question_2_answer_25", "answer_value": "1", "report": "a167f462-6f6a-49de-a70c-55efb01ace78"}, {"id": 1133272, "translated_question": "Where did they bite you?", "translated_answer": "Inside a building", "question_id": 4, "question": "question_4", "answer_id": 42, "answer": "question_4_answer_42", "answer_value": null, "report": "a167f462-6f6a-49de-a70c-55efb01ace78"}, {"id": 1133273, "translated_question": "When were you bitten?", "translated_answer": "In the last 24 hours", "question_id": 5, "question": "question_5", "answer_id": 52, "answer": "question_5_answer_52", "answer_value": null, "report": "a167f462-6f6a-49de-a70c-55efb01ace78"}, {"id": 1133274, "translated_question": "What time was it?", "translated_answer": "Night", "question_id": 3, "question": "question_3", "answer_id": 34, "answer": "question_3_answer_34", "answer_value": null, "report": "a167f462-6f6a-49de-a70c-55efb01ace78"}], "country": "ESP", "updated_at": "2026-01-01T10:20:21.961240Z", "datetime_fix_offset": null, "point": "SRID=4326;POINT (0.1383236245908045 38.83127698309608)", "nuts_2": "ES52", "nuts_3": "ES521", "cached_visible": true, "session": null}, {"version_UUID": "cba41cf9-1df9-445f-9570-6fa0ad5d4fc3", "creation_time": "2026-01-01T10:21:07.061284Z", "creation_date": "2026-01-01", "creation_day_since_launch": 4220, "creation_year": 2026, "creation_month": 1, "site_cat": 5, "type": "bite", "lon": 0.1383248594292685, "lat": 38.83127654159424, "location_is_masked": false, "movelab_annotation": null, "movelab_annotation_euro": null, "tiger_responses": null, "tiger_responses_text": null, "site_responses": null, "site_responses_text": null, "tigaprob_cat": 0, "latest_version": true, "visible": true, "n_photos": 0, "final_expert_status_text": 1, "responses": [{"id": 1133276, "translated_question": "How many bites do you have and where are they on your body?", "translated_answer": "", "question_id": 1, "question": "question_1", "answer_id": 11, "answer": "N/A", "answer_value": "2", "report": "cba41cf9-1df9-445f-9570-6fa0ad5d4fc3"}, {"id": 1133277, "translated_question": "Where did they bite you?", "translated_answer": "Right arm", "question_id": 2, "question": "question_2", "answer_id": 23, "answer": "question_2_answer_23", "answer_value": "1", "report": "cba41cf9-1df9-445f-9570-6fa0ad5d4fc3"}, {"id": 1133278, "translated_question": "Where did they bite you?", "translated_answer": "Left leg", "question_id": 2, "question": "question_2", "answer_id": 25, "answer": "question_2_answer_25", "answer_value": "1", "report": "cba41cf9-1df9-445f-9570-6fa0ad5d4fc3"}, {"id": 1133279, "translated_question": "Where did they bite you?", "translated_answer": "Inside a building", "question_id": 4, "question": "question_4", "answer_id": 42, "answer": "question_4_answer_42", "answer_value": null, "report": "cba41cf9-1df9-445f-9570-6fa0ad5d4fc3"}, {"id": 1133280, "translated_question": "When were you bitten?", "translated_answer": "In the last 24 hours", "question_id": 5, "question": "question_5", "answer_id": 52, "answer": "question_5_answer_52", "answer_value": null, "report": "cba41cf9-1df9-445f-9570-6fa0ad5d4fc3"}, {"id": 1133281, "translated_question": "What time was it?", "translated_answer": "Night", "question_id": 3, "question": "question_3", "answer_id": 34, "answer": "question_3_answer_34", "answer_value": null, "report": "cba41cf9-1df9-445f-9570-6fa0ad5d4fc3"}], "country": "ESP", "updated_at": "2026-01-01T10:21:10.617005Z", "datetime_fix_offset": null, "point": "SRID=4326;POINT (0.1383248594292685 38.83127654159424)", "nuts_2": "ES52", "nuts_3": "ES521", "cached_visible": true, "session": null}, {"version_UUID": "7c7628cf-e443-430f-8270-38d9ef202c6d", "creation_time": "2026-01-01T13:08:54.251331Z", "creation_date": "2026-01-01", "creation_day_since_launch": 4220, "creation_year": 2026, "creation_month": 1, "site_cat": 5, "type": "bite", "lon": -2.8886324912309647, "lat": 43.20511789795439, "location_is_masked": false, "movelab_annotation": null, "movelab_annotation_euro": null, "tiger_responses": null, "tiger_responses_text": null, "site_responses": null, "site_responses_text": null, "tigaprob_cat": 0, "latest_version": true, "visible": true, "n_photos": 0, "final_expert_status_text": 1, "responses": [{"id": 1133283, "translated_question": "\u00bfCu\u00e1ntas picaduras tienes y en qu\u00e9 parte del cuerpo?", "translated_answer": "", "question_id": 1, "question": "question_1", "answer_id": 11, "answer": "N/A", "answer_value": "1", "report": "7c7628cf-e443-430f-8270-38d9ef202c6d"}, {"id": 1133284, "translated_question": "\u00bfDonde te han picado?", "translated_answer": "Brazo derecho", "question_id": 2, "question": "question_2", "answer_id": 23, "answer": "question_2_answer_23", "answer_value": "1", "report": "7c7628cf-e443-430f-8270-38d9ef202c6d"}, {"id": 1133285, "translated_question": "\u00bfD\u00f3nde te han picado?", "translated_answer": "Dentro de un edificio", "question_id": 4, "question": "question_4", "answer_id": 42, "answer": "question_4_answer_42", "answer_value": null, "report": "7c7628cf-e443-430f-8270-38d9ef202c6d"}, {"id": 1133286, "translated_question": "\u00bfCuando te han picado?", "translated_answer": "En las \u00faltimas 24h", "question_id": 5, "question": "question_5", "answer_id": 52, "answer": "question_5_answer_52", "answer_value": null, "report": "7c7628cf-e443-430f-8270-38d9ef202c6d"}, {"id": 1133287, "translated_question": "\u00bfEn qu\u00e9 momento ha sido?", "translated_answer": "Noche", "question_id": 3, "question": "question_3", "answer_id": 34, "answer": "question_3_answer_34", "answer_value": null, "report": "7c7628cf-e443-430f-8270-38d9ef202c6d"}], "country": "ESP", "updated_at": "2026-01-01T13:09:37.119172Z", "datetime_fix_offset": null, "point": "SRID=4326;POINT (-2.888632491230965 43.20511789795439)", "nuts_2": "ES21", "nuts_3": "ES213", "cached_visible": true, "session": null}, {"version_UUID": "bf11afa2-4c90-43fa-a3a4-26474bcd6322", "creation_time": "2026-01-01T14:48:41.819838Z", "creation_date": "2026-01-01", "creation_day_since_launch": 4220, "creation_year": 2026, "creation_month": 1, "site_cat": 5, "type": "adult", "lon": 14.4825132, "lat": 40.7139171, "location_is_masked": false, "movelab_annotation": {"edited_user_notes": "Questa immagine mostra un insetto che non \u00e8 una zanzara e non appartiene quindi alla famiglia dei Culicidi. Su www.mosquitoalert.com troverai soluzioni e suggerimenti per catturare e fotografare questi insetti. Si prega di inviare altre foto!", "photo_html": "<a href=\"https://webserver.mosquitoalert.com/media/tigapics/85b06b74-e6e8-47b1-9fa2-fb1c4e503284.jpeg\" target=\"_blank\"><img src=\"https://webserver.mosquitoalert.com/media/tigapics_popups/85b06b74-e6e8-47b1-9fa2-fb1c4e503284.jpeg\"></a>", "tiger_certainty_category": -2, "aegypti_certainty_category": -2, "score": -2, "classification": "none"}, "movelab_annotation_euro": {"edited_user_notes": "Questa immagine mostra un insetto che non \u00e8 una zanzara e non appartiene quindi alla famiglia dei Culicidi. Su www.mosquitoalert.com troverai soluzioni e suggerimenti per catturare e fotografare questi insetti. Si prega di inviare altre foto!", "photo_html": "<a href=\"https://webserver.mosquitoalert.com/media/tigapics/85b06b74-e6e8-47b1-9fa2-fb1c4e503284.jpeg\" target=\"_blank\"><img src=\"https://webserver.mosquitoalert.com/media/tigapics_popups/85b06b74-e6e8-47b1-9fa2-fb1c4e503284.jpeg\"></a>", "class_name": "Other species", "class_label": "other-species", "class_id": 2, "class_value": null}, "tiger_responses": {}, "tiger_responses_text": {"question_13": "question_13_answer_132"}, "site_responses": null, "site_responses_text": null, "tigaprob_cat": 0, "latest_version": true, "visible": true, "n_photos": 2, "final_expert_status_text": 1, "responses": [{"id": 1133288, "translated_question": "Dove hai trovato la zanzara?", "translated_answer": "In un edificio", "question_id": 13, "question": "question_13", "answer_id": 132, "answer": "question_13_answer_132", "answer_value": null, "report": "bf11afa2-4c90-43fa-a3a4-26474bcd6322"}], "country": "ITA", "updated_at": "2026-01-01T17:47:57.746064Z", "datetime_fix_offset": null, "point": "SRID=4326;POINT (14.4825132 40.7139171)", "nuts_2": "ITF3", "nuts_3": "ITF33", "cached_visible": true, "session": null}, {"version_UUID": "43f1e4cb-73e5-44f8-96e2-1a56933a3fac", "creation_time": "2026-01-01T20:27:21.776970Z", "creation_date": "2026-01-01", "creation_day_since_launch": 4220, "creation_year": 2026, "creation_month": 1, "site_cat": 5, "type": "bite", "lon": 18.442662321031094, "lat": 47.19747387942492, "location_is_masked": false, "movelab_annotation": null, "movelab_annotation_euro": null, "tiger_responses": null, "tiger_responses_text": null, "site_responses": null, "site_responses_text": null, "tigaprob_cat": 0, "latest_version": true, "visible": true, "n_photos": 0, "final_expert_status_text": 1, "responses": [{"id": 1133291, "translated_question": "How many bites do you have and where are they on your body?", "translated_answer": "", "question_id": 1, "question": "question_1", "answer_id": 11, "answer": "N/A", "answer_value": "3", "report": "43f1e4cb-73e5-44f8-96e2-1a56933a3fac"}, {"id": 1133292, "translated_question": "Where did they bite you?", "translated_answer": "Left leg", "question_id": 2, "question": "question_2", "answer_id": 25, "answer": "question_2_answer_25", "answer_value": "1", "report": "43f1e4cb-73e5-44f8-96e2-1a56933a3fac"}, {"id": 1133293, "translated_question": "Where did they bite you?", "translated_answer": "Right arm", "question_id": 2, "question": "question_2", "answer_id": 23, "answer": "question_2_answer_23", "answer_value": "2", "report": "43f1e4cb-73e5-44f8-96e2-1a56933a3fac"}, {"id": 1133294, "translated_question": "Where did they bite you?", "translated_answer": "Inside a building", "question_id": 4, "question": "question_4", "answer_id": 42, "answer": "question_4_answer_42", "answer_value": null, "report": "43f1e4cb-73e5-44f8-96e2-1a56933a3fac"}, {"id": 1133295, "translated_question": "When were you bitten?", "translated_answer": "Just now", "question_id": 5, "question": "question_5", "answer_id": 51, "answer": "question_5_answer_51", "answer_value": null, "report": "43f1e4cb-73e5-44f8-96e2-1a56933a3fac"}], "country": "HUN", "updated_at": "2026-01-01T20:27:27.032559Z", "datetime_fix_offset": null, "point": "SRID=4326;POINT (18.44266232103109 47.19747387942492)", "nuts_2": "HU21", "nuts_3": "HU211", "cached_visible": true, "session": null}]