[{"version_UUID": "71711aba-b03b-4f48-90cf-65cea334fdbf", "creation_time": "2025-01-02T14:28:51.899862Z", "creation_date": "2025-01-02", "creation_day_since_launch": 3856, "creation_year": 2025, "creation_month": 1, "site_cat": 5, "type": "adult", "lon": 0.6971319392323494, "lat": -0.41148420598534435, "movelab_annotation": null, "movelab_annotation_euro": null, "tiger_responses": {}, "tiger_responses_text": {"question_6": "question_6_answer_64", "question_13": "question_13_answer_132"}, "site_responses": null, "site_responses_text": null, "tigaprob_cat": 0, "visible": true, "latest_version": true, "n_photos": 0, "final_expert_status_text": 1, "responses": [{"id": 986205, "translated_question": "What type of mosquito do you think it was?", "translated_answer": "I don't know", "question_id": 6, "question": "question_6", "answer_id": 64, "answer": "question_6_answer_64", "answer_value": null, "report": "71711aba-b03b-4f48-90cf-65cea334fdbf"}, {"id": 986206, "translated_question": "Where did you find the mosquito?", "translated_answer": "In a building", "question_id": 13, "question": "question_13", "answer_id": 132, "answer": "question_13_answer_132", "answer_value": null, "report": "71711aba-b03b-4f48-90cf-65cea334fdbf"}], "country": null, "updated_at": "2025-01-02T14:30:44.484207Z", "datetime_fix_offset": null, "point": "SRID=4326;POINT (0.6971319392323494 -0.4114842059853444)", "nuts_2": null, "nuts_3": null, "ia_filter_1": -1.0, "ia_filter_2": -1.0, "cached_visible": null, "flipped": false, "flipped_on": null, "flipped_to": null, "session": null}, {"version_UUID": "3f1424ad-96e4-4caf-9197-b98be75c542f", "creation_time": "2025-01-01T09:17:24.986484Z", "creation_date": "2025-01-01", "creation_day_since_launch": 3855, "creation_year": 2025, "creation_month": 1, "site_cat": 5, "type": "bite", "lon": -0.9468352049589158, "lat": -2.5958143943808585, "movelab_annotation": null, "movelab_annotation_euro": null, "tiger_responses": null, "tiger_responses_text": null, "site_responses": null, "site_responses_text": null, "tigaprob_cat": 0, "visible": true, "latest_version": true, "n_photos": 0, "final_expert_status_text": 1, "responses": [{"id": 986162, "translated_question": "How many bites do you have and where are they on your body?", "translated_answer": "", "question_id": 1, "question": "question_1", "answer_id": 11, "answer": "N/A", "answer_value": "6", "report": "3f1424ad-96e4-4caf-9197-b98be75c542f"}, {"id": 986163, "translated_question": "Where did they bite you?", "translated_answer": "Outdoors", "question_id": 4, "question": "question_4", "answer_id": 43, "answer": "question_4_answer_43", "answer_value": null, "report": "3f1424ad-96e4-4caf-9197-b98be75c542f"}, {"id": 986164, "translated_question": "When were you bitten?", "translated_answer": "Just now", "question_id": 5, "question": "question_5", "answer_id": 51, "answer": "question_5_answer_51", "answer_value": null, "report": "3f1424ad-96e4-4caf-9197-b98be75c542f"}, {"id": 986165, "translated_question": "Where did they bite you?", "translated_answer": "Left leg", "question_id": 2, "question": "question_2", "answer_id": 25, "answer": "question_2_answer_25", "answer_value": "1", "report": "3f1424ad-96e4-4caf-9197-b98be75c542f"}, {"id": 986166, "translated_question": "Where did they bite you?", "translated_answer": "Left arm", "question_id": 2, "question": "question_2", "answer_id": 22, "answer": "question_2_answer_22", "answer_value": "1", "report": "3f1424ad-96e4-4caf-9197-b98be75c542f"}, {"id": 986167, "translated_question": "Where did they bite you?", "translated_answer": "Head", "question_id": 2, "question": "question_2", "answer_id": 21, "answer": "question_2_answer_21", "answer_value": "2", "report": "3f1424ad-96e4-4caf-9197-b98be75c542f"}, {"id": 986168, "translated_question": "Where did they bite you?", "translated_answer": "Right arm", "question_id": 2, "question": "question_2", "answer_id": 23, "answer": "question_2_answer_23", "answer_value": "1", "report": "3f1424ad-96e4-4caf-9197-b98be75c542f"}, {"id": 986169, "translated_question": "Where did they bite you?", "translated_answer": "Right leg", "question_id": 2, "question": "question_2", "answer_id": 26, "answer": "question_2_answer_26", "answer_value": "1", "report": "3f1424ad-96e4-4caf-9197-b98be75c542f"}], "country": null, "updated_at": "2025-01-01T09:17:25.836818Z", "datetime_fix_offset": null, "point": "SRID=4326;POINT (-0.9468352049589158 -2.595814394380858)", "nuts_2": null, "nuts_3": null, "ia_filter_1": null, "ia_filter_2": null, "cached_visible": null, "flipped": false, "flipped_on": null, "flipped_to": null, "session": null}, {"version_UUID": "7f3d1428-4154-49c1-9255-413872b570c7", "creation_time": "2025-01-01T12:51:54.179090Z", "creation_date": "2025-01-01", "creation_day_since_launch": 3855, "creation_year": 2025, "creation_month": 1, "site_cat": 5, "type": "adult", "lon": 76.5840947, "lat": 9.4026329, "movelab_annotation": null, "movelab_annotation_euro": null, "tiger_responses": {}, "tiger_responses_text": {"question_6": "question_6_answer_62", "question_13": "question_13_answer_132"}, "site_responses": null, "site_responses_text": null, "tigaprob_cat": 0, "visible": true, "latest_version": true, "n_photos": 0, "final_expert_status_text": 1, "responses": [{"id": 986177, "translated_question": "What type of mosquito do you think it was?", "translated_answer": "Common mosquito", "question_id": 6, "question": "question_6", "answer_id": 62, "answer": "question_6_answer_62", "answer_value": null, "report": "7f3d1428-4154-49c1-9255-413872b570c7"}, {"id": 986178, "translated_question": "Where did you find the mosquito?", "translated_answer": "In a building", "question_id": 13, "question": "question_13", "answer_id": 132, "answer": "question_13_answer_132", "answer_value": null, "report": "7f3d1428-4154-49c1-9255-413872b570c7"}], "country": null, "updated_at": "2025-01-01T12:51:56.535673Z", "datetime_fix_offset": null, "point": "SRID=4326;POINT (76.58409469999999 9.4026329)", "nuts_2": null, "nuts_3": null, "ia_filter_1": -1.0, "ia_filter_2": -1.0, "cached_visible": null, "flipped": false, "flipped_on": null, "flipped_to": null, "session": null}, {"version_UUID": "cc414a7d-4078-4537-918d-a8a63df2f326", "creation_time": "2025-01-01T14:55:42.801815Z", "creation_date": "2025-01-01", "creation_day_since_launch": 3855, "creation_year": 2025, "creation_month": 1, "site_cat": 5, "type": "adult", "lon": 103.89044, "lat": 1.7156668, "movelab_annotation": null, "movelab_annotation_euro": null, "tiger_responses": {}, "tiger_responses_text": {"question_6": "question_6_answer_64", "question_13": "question_13_answer_132"}, "site_responses": null, "site_responses_text": null, "tigaprob_cat": 0, "visible": true, "latest_version": true, "n_photos": 0, "final_expert_status_text": 1, "responses": [{"id": 986185, "translated_question": "What type of mosquito do you think it was?", "translated_answer": "I don't know", "question_id": 6, "question": "question_6", "answer_id": 64, "answer": "question_6_answer_64", "answer_value": null, "report": "cc414a7d-4078-4537-918d-a8a63df2f326"}, {"id": 986186, "translated_question": "Where did you find the mosquito?", "translated_answer": "In a building", "question_id": 13, "question": "question_13", "answer_id": 132, "answer": "question_13_answer_132", "answer_value": null, "report": "cc414a7d-4078-4537-918d-a8a63df2f326"}], "country": null, "updated_at": "2025-01-01T14:55:43.449732Z", "datetime_fix_offset": null, "point": "SRID=4326;POINT (103.89044 1.7156668)", "nuts_2": null, "nuts_3": null, "ia_filter_1": -1.0, "ia_filter_2": -1.0, "cached_visible": null, "flipped": false, "flipped_on": null, "flipped_to": null, "session": null}, {"version_UUID": "3b8b4660-7d5d-4a95-b86e-a7e11511ac24", "creation_time": "2025-01-02T01:25:34.501042Z", "creation_date": "2025-01-02", "creation_day_since_launch": 3856, "creation_year": 2025, "creation_month": 1, "site_cat": 5, "type": "adult", "lon": -40.0681146, "lat": -13.8729067, "movelab_annotation": null, "movelab_annotation_euro": null, "tiger_responses": {}, "tiger_responses_text": {"question_6": "question_6_answer_62", "question_13": "question_13_answer_132"}, "site_responses": null, "site_responses_text": null, "tigaprob_cat": 0, "visible": true, "latest_version": true, "n_photos": 0, "final_expert_status_text": 1, "responses": [{"id": 986201, "translated_question": "Que tipo de mosquito acha que \u00e9?", "translated_answer": "Mosquito comum", "question_id": 6, "question": "question_6", "answer_id": 62, "answer": "question_6_answer_62", "answer_value": null, "report": "3b8b4660-7d5d-4a95-b86e-a7e11511ac24"}, {"id": 986202, "translated_question": "Onde encontraste o mosquito?", "translated_answer": "Dentro de um edif\u00edcio", "question_id": 13, "question": "question_13", "answer_id": 132, "answer": "question_13_answer_132", "answer_value": null, "report": "3b8b4660-7d5d-4a95-b86e-a7e11511ac24"}], "country": null, "updated_at": "2025-01-02T01:25:36.454935Z", "datetime_fix_offset": null, "point": "SRID=4326;POINT (-40.0681146 -13.8729067)", "nuts_2": null, "nuts_3": null, "ia_filter_1": -1.0, "ia_filter_2": -1.0, "cached_visible": null, "flipped": false, "flipped_on": null, "flipped_to": null, "session": null}, {"version_UUID": "f39fe2c8-cce6-456d-925c-a50d7a4ced27", "creation_time": "2025-01-02T04:52:09.633350Z", "creation_date": "2025-01-02", "creation_day_since_launch": 3856, "creation_year": 2025, "creation_month": 1, "site_cat": 5, "type": "adult", "lon": 151.22418225314811, "lat": -33.87252125421309, "movelab_annotation": {"edited_user_notes": "Con questa immagine, non possiamo essere completamente sicuri che sia una zanzara comune. Non \u00e8 possibile visualizzare abbastanza caratteristiche, sebbene siano presenti altri tratti tipici della zanzara comune. Tuttavia, la tua osservazione \u00e8 molto utile. Su www.mosquitoalert.com troverai soluzioni e suggerimenti per catturare e fotografare questi insetti. Ti preghiamo di inviare altre foto!", "photo_html": "<a href=\"/media/tigapics/e0e1edc0-0cb7-4b3e-ac28-aecf00d23d1c.jpeg\" target=\"_blank\"><img src=\"/media/tigapics_popups/e0e1edc0-0cb7-4b3e-ac28-aecf00d23d1c.jpeg\"></a>", "tiger_certainty_category": -2, "aegypti_certainty_category": -2, "score": -2, "classification": "none"}, "movelab_annotation_euro": {"edited_user_notes": "Con questa immagine, non possiamo essere completamente sicuri che sia una zanzara comune. Non \u00e8 possibile visualizzare abbastanza caratteristiche, sebbene siano presenti altri tratti tipici della zanzara comune. Tuttavia, la tua osservazione \u00e8 molto utile. Su www.mosquitoalert.com troverai soluzioni e suggerimenti per catturare e fotografare questi insetti. Ti preghiamo di inviare altre foto!", "photo_html": "<a href=\"/media/tigapics/e0e1edc0-0cb7-4b3e-ac28-aecf00d23d1c.jpeg\" target=\"_blank\"><img src=\"/media/tigapics_popups/e0e1edc0-0cb7-4b3e-ac28-aecf00d23d1c.jpeg\"></a>", "class_name": "Culex sp.", "class_label": "culex-sp", "class_id": 10, "class_value": 1}, "tiger_responses": {}, "tiger_responses_text": {"question_6": "question_6_answer_64", "question_13": "question_13_answer_132"}, "site_responses": null, "site_responses_text": null, "tigaprob_cat": 0, "visible": true, "latest_version": true, "n_photos": 1, "final_expert_status_text": 1, "responses": [{"id": 986203, "translated_question": "Che tipo di zanzare credi sia stata?", "translated_answer": "Non saprei", "question_id": 6, "question": "question_6", "answer_id": 64, "answer": "question_6_answer_64", "answer_value": null, "report": "f39fe2c8-cce6-456d-925c-a50d7a4ced27"}, {"id": 986204, "translated_question": "Dove hai trovato la zanzara?", "translated_answer": "In un edificio", "question_id": 13, "question": "question_13", "answer_id": 132, "answer": "question_13_answer_132", "answer_value": null, "report": "f39fe2c8-cce6-456d-925c-a50d7a4ced27"}], "country": null, "updated_at": "2025-01-02T04:52:10.804457Z", "datetime_fix_offset": -39600, "point": "SRID=4326;POINT (151.2241822531481 -33.87252125421309)", "nuts_2": null, "nuts_3": null, "ia_filter_1": 0.876133382320404, "ia_filter_2": 0.774390243902439, "cached_visible": null, "flipped": false, "flipped_on": null, "flipped_to": null, "session": null}, {"version_UUID": "61d9c2c2-fbd5-4934-8181-7f9a098a3ff7", "creation_time": "2025-01-02T14:30:45.352401Z", "creation_date": "2025-01-02", "creation_day_since_launch": 3856, "creation_year": 2025, "creation_month": 1, "site_cat": 5, "type": "bite", "lon": 0.6971319392323494, "lat": -0.41148420598534435, "movelab_annotation": null, "movelab_annotation_euro": null, "tiger_responses": null, "tiger_responses_text": null, "site_responses": null, "site_responses_text": null, "tigaprob_cat": 0, "visible": true, "latest_version": true, "n_photos": 0, "final_expert_status_text": 1, "responses": [{"id": 986207, "translated_question": "How many bites do you have and where are they on your body?", "translated_answer": "", "question_id": 1, "question": "question_1", "answer_id": 11, "answer": "N/A", "answer_value": "9", "report": "61d9c2c2-fbd5-4934-8181-7f9a098a3ff7"}, {"id": 986208, "translated_question": "Where did they bite you?", "translated_answer": "Left leg", "question_id": 2, "question": "question_2", "answer_id": 25, "answer": "question_2_answer_25", "answer_value": "1", "report": "61d9c2c2-fbd5-4934-8181-7f9a098a3ff7"}, {"id": 986209, "translated_question": "Where did they bite you?", "translated_answer": "Right leg", "question_id": 2, "question": "question_2", "answer_id": 26, "answer": "question_2_answer_26", "answer_value": "1", "report": "61d9c2c2-fbd5-4934-8181-7f9a098a3ff7"}, {"id": 986210, "translated_question": "Where did they bite you?", "translated_answer": "Left arm", "question_id": 2, "question": "question_2", "answer_id": 22, "answer": "question_2_answer_22", "answer_value": "1", "report": "61d9c2c2-fbd5-4934-8181-7f9a098a3ff7"}, {"id": 986211, "translated_question": "Where did they bite you?", "translated_answer": "Right arm", "question_id": 2, "question": "question_2", "answer_id": 23, "answer": "question_2_answer_23", "answer_value": "1", "report": "61d9c2c2-fbd5-4934-8181-7f9a098a3ff7"}, {"id": 986212, "translated_question": "Where did they bite you?", "translated_answer": "Head", "question_id": 2, "question": "question_2", "answer_id": 21, "answer": "question_2_answer_21", "answer_value": "1", "report": "61d9c2c2-fbd5-4934-8181-7f9a098a3ff7"}, {"id": 986213, "translated_question": "Where did they bite you?", "translated_answer": "Chest", "question_id": 2, "question": "question_2", "answer_id": 24, "answer": "question_2_answer_24", "answer_value": "4", "report": "61d9c2c2-fbd5-4934-8181-7f9a098a3ff7"}, {"id": 986214, "translated_question": "Where did they bite you?", "translated_answer": "Inside a building", "question_id": 4, "question": "question_4", "answer_id": 42, "answer": "question_4_answer_42", "answer_value": null, "report": "61d9c2c2-fbd5-4934-8181-7f9a098a3ff7"}, {"id": 986215, "translated_question": "When were you bitten?", "translated_answer": "Just now", "question_id": 5, "question": "question_5", "answer_id": 51, "answer": "question_5_answer_51", "answer_value": null, "report": "61d9c2c2-fbd5-4934-8181-7f9a098a3ff7"}], "country": null, "updated_at": "2025-01-02T14:30:47.734559Z", "datetime_fix_offset": null, "point": "SRID=4326;POINT (0.6971319392323494 -0.4114842059853444)", "nuts_2": null, "nuts_3": null, "ia_filter_1": null, "ia_filter_2": null, "cached_visible": null, "flipped": false, "flipped_on": null, "flipped_to": null, "session": null}, {"version_UUID": "f8b7094a-c399-42ae-84b2-a51bbbeacfe4", "creation_time": "2025-01-01T12:52:28.026386Z", "creation_date": "2025-01-01", "creation_day_since_launch": 3855, "creation_year": 2025, "creation_month": 1, "site_cat": 5, "type": "adult", "lon": 76.5840832, "lat": 9.4026569, "movelab_annotation": null, "movelab_annotation_euro": null, "tiger_responses": {}, "tiger_responses_text": {"question_6": "question_6_answer_62", "question_13": "question_13_answer_133"}, "site_responses": null, "site_responses_text": null, "tigaprob_cat": 0, "visible": true, "latest_version": true, "n_photos": 0, "final_expert_status_text": 1, "responses": [{"id": 986179, "translated_question": "What type of mosquito do you think it was?", "translated_answer": "Common mosquito", "question_id": 6, "question": "question_6", "answer_id": 62, "answer": "question_6_answer_62", "answer_value": null, "report": "f8b7094a-c399-42ae-84b2-a51bbbeacfe4"}, {"id": 986180, "translated_question": "Where did you find the mosquito?", "translated_answer": "Outdoors", "question_id": 13, "question": "question_13", "answer_id": 133, "answer": "question_13_answer_133", "answer_value": null, "report": "f8b7094a-c399-42ae-84b2-a51bbbeacfe4"}], "country": null, "updated_at": "2025-01-01T12:52:30.105838Z", "datetime_fix_offset": null, "point": "SRID=4326;POINT (76.58408319999999 9.4026569)", "nuts_2": null, "nuts_3": null, "ia_filter_1": -1.0, "ia_filter_2": -1.0, "cached_visible": null, "flipped": false, "flipped_on": null, "flipped_to": null, "session": null}, {"version_UUID": "5e33eebb-dc77-44ff-8b20-c0c110408fc8", "creation_time": "2025-01-01T14:56:54.960301Z", "creation_date": "2025-01-01", "creation_day_since_launch": 3855, "creation_year": 2025, "creation_month": 1, "site_cat": 5, "type": "adult", "lon": 103.8904435, "lat": 1.7156074, "movelab_annotation": null, "movelab_annotation_euro": null, "tiger_responses": {}, "tiger_responses_text": {"question_6": "question_6_answer_64", "question_13": "question_13_answer_132"}, "site_responses": null, "site_responses_text": null, "tigaprob_cat": 0, "visible": true, "latest_version": true, "n_photos": 0, "final_expert_status_text": 1, "responses": [{"id": 986187, "translated_question": "What type of mosquito do you think it was?", "translated_answer": "I don't know", "question_id": 6, "question": "question_6", "answer_id": 64, "answer": "question_6_answer_64", "answer_value": null, "report": "5e33eebb-dc77-44ff-8b20-c0c110408fc8"}, {"id": 986188, "translated_question": "Where did you find the mosquito?", "translated_answer": "In a building", "question_id": 13, "question": "question_13", "answer_id": 132, "answer": "question_13_answer_132", "answer_value": null, "report": "5e33eebb-dc77-44ff-8b20-c0c110408fc8"}], "country": null, "updated_at": "2025-01-01T14:56:55.507006Z", "datetime_fix_offset": null, "point": "SRID=4326;POINT (103.8904435 1.7156074)", "nuts_2": null, "nuts_3": null, "ia_filter_1": -1.0, "ia_filter_2": -1.0, "cached_visible": null, "flipped": false, "flipped_on": null, "flipped_to": null, "session": null}, {"version_UUID": "d053822c-84a2-4f6e-8c86-d83c874520db", "creation_time": "2025-01-01T19:08:37.580174Z", "creation_date": "2025-01-01", "creation_day_since_launch": 3855, "creation_year": 2025, "creation_month": 1, "site_cat": 5, "type": "bite", "lon": 12.51751541040943, "lat": 41.86937508738194, "movelab_annotation": null, "movelab_annotation_euro": null, "tiger_responses": null, "tiger_responses_text": null, "site_responses": null, "site_responses_text": null, "tigaprob_cat": 0, "visible": true, "latest_version": true, "n_photos": 0, "final_expert_status_text": 1, "responses": [{"id": 986193, "translated_question": "Quante punture hai ricevuto e in che parte del corpo?", "translated_answer": "", "question_id": 1, "question": "question_1", "answer_id": 11, "answer": "N/A", "answer_value": "1", "report": "d053822c-84a2-4f6e-8c86-d83c874520db"}, {"id": 986194, "translated_question": "Dove ti hanno punto?", "translated_answer": "Braccio sinistro", "question_id": 2, "question": "question_2", "answer_id": 22, "answer": "question_2_answer_22", "answer_value": "1", "report": "d053822c-84a2-4f6e-8c86-d83c874520db"}, {"id": 986195, "translated_question": "Dove eri quando ti hanno punto?", "translated_answer": "In un edificio", "question_id": 4, "question": "question_4", "answer_id": 42, "answer": "question_4_answer_42", "answer_value": null, "report": "d053822c-84a2-4f6e-8c86-d83c874520db"}, {"id": 986196, "translated_question": "Quando ti hanno punto?", "translated_answer": "Adesso", "question_id": 5, "question": "question_5", "answer_id": 51, "answer": "question_5_answer_51", "answer_value": null, "report": "d053822c-84a2-4f6e-8c86-d83c874520db"}], "country": "ITA", "updated_at": "2025-01-01T19:08:39.177241Z", "datetime_fix_offset": -3600, "point": "SRID=4326;POINT (12.51751541040943 41.86937508738194)", "nuts_2": "ITI4", "nuts_3": "ITI43", "ia_filter_1": null, "ia_filter_2": null, "cached_visible": null, "flipped": false, "flipped_on": null, "flipped_to": null, "session": null}, {"version_UUID": "30b5c406-81de-4c0c-81d4-332d96531d23", "creation_time": "2025-01-01T05:27:01.972285Z", "creation_date": "2025-01-01", "creation_day_since_launch": 3855, "creation_year": 2025, "creation_month": 1, "site_cat": 5, "type": "adult", "lon": 89.5601343, "lat": 22.815139, "movelab_annotation": null, "movelab_annotation_euro": null, "tiger_responses": {}, "tiger_responses_text": {"question_6": "question_6_answer_64", "question_13": "question_13_answer_132"}, "site_responses": null, "site_responses_text": null, "tigaprob_cat": 0, "visible": true, "latest_version": true, "n_photos": 0, "final_expert_status_text": 1, "responses": [{"id": 986155, "translated_question": "What type of mosquito do you think it was?", "translated_answer": "I don't know", "question_id": 6, "question": "question_6", "answer_id": 64, "answer": "question_6_answer_64", "answer_value": null, "report": "30b5c406-81de-4c0c-81d4-332d96531d23"}, {"id": 986156, "translated_question": "Where did you find the mosquito?", "translated_answer": "In a building", "question_id": 13, "question": "question_13", "answer_id": 132, "answer": "question_13_answer_132", "answer_value": null, "report": "30b5c406-81de-4c0c-81d4-332d96531d23"}], "country": "BGD", "updated_at": "2025-01-01T05:27:35.715716Z", "datetime_fix_offset": null, "point": "SRID=4326;POINT (89.5601343 22.815139)", "nuts_2": null, "nuts_3": null, "ia_filter_1": -1.0, "ia_filter_2": -1.0, "cached_visible": null, "flipped": false, "flipped_on": null, "flipped_to": null, "session": null}, {"version_UUID": "9ab21220-07ca-419d-a7bc-91f18ddd9592", "creation_time": "2025-01-01T05:27:34.412572Z", "creation_date": "2025-01-01", "creation_day_since_launch": 3855, "creation_year": 2025, "creation_month": 1, "site_cat": 5, "type": "bite", "lon": 89.5601343, "lat": 22.815139, "movelab_annotation": null, "movelab_annotation_euro": null, "tiger_responses": null, "tiger_responses_text": null, "site_responses": null, "site_responses_text": null, "tigaprob_cat": 0, "visible": true, "latest_version": true, "n_photos": 0, "final_expert_status_text": 1, "responses": [{"id": 986157, "translated_question": "How many bites do you have and where are they on your body?", "translated_answer": "", "question_id": 1, "question": "question_1", "answer_id": 11, "answer": "N/A", "answer_value": "1", "report": "9ab21220-07ca-419d-a7bc-91f18ddd9592"}, {"id": 986158, "translated_question": "Where did they bite you?", "translated_answer": "Left arm", "question_id": 2, "question": "question_2", "answer_id": 22, "answer": "question_2_answer_22", "answer_value": "1", "report": "9ab21220-07ca-419d-a7bc-91f18ddd9592"}, {"id": 986159, "translated_question": "Where did they bite you?", "translated_answer": "Inside a building", "question_id": 4, "question": "question_4", "answer_id": 42, "answer": "question_4_answer_42", "answer_value": null, "report": "9ab21220-07ca-419d-a7bc-91f18ddd9592"}, {"id": 986160, "translated_question": "When were you bitten?", "translated_answer": "In the last 24 hours", "question_id": 5, "question": "question_5", "answer_id": 52, "answer": "question_5_answer_52", "answer_value": null, "report": "9ab21220-07ca-419d-a7bc-91f18ddd9592"}, {"id": 986161, "translated_question": "What time was it?", "translated_answer": "Morning", "question_id": 3, "question": "question_3", "answer_id": 31, "answer": "question_3_answer_31", "answer_value": null, "report": "9ab21220-07ca-419d-a7bc-91f18ddd9592"}], "country": "BGD", "updated_at": "2025-01-01T05:27:37.816434Z", "datetime_fix_offset": null, "point": "SRID=4326;POINT (89.5601343 22.815139)", "nuts_2": null, "nuts_3": null, "ia_filter_1": null, "ia_filter_2": null, "cached_visible": null, "flipped": false, "flipped_on": null, "flipped_to": null, "session": null}, {"version_UUID": "47a97bd2-d003-4b2c-837d-e1cf4f89b0a3", "creation_time": "2025-01-02T17:15:43.369793Z", "creation_date": "2025-01-02", "creation_day_since_launch": 3856, "creation_year": 2025, "creation_month": 1, "site_cat": 5, "type": "bite", "lon": 120.6967919, "lat": 15.1418597, "movelab_annotation": null, "movelab_annotation_euro": null, "tiger_responses": null, "tiger_responses_text": null, "site_responses": null, "site_responses_text": null, "tigaprob_cat": 0, "visible": true, "latest_version": true, "n_photos": 0, "final_expert_status_text": 1, "responses": [{"id": 986218, "translated_question": "How many bites do you have and where are they on your body?", "translated_answer": "", "question_id": 1, "question": "question_1", "answer_id": 11, "answer": "N/A", "answer_value": "15", "report": "47a97bd2-d003-4b2c-837d-e1cf4f89b0a3"}, {"id": 986219, "translated_question": "Where did they bite you?", "translated_answer": "Inside a building", "question_id": 4, "question": "question_4", "answer_id": 42, "answer": "question_4_answer_42", "answer_value": null, "report": "47a97bd2-d003-4b2c-837d-e1cf4f89b0a3"}, {"id": 986220, "translated_question": "When were you bitten?", "translated_answer": "Just now", "question_id": 5, "question": "question_5", "answer_id": 51, "answer": "question_5_answer_51", "answer_value": null, "report": "47a97bd2-d003-4b2c-837d-e1cf4f89b0a3"}, {"id": 986221, "translated_question": "Where did they bite you?", "translated_answer": "Right arm", "question_id": 2, "question": "question_2", "answer_id": 23, "answer": "question_2_answer_23", "answer_value": "4", "report": "47a97bd2-d003-4b2c-837d-e1cf4f89b0a3"}, {"id": 986222, "translated_question": "Where did they bite you?", "translated_answer": "Right leg", "question_id": 2, "question": "question_2", "answer_id": 26, "answer": "question_2_answer_26", "answer_value": "6", "report": "47a97bd2-d003-4b2c-837d-e1cf4f89b0a3"}, {"id": 986223, "translated_question": "Where did they bite you?", "translated_answer": "Left leg", "question_id": 2, "question": "question_2", "answer_id": 25, "answer": "question_2_answer_25", "answer_value": "5", "report": "47a97bd2-d003-4b2c-837d-e1cf4f89b0a3"}], "country": null, "updated_at": "2025-01-02T17:15:45.200441Z", "datetime_fix_offset": null, "point": "SRID=4326;POINT (120.6967919 15.1418597)", "nuts_2": null, "nuts_3": null, "ia_filter_1": null, "ia_filter_2": null, "cached_visible": null, "flipped": false, "flipped_on": null, "flipped_to": null, "session": null}, {"version_UUID": "d0f8ad4b-22bc-4092-a1df-8e7d7b10b08a", "creation_time": "2025-01-02T20:21:39.943028Z", "creation_date": "2025-01-02", "creation_day_since_launch": 3856, "creation_year": 2025, "creation_month": 1, "site_cat": 5, "type": "bite", "lon": -0.4416917, "lat": 39.4997357, "movelab_annotation": null, "movelab_annotation_euro": null, "tiger_responses": null, "tiger_responses_text": null, "site_responses": null, "site_responses_text": null, "tigaprob_cat": 0, "visible": true, "latest_version": true, "n_photos": 0, "final_expert_status_text": 1, "responses": [{"id": 986228, "translated_question": "\u00bfCu\u00e1ntas picaduras tienes y en qu\u00e9 parte del cuerpo?", "translated_answer": "", "question_id": 1, "question": "question_1", "answer_id": 11, "answer": "N/A", "answer_value": "6", "report": "d0f8ad4b-22bc-4092-a1df-8e7d7b10b08a"}, {"id": 986229, "translated_question": "\u00bfD\u00f3nde te han picado?", "translated_answer": "Dentro de un edificio", "question_id": 4, "question": "question_4", "answer_id": 42, "answer": "question_4_answer_42", "answer_value": null, "report": "d0f8ad4b-22bc-4092-a1df-8e7d7b10b08a"}, {"id": 986230, "translated_question": "\u00bfCuando te han picado?", "translated_answer": "En las \u00faltimas 24h", "question_id": 5, "question": "question_5", "answer_id": 52, "answer": "question_5_answer_52", "answer_value": null, "report": "d0f8ad4b-22bc-4092-a1df-8e7d7b10b08a"}, {"id": 986231, "translated_question": "\u00bfEn qu\u00e9 momento ha sido?", "translated_answer": "Noche", "question_id": 3, "question": "question_3", "answer_id": 34, "answer": "question_3_answer_34", "answer_value": null, "report": "d0f8ad4b-22bc-4092-a1df-8e7d7b10b08a"}, {"id": 986232, "translated_question": "\u00bfDonde te han picado?", "translated_answer": "Cabeza", "question_id": 2, "question": "question_2", "answer_id": 21, "answer": "question_2_answer_21", "answer_value": "4", "report": "d0f8ad4b-22bc-4092-a1df-8e7d7b10b08a"}, {"id": 986233, "translated_question": "\u00bfDonde te han picado?", "translated_answer": "Brazo izquierdo", "question_id": 2, "question": "question_2", "answer_id": 22, "answer": "question_2_answer_22", "answer_value": "2", "report": "d0f8ad4b-22bc-4092-a1df-8e7d7b10b08a"}], "country": "ESP", "updated_at": "2025-01-02T20:21:41.456352Z", "datetime_fix_offset": null, "point": "SRID=4326;POINT (-0.4416917 39.4997357)", "nuts_2": "ES52", "nuts_3": "ES523", "ia_filter_1": null, "ia_filter_2": null, "cached_visible": null, "flipped": false, "flipped_on": null, "flipped_to": null, "session": null}, {"version_UUID": "aef7ed0b-77df-4673-84d2-1d365192773f", "creation_time": "2025-01-02T20:21:10.411774Z", "creation_date": "2025-01-02", "creation_day_since_launch": 3856, "creation_year": 2025, "creation_month": 1, "site_cat": 5, "type": "adult", "lon": -0.4416917, "lat": 39.4997357, "movelab_annotation": {"edited_user_notes": "Con esta foto no podemos asegurar totalmente que sea un Culex. No pueden verse simult\u00e1neamente suficientes rasgos, aunque algunas caracter\u00edsticas del mosquito com\u00fan est\u00e1n presentes. Aun as\u00ed, tu observaci\u00f3n sigue siendo muy \u00fatil. En www.mosquitoalert.com encontrar\u00e1s trucos para atrapar y fotografiar estos insectos. \u00a1Env\u00eda m\u00e1s fotos!", "photo_html": "<a href=\"/media/tigapics/a0ebccbb-117d-4db0-a9ab-899ccab17230.jpg\" target=\"_blank\"><img src=\"/media/tigapics_popups/a0ebccbb-117d-4db0-a9ab-899ccab17230.jpg\"></a>", "tiger_certainty_category": -2, "aegypti_certainty_category": -2, "score": -2, "classification": "none"}, "movelab_annotation_euro": {"edited_user_notes": "Con esta foto no podemos asegurar totalmente que sea un Culex. No pueden verse simult\u00e1neamente suficientes rasgos, aunque algunas caracter\u00edsticas del mosquito com\u00fan est\u00e1n presentes. Aun as\u00ed, tu observaci\u00f3n sigue siendo muy \u00fatil. En www.mosquitoalert.com encontrar\u00e1s trucos para atrapar y fotografiar estos insectos. \u00a1Env\u00eda m\u00e1s fotos!", "photo_html": "<a href=\"/media/tigapics/a0ebccbb-117d-4db0-a9ab-899ccab17230.jpg\" target=\"_blank\"><img src=\"/media/tigapics_popups/a0ebccbb-117d-4db0-a9ab-899ccab17230.jpg\"></a>", "class_name": "Culex sp.", "class_label": "culex-sp", "class_id": 10, "class_value": 1}, "tiger_responses": {}, "tiger_responses_text": {"question_6": "question_6_answer_64", "question_13": "question_13_answer_132"}, "site_responses": null, "site_responses_text": null, "tigaprob_cat": 0, "visible": true, "latest_version": true, "n_photos": 1, "final_expert_status_text": 1, "responses": [{"id": 986226, "translated_question": "\u00bfQu\u00e9 tipo de mosquito crees que es?", "translated_answer": "No lo s\u00e9", "question_id": 6, "question": "question_6", "answer_id": 64, "answer": "question_6_answer_64", "answer_value": null, "report": "aef7ed0b-77df-4673-84d2-1d365192773f"}, {"id": 986227, "translated_question": "\u00bfD\u00f3nde has encontrado el mosquito?", "translated_answer": "Dentro de un edificio", "question_id": 13, "question": "question_13", "answer_id": 132, "answer": "question_13_answer_132", "answer_value": null, "report": "aef7ed0b-77df-4673-84d2-1d365192773f"}], "country": "ESP", "updated_at": "2025-01-02T20:21:40.566516Z", "datetime_fix_offset": null, "point": "SRID=4326;POINT (-0.4416917 39.4997357)", "nuts_2": "ES52", "nuts_3": "ES523", "ia_filter_1": 0.8705186247825623, "ia_filter_2": 0.774390243902439, "cached_visible": null, "flipped": false, "flipped_on": null, "flipped_to": null, "session": null}, {"version_UUID": "0c8c60db-964f-4b76-b8b2-40edb766a76d", "creation_time": "2025-01-03T05:32:11.678680Z", "creation_date": "2025-01-03", "creation_day_since_launch": 3857, "creation_year": 2025, "creation_month": 1, "site_cat": 5, "type": "bite", "lon": 3.8841144, "lat": 43.652461, "movelab_annotation": null, "movelab_annotation_euro": null, "tiger_responses": null, "tiger_responses_text": null, "site_responses": null, "site_responses_text": null, "tigaprob_cat": 0, "visible": true, "latest_version": true, "n_photos": 0, "final_expert_status_text": 1, "responses": [{"id": 986246, "translated_question": "How many bites do you have and where are they on your body?", "translated_answer": "", "question_id": 1, "question": "question_1", "answer_id": 11, "answer": "N/A", "answer_value": "3", "report": "0c8c60db-964f-4b76-b8b2-40edb766a76d"}, {"id": 986247, "translated_question": "Where did they bite you?", "translated_answer": "Left leg", "question_id": 2, "question": "question_2", "answer_id": 25, "answer": "question_2_answer_25", "answer_value": "2", "report": "0c8c60db-964f-4b76-b8b2-40edb766a76d"}, {"id": 986248, "translated_question": "Where did they bite you?", "translated_answer": "Right leg", "question_id": 2, "question": "question_2", "answer_id": 26, "answer": "question_2_answer_26", "answer_value": "1", "report": "0c8c60db-964f-4b76-b8b2-40edb766a76d"}, {"id": 986249, "translated_question": "Where did they bite you?", "translated_answer": "Inside a building", "question_id": 4, "question": "question_4", "answer_id": 42, "answer": "question_4_answer_42", "answer_value": null, "report": "0c8c60db-964f-4b76-b8b2-40edb766a76d"}, {"id": 986250, "translated_question": "When were you bitten?", "translated_answer": "Just now", "question_id": 5, "question": "question_5", "answer_id": 51, "answer": "question_5_answer_51", "answer_value": null, "report": "0c8c60db-964f-4b76-b8b2-40edb766a76d"}], "country": "FRA", "updated_at": "2025-01-03T05:32:14.549321Z", "datetime_fix_offset": null, "point": "SRID=4326;POINT (3.8841144 43.652461)", "nuts_2": "FRJ1", "nuts_3": "FRJ13", "ia_filter_1": null, "ia_filter_2": null, "cached_visible": null, "flipped": false, "flipped_on": null, "flipped_to": null, "session": null}, {"version_UUID": "eaf0de12-e14a-4574-bb4c-aebc6d5e4083", "creation_time": "2025-01-03T06:11:03.893970Z", "creation_date": "2025-01-03", "creation_day_since_launch": 3857, "creation_year": 2025, "creation_month": 1, "site_cat": 5, "type": "bite", "lon": 3.8841142, "lat": 43.652468, "movelab_annotation": null, "movelab_annotation_euro": null, "tiger_responses": null, "tiger_responses_text": null, "site_responses": null, "site_responses_text": null, "tigaprob_cat": 0, "visible": true, "latest_version": true, "n_photos": 0, "final_expert_status_text": 1, "responses": [{"id": 986257, "translated_question": "Combien de piq\u00fbres avez-vous et o\u00f9 se trouvent-elles sur votre corps ?", "translated_answer": "", "question_id": 1, "question": "question_1", "answer_id": 11, "answer": "N/A", "answer_value": "3", "report": "eaf0de12-e14a-4574-bb4c-aebc6d5e4083"}, {"id": 986258, "translated_question": "O\u00f9 vous ont-ils piqu\u00e9 ?", "translated_answer": "T\u00eate", "question_id": 2, "question": "question_2", "answer_id": 21, "answer": "question_2_answer_21", "answer_value": "3", "report": "eaf0de12-e14a-4574-bb4c-aebc6d5e4083"}, {"id": 986259, "translated_question": "O\u00f9 vous ont-ils piqu\u00e9 ?", "translated_answer": "Dans un b\u00e2timent", "question_id": 4, "question": "question_4", "answer_id": 42, "answer": "question_4_answer_42", "answer_value": null, "report": "eaf0de12-e14a-4574-bb4c-aebc6d5e4083"}, {"id": 986260, "translated_question": "Quand avez-vous \u00e9t\u00e9 piqu\u00e9?", "translated_answer": "Dans les derni\u00e8res 24 heures", "question_id": 5, "question": "question_5", "answer_id": 52, "answer": "question_5_answer_52", "answer_value": null, "report": "eaf0de12-e14a-4574-bb4c-aebc6d5e4083"}, {"id": 986261, "translated_question": "\u00c0 quelle heure?", "translated_answer": "Nuit", "question_id": 3, "question": "question_3", "answer_id": 34, "answer": "question_3_answer_34", "answer_value": null, "report": "eaf0de12-e14a-4574-bb4c-aebc6d5e4083"}], "country": "FRA", "updated_at": "2025-01-03T06:11:05.432670Z", "datetime_fix_offset": null, "point": "SRID=4326;POINT (3.8841142 43.652468)", "nuts_2": "FRJ1", "nuts_3": "FRJ13", "ia_filter_1": null, "ia_filter_2": null, "cached_visible": null, "flipped": false, "flipped_on": null, "flipped_to": null, "session": null}, {"version_UUID": "546c3018-4382-46be-86a4-cbad0d6571cc", "creation_time": "2025-01-02T20:41:14.436735Z", "creation_date": "2025-01-02", "creation_day_since_launch": 3856, "creation_year": 2025, "creation_month": 1, "site_cat": 5, "type": "bite", "lon": 32.7002881, "lat": 0.3924644, "movelab_annotation": null, "movelab_annotation_euro": null, "tiger_responses": null, "tiger_responses_text": null, "site_responses": null, "site_responses_text": null, "tigaprob_cat": 0, "visible": true, "latest_version": true, "n_photos": 0, "final_expert_status_text": 1, "responses": [{"id": 986234, "translated_question": "How many bites do you have and where are they on your body?", "translated_answer": "", "question_id": 1, "question": "question_1", "answer_id": 11, "answer": "N/A", "answer_value": "2", "report": "546c3018-4382-46be-86a4-cbad0d6571cc"}, {"id": 986235, "translated_question": "Where did they bite you?", "translated_answer": "Left arm", "question_id": 2, "question": "question_2", "answer_id": 22, "answer": "question_2_answer_22", "answer_value": "1", "report": "546c3018-4382-46be-86a4-cbad0d6571cc"}, {"id": 986236, "translated_question": "Where did they bite you?", "translated_answer": "Inside a building", "question_id": 4, "question": "question_4", "answer_id": 42, "answer": "question_4_answer_42", "answer_value": null, "report": "546c3018-4382-46be-86a4-cbad0d6571cc"}, {"id": 986237, "translated_question": "When were you bitten?", "translated_answer": "In the last 24 hours", "question_id": 5, "question": "question_5", "answer_id": 52, "answer": "question_5_answer_52", "answer_value": null, "report": "546c3018-4382-46be-86a4-cbad0d6571cc"}, {"id": 986238, "translated_question": "What time was it?", "translated_answer": "Midday", "question_id": 3, "question": "question_3", "answer_id": 32, "answer": "question_3_answer_32", "answer_value": null, "report": "546c3018-4382-46be-86a4-cbad0d6571cc"}], "country": null, "updated_at": "2025-01-02T20:41:16.615936Z", "datetime_fix_offset": null, "point": "SRID=4326;POINT (32.7002881 0.3924644)", "nuts_2": null, "nuts_3": null, "ia_filter_1": null, "ia_filter_2": null, "cached_visible": null, "flipped": false, "flipped_on": null, "flipped_to": null, "session": null}, {"version_UUID": "0513a1b3-0c93-4e2d-afb6-d602065e3378", "creation_time": "2025-01-02T22:38:29.337066Z", "creation_date": "2025-01-02", "creation_day_since_launch": 3856, "creation_year": 2025, "creation_month": 1, "site_cat": 5, "type": "bite", "lon": -55.67750696092844, "lat": -34.7542170649992, "movelab_annotation": null, "movelab_annotation_euro": null, "tiger_responses": null, "tiger_responses_text": null, "site_responses": null, "site_responses_text": null, "tigaprob_cat": 0, "visible": true, "latest_version": true, "n_photos": 0, "final_expert_status_text": 1, "responses": [{"id": 986239, "translated_question": "\u00bfCu\u00e1ntas picaduras tienes y en qu\u00e9 parte del cuerpo?", "translated_answer": "", "question_id": 1, "question": "question_1", "answer_id": 11, "answer": "N/A", "answer_value": "1", "report": "0513a1b3-0c93-4e2d-afb6-d602065e3378"}, {"id": 986240, "translated_question": "\u00bfDonde te han picado?", "translated_answer": "Pierna izquierda", "question_id": 2, "question": "question_2", "answer_id": 25, "answer": "question_2_answer_25", "answer_value": "1", "report": "0513a1b3-0c93-4e2d-afb6-d602065e3378"}, {"id": 986241, "translated_question": "\u00bfD\u00f3nde te han picado?", "translated_answer": "En el exterior", "question_id": 4, "question": "question_4", "answer_id": 43, "answer": "question_4_answer_43", "answer_value": null, "report": "0513a1b3-0c93-4e2d-afb6-d602065e3378"}, {"id": 986242, "translated_question": "\u00bfCuando te han picado?", "translated_answer": "En las \u00faltimas 24h", "question_id": 5, "question": "question_5", "answer_id": 52, "answer": "question_5_answer_52", "answer_value": null, "report": "0513a1b3-0c93-4e2d-afb6-d602065e3378"}, {"id": 986243, "translated_question": "\u00bfEn qu\u00e9 momento ha sido?", "translated_answer": "Ma\u00f1ana", "question_id": 3, "question": "question_3", "answer_id": 31, "answer": "question_3_answer_31", "answer_value": null, "report": "0513a1b3-0c93-4e2d-afb6-d602065e3378"}], "country": "URY", "updated_at": "2025-01-02T22:38:29.925990Z", "datetime_fix_offset": null, "point": "SRID=4326;POINT (-55.67750696092844 -34.7542170649992)", "nuts_2": null, "nuts_3": null, "ia_filter_1": null, "ia_filter_2": null, "cached_visible": null, "flipped": false, "flipped_on": null, "flipped_to": null, "session": null}, {"version_UUID": "9c5f08ca-842b-49db-85f6-910c6213e14a", "creation_time": "2025-01-03T15:45:27.267348Z", "creation_date": "2025-01-03", "creation_day_since_launch": 3857, "creation_year": 2025, "creation_month": 1, "site_cat": 5, "type": "adult", "lon": 0.12725941836833954, "lat": 38.819095109437555, "movelab_annotation": {"edited_user_notes": "With this picture we can't identify any mosquito species, because it's blurry and you can't recognize the typical traits of any of them. Still, your observation is very useful. At www.mosquitoalert.com you will find tricks and tips for catching and photographing these insects. Please send more pictures!", "photo_html": "<a href=\"/media/tigapics/744f3c98-7563-4fcb-8412-17d017627af2.jpg\" target=\"_blank\"><img src=\"/media/tigapics_popups/744f3c98-7563-4fcb-8412-17d017627af2.jpg\"></a>", "tiger_certainty_category": -2, "aegypti_certainty_category": -2, "score": -2, "classification": "none"}, "movelab_annotation_euro": {"edited_user_notes": "With this picture we can't identify any mosquito species, because it's blurry and you can't recognize the typical traits of any of them. Still, your observation is very useful. At www.mosquitoalert.com you will find tricks and tips for catching and photographing these insects. Please send more pictures!", "photo_html": "<a href=\"/media/tigapics/744f3c98-7563-4fcb-8412-17d017627af2.jpg\" target=\"_blank\"><img src=\"/media/tigapics_popups/744f3c98-7563-4fcb-8412-17d017627af2.jpg\"></a>", "class_name": "Not sure", "class_label": "not-sure", "class_id": 9, "class_value": null}, "tiger_responses": {}, "tiger_responses_text": {"question_6": "question_6_answer_61", "question_7": "question_7_answer_733", "question_13": "question_13_answer_133"}, "site_responses": null, "site_responses_text": null, "tigaprob_cat": 0, "visible": true, "latest_version": true, "n_photos": 1, "final_expert_status_text": 1, "responses": [{"id": 986294, "translated_question": "What type of mosquito do you think it was?", "translated_answer": "Invasive Aedes", "question_id": 6, "question": "question_6", "answer_id": 61, "answer": "question_6_answer_61", "answer_value": null, "report": "9c5f08ca-842b-49db-85f6-910c6213e14a"}, {"id": 986295, "translated_question": "What does the mosquito look like?", "translated_answer": "Thorax 2", "question_id": 7, "question": "question_7", "answer_id": 712, "answer": "question_7_answer_712", "answer_value": null, "report": "9c5f08ca-842b-49db-85f6-910c6213e14a"}, {"id": 986296, "translated_question": "What does the mosquito look like?", "translated_answer": "Abdomen 1", "question_id": 7, "question": "question_7", "answer_id": 721, "answer": "question_7_answer_721", "answer_value": null, "report": "9c5f08ca-842b-49db-85f6-910c6213e14a"}, {"id": 986297, "translated_question": "What does the mosquito look like?", "translated_answer": "Leg 3", "question_id": 7, "question": "question_7", "answer_id": 733, "answer": "question_7_answer_733", "answer_value": null, "report": "9c5f08ca-842b-49db-85f6-910c6213e14a"}, {"id": 986298, "translated_question": "Where did you find the mosquito?", "translated_answer": "Outdoors", "question_id": 13, "question": "question_13", "answer_id": 133, "answer": "question_13_answer_133", "answer_value": null, "report": "9c5f08ca-842b-49db-85f6-910c6213e14a"}], "country": "ESP", "updated_at": "2025-01-03T15:45:28.748539Z", "datetime_fix_offset": null, "point": "SRID=4326;POINT (0.1272594183683395 38.81909510943755)", "nuts_2": "ES52", "nuts_3": "ES521", "ia_filter_1": 0.8658695816993713, "ia_filter_2": -0.04086596935052298, "cached_visible": null, "flipped": false, "flipped_on": null, "flipped_to": null, "session": null}, {"version_UUID": "a334e4f6-979d-4484-8365-1d7ff3e575c9", "creation_time": "2025-01-03T05:32:00.518326Z", "creation_date": "2025-01-03", "creation_day_since_launch": 3857, "creation_year": 2025, "creation_month": 1, "site_cat": 5, "type": "adult", "lon": 3.8841144, "lat": 43.652461, "movelab_annotation": {"edited_user_notes": "With this picture, we can't be completely sure that it's an Culex mosquito. You can't simultaneously see enough features, though other typical traits of the common house mosquito are present.  Still, your observation is very useful. At www.mosquitoalert.com you will find tricks and tips for catching and photographing these insects. Please send more pictures!", "photo_html": "<a href=\"/media/tigapics/7e0108a0-da99-4fff-9e78-854b091ce806.jpg\" target=\"_blank\"><img src=\"/media/tigapics_popups/7e0108a0-da99-4fff-9e78-854b091ce806.jpg\"></a>", "tiger_certainty_category": -2, "aegypti_certainty_category": -2, "score": -2, "classification": "none"}, "movelab_annotation_euro": {"edited_user_notes": "With this picture, we can't be completely sure that it's an Culex mosquito. You can't simultaneously see enough features, though other typical traits of the common house mosquito are present.  Still, your observation is very useful. At www.mosquitoalert.com you will find tricks and tips for catching and photographing these insects. Please send more pictures!", "photo_html": "<a href=\"/media/tigapics/7e0108a0-da99-4fff-9e78-854b091ce806.jpg\" target=\"_blank\"><img src=\"/media/tigapics_popups/7e0108a0-da99-4fff-9e78-854b091ce806.jpg\"></a>", "class_name": "Culex sp.", "class_label": "culex-sp", "class_id": 10, "class_value": 1}, "tiger_responses": {}, "tiger_responses_text": {"question_6": "question_6_answer_64", "question_13": "question_13_answer_132"}, "site_responses": null, "site_responses_text": null, "tigaprob_cat": 0, "visible": true, "latest_version": true, "n_photos": 1, "final_expert_status_text": 1, "responses": [{"id": 986244, "translated_question": "What type of mosquito do you think it was?", "translated_answer": "I don't know", "question_id": 6, "question": "question_6", "answer_id": 64, "answer": "question_6_answer_64", "answer_value": null, "report": "a334e4f6-979d-4484-8365-1d7ff3e575c9"}, {"id": 986245, "translated_question": "Where did you find the mosquito?", "translated_answer": "In a building", "question_id": 13, "question": "question_13", "answer_id": 132, "answer": "question_13_answer_132", "answer_value": null, "report": "a334e4f6-979d-4484-8365-1d7ff3e575c9"}], "country": "FRA", "updated_at": "2025-01-03T05:32:12.374317Z", "datetime_fix_offset": null, "point": "SRID=4326;POINT (3.8841144 43.652461)", "nuts_2": "FRJ1", "nuts_3": "FRJ13", "ia_filter_1": 0.7414531111717224, "ia_filter_2": 0.22560975609756104, "cached_visible": null, "flipped": false, "flipped_on": null, "flipped_to": null, "session": null}, {"version_UUID": "ca8ab3b3-9c1e-4673-a942-97d70913d156", "creation_time": "2025-01-03T22:31:25.526828Z", "creation_date": "2025-01-03", "creation_day_since_launch": 3857, "creation_year": 2025, "creation_month": 1, "site_cat": 5, "type": "bite", "lon": -3.825133815407753, "lat": 40.33052162016428, "movelab_annotation": null, "movelab_annotation_euro": null, "tiger_responses": null, "tiger_responses_text": null, "site_responses": null, "site_responses_text": null, "tigaprob_cat": 0, "visible": true, "latest_version": true, "n_photos": 0, "final_expert_status_text": 1, "responses": [{"id": 986316, "translated_question": "\u00bfCu\u00e1ntas picaduras tienes y en qu\u00e9 parte del cuerpo?", "translated_answer": "", "question_id": 1, "question": "question_1", "answer_id": 11, "answer": "N/A", "answer_value": "1", "report": "ca8ab3b3-9c1e-4673-a942-97d70913d156"}, {"id": 986317, "translated_question": "\u00bfDonde te han picado?", "translated_answer": "Pecho", "question_id": 2, "question": "question_2", "answer_id": 24, "answer": "question_2_answer_24", "answer_value": "1", "report": "ca8ab3b3-9c1e-4673-a942-97d70913d156"}, {"id": 986318, "translated_question": "\u00bfD\u00f3nde te han picado?", "translated_answer": "Dentro de un edificio", "question_id": 4, "question": "question_4", "answer_id": 42, "answer": "question_4_answer_42", "answer_value": null, "report": "ca8ab3b3-9c1e-4673-a942-97d70913d156"}, {"id": 986319, "translated_question": "\u00bfCuando te han picado?", "translated_answer": "En las \u00faltimas 24h", "question_id": 5, "question": "question_5", "answer_id": 52, "answer": "question_5_answer_52", "answer_value": null, "report": "ca8ab3b3-9c1e-4673-a942-97d70913d156"}, {"id": 986320, "translated_question": "\u00bfEn qu\u00e9 momento ha sido?", "translated_answer": "Noche", "question_id": 3, "question": "question_3", "answer_id": 34, "answer": "question_3_answer_34", "answer_value": null, "report": "ca8ab3b3-9c1e-4673-a942-97d70913d156"}], "country": "ESP", "updated_at": "2025-01-03T22:31:28.038999Z", "datetime_fix_offset": null, "point": "SRID=4326;POINT (-3.825133815407753 40.33052162016428)", "nuts_2": "ES30", "nuts_3": "ES300", "ia_filter_1": null, "ia_filter_2": null, "cached_visible": null, "flipped": false, "flipped_on": null, "flipped_to": null, "session": null}, {"version_UUID": "1e793c71-4951-4665-900c-dfe9ded3404d", "creation_time": "2025-01-03T06:10:48.383420Z", "creation_date": "2025-01-03", "creation_day_since_launch": 3857, "creation_year": 2025, "creation_month": 1, "site_cat": 5, "type": "adult", "lon": 3.8841142, "lat": 43.652468, "movelab_annotation": {"edited_user_notes": "L'identification d'une esp\u00e8cie n'est pas possible sur cette image qui est trop floue et ne montre pas suffisamment de traits pour la reconna\u00eetre. Toutefois, votre observation est utile. Sur www.mosquitoalert.com vous rencontrerez des astuces et des conseils pour capturer et photographier ces insectes. Envoyez encore des photos s'il vous pla\u00eet!", "photo_html": "<a href=\"/media/tigapics/4db6a362-8de8-4750-9c50-690559d7418d.jpg\" target=\"_blank\"><img src=\"/media/tigapics_popups/4db6a362-8de8-4750-9c50-690559d7418d.jpg\"></a>", "tiger_certainty_category": -2, "aegypti_certainty_category": -2, "score": -2, "classification": "none"}, "movelab_annotation_euro": {"edited_user_notes": "L'identification d'une esp\u00e8cie n'est pas possible sur cette image qui est trop floue et ne montre pas suffisamment de traits pour la reconna\u00eetre. Toutefois, votre observation est utile. Sur www.mosquitoalert.com vous rencontrerez des astuces et des conseils pour capturer et photographier ces insectes. Envoyez encore des photos s'il vous pla\u00eet!", "photo_html": "<a href=\"/media/tigapics/4db6a362-8de8-4750-9c50-690559d7418d.jpg\" target=\"_blank\"><img src=\"/media/tigapics_popups/4db6a362-8de8-4750-9c50-690559d7418d.jpg\"></a>", "class_name": "Not sure", "class_label": "not-sure", "class_id": 9, "class_value": null}, "tiger_responses": {}, "tiger_responses_text": {"question_6": "question_6_answer_61", "question_13": "question_13_answer_132"}, "site_responses": null, "site_responses_text": null, "tigaprob_cat": 0, "visible": true, "latest_version": true, "n_photos": 1, "final_expert_status_text": 1, "responses": [{"id": 986255, "translated_question": "Selon vous, de quelle esp\u00e8ce de moustique s'agissait-il?", "translated_answer": "Aedes envahissant", "question_id": 6, "question": "question_6", "answer_id": 61, "answer": "question_6_answer_61", "answer_value": null, "report": "1e793c71-4951-4665-900c-dfe9ded3404d"}, {"id": 986256, "translated_question": "O\u00f9 avez-vous trouv\u00e9 le moustique?", "translated_answer": "Dans un b\u00e2timent", "question_id": 13, "question": "question_13", "answer_id": 132, "answer": "question_13_answer_132", "answer_value": null, "report": "1e793c71-4951-4665-900c-dfe9ded3404d"}], "country": "FRA", "updated_at": "2025-01-03T06:11:04.549403Z", "datetime_fix_offset": null, "point": "SRID=4326;POINT (3.8841142 43.652468)", "nuts_2": "FRJ1", "nuts_3": "FRJ13", "ia_filter_1": 0.8824813365936279, "ia_filter_2": 0.774390243902439, "cached_visible": null, "flipped": false, "flipped_on": null, "flipped_to": null, "session": null}, {"version_UUID": "20cdb7df-6904-4f06-9759-5f99c1fb83e0", "creation_time": "2025-01-03T05:36:30.754062Z", "creation_date": "2025-01-03", "creation_day_since_launch": 3857, "creation_year": 2025, "creation_month": 1, "site_cat": 5, "type": "adult", "lon": 3.8841045, "lat": 43.6524806, "movelab_annotation": {"edited_user_notes": "With this picture we can't identify any mosquito species, because it's blurry and you can't recognize the typical traits of any of them. Still, your observation is very useful. At www.mosquitoalert.com you will find tricks and tips for catching and photographing these insects. Please send more pictures!", "photo_html": "<a href=\"/media/tigapics/f48ebf28-1ce4-43c4-817e-0847db38c902.jpg\" target=\"_blank\"><img src=\"/media/tigapics_popups/f48ebf28-1ce4-43c4-817e-0847db38c902.jpg\"></a>", "tiger_certainty_category": -2, "aegypti_certainty_category": -2, "score": -2, "classification": "none"}, "movelab_annotation_euro": {"edited_user_notes": "With this picture we can't identify any mosquito species, because it's blurry and you can't recognize the typical traits of any of them. Still, your observation is very useful. At www.mosquitoalert.com you will find tricks and tips for catching and photographing these insects. Please send more pictures!", "photo_html": "<a href=\"/media/tigapics/f48ebf28-1ce4-43c4-817e-0847db38c902.jpg\" target=\"_blank\"><img src=\"/media/tigapics_popups/f48ebf28-1ce4-43c4-817e-0847db38c902.jpg\"></a>", "class_name": "Not sure", "class_label": "not-sure", "class_id": 9, "class_value": null}, "tiger_responses": {}, "tiger_responses_text": {"question_6": "question_6_answer_64", "question_13": "question_13_answer_132"}, "site_responses": null, "site_responses_text": null, "tigaprob_cat": 0, "visible": true, "latest_version": true, "n_photos": 1, "final_expert_status_text": 1, "responses": [{"id": 986251, "translated_question": "What type of mosquito do you think it was?", "translated_answer": "I don't know", "question_id": 6, "question": "question_6", "answer_id": 64, "answer": "question_6_answer_64", "answer_value": null, "report": "20cdb7df-6904-4f06-9759-5f99c1fb83e0"}, {"id": 986252, "translated_question": "Where did you find the mosquito?", "translated_answer": "In a building", "question_id": 13, "question": "question_13", "answer_id": 132, "answer": "question_13_answer_132", "answer_value": null, "report": "20cdb7df-6904-4f06-9759-5f99c1fb83e0"}], "country": "FRA", "updated_at": "2025-01-03T05:36:31.285282Z", "datetime_fix_offset": null, "point": "SRID=4326;POINT (3.8841045 43.6524806)", "nuts_2": "FRJ1", "nuts_3": "FRJ13", "ia_filter_1": 0.8573693633079529, "ia_filter_2": -0.018522973298051477, "cached_visible": null, "flipped": false, "flipped_on": null, "flipped_to": null, "session": null}, {"version_UUID": "d90053d9-0721-4b7a-8d90-0931165ce97b", "creation_time": "2025-01-03T07:54:44.817080Z", "creation_date": "2025-01-03", "creation_day_since_launch": 3857, "creation_year": 2025, "creation_month": 1, "site_cat": 5, "type": "adult", "lon": 0.8789055794477463, "lat": -0.6225458968748178, "movelab_annotation": null, "movelab_annotation_euro": null, "tiger_responses": {}, "tiger_responses_text": {"question_6": "question_6_answer_62", "question_13": "question_13_answer_133"}, "site_responses": null, "site_responses_text": null, "tigaprob_cat": 0, "visible": true, "latest_version": true, "n_photos": 0, "final_expert_status_text": 1, "responses": [{"id": 986267, "translated_question": "What type of mosquito do you think it was?", "translated_answer": "Common mosquito", "question_id": 6, "question": "question_6", "answer_id": 62, "answer": "question_6_answer_62", "answer_value": null, "report": "d90053d9-0721-4b7a-8d90-0931165ce97b"}, {"id": 986268, "translated_question": "Where did you find the mosquito?", "translated_answer": "Outdoors", "question_id": 13, "question": "question_13", "answer_id": 133, "answer": "question_13_answer_133", "answer_value": null, "report": "d90053d9-0721-4b7a-8d90-0931165ce97b"}], "country": null, "updated_at": "2025-01-03T07:54:46.797146Z", "datetime_fix_offset": null, "point": "SRID=4326;POINT (0.8789055794477463 -0.6225458968748178)", "nuts_2": null, "nuts_3": null, "ia_filter_1": -1.0, "ia_filter_2": -1.0, "cached_visible": null, "flipped": false, "flipped_on": null, "flipped_to": null, "session": null}, {"version_UUID": "fc05a735-ee7f-471d-b7f4-d0cfbfde4dff", "creation_time": "2025-01-03T06:11:28.216346Z", "creation_date": "2025-01-03", "creation_day_since_launch": 3857, "creation_year": 2025, "creation_month": 1, "site_cat": 5, "type": "adult", "lon": 3.8841091, "lat": 43.6524624, "movelab_annotation": {"edited_user_notes": "L'identification d'une esp\u00e8cie n'est pas possible sur cette image qui est trop floue et ne montre pas suffisamment de traits pour la reconna\u00eetre. Toutefois, votre observation est utile. Sur www.mosquitoalert.com vous rencontrerez des astuces et des conseils pour capturer et photographier ces insectes. Envoyez encore des photos s'il vous pla\u00eet!", "photo_html": "<a href=\"/media/tigapics/42cc3bd9-914f-4886-bf96-1e11f07c86df.jpg\" target=\"_blank\"><img src=\"/media/tigapics_popups/42cc3bd9-914f-4886-bf96-1e11f07c86df.jpg\"></a>", "tiger_certainty_category": -2, "aegypti_certainty_category": -2, "score": -2, "classification": "none"}, "movelab_annotation_euro": {"edited_user_notes": "L'identification d'une esp\u00e8cie n'est pas possible sur cette image qui est trop floue et ne montre pas suffisamment de traits pour la reconna\u00eetre. Toutefois, votre observation est utile. Sur www.mosquitoalert.com vous rencontrerez des astuces et des conseils pour capturer et photographier ces insectes. Envoyez encore des photos s'il vous pla\u00eet!", "photo_html": "<a href=\"/media/tigapics/42cc3bd9-914f-4886-bf96-1e11f07c86df.jpg\" target=\"_blank\"><img src=\"/media/tigapics_popups/42cc3bd9-914f-4886-bf96-1e11f07c86df.jpg\"></a>", "class_name": "Not sure", "class_label": "not-sure", "class_id": 9, "class_value": null}, "tiger_responses": {}, "tiger_responses_text": {"question_6": "question_6_answer_61", "question_7": "question_7_answer_733", "question_13": "question_13_answer_132"}, "site_responses": null, "site_responses_text": null, "tigaprob_cat": 0, "visible": true, "latest_version": true, "n_photos": 1, "final_expert_status_text": 1, "responses": [{"id": 986262, "translated_question": "Selon vous, de quelle esp\u00e8ce de moustique s'agissait-il?", "translated_answer": "Aedes envahissant", "question_id": 6, "question": "question_6", "answer_id": 61, "answer": "question_6_answer_61", "answer_value": null, "report": "fc05a735-ee7f-471d-b7f4-d0cfbfde4dff"}, {"id": 986263, "translated_question": "De quoi a l'air le moustique?", "translated_answer": "Jambe 3", "question_id": 7, "question": "question_7", "answer_id": 733, "answer": "question_7_answer_733", "answer_value": null, "report": "fc05a735-ee7f-471d-b7f4-d0cfbfde4dff"}, {"id": 986264, "translated_question": "O\u00f9 avez-vous trouv\u00e9 le moustique?", "translated_answer": "Dans un b\u00e2timent", "question_id": 13, "question": "question_13", "answer_id": 132, "answer": "question_13_answer_132", "answer_value": null, "report": "fc05a735-ee7f-471d-b7f4-d0cfbfde4dff"}], "country": "FRA", "updated_at": "2025-01-03T06:11:28.896317Z", "datetime_fix_offset": null, "point": "SRID=4326;POINT (3.8841091 43.6524624)", "nuts_2": "FRJ1", "nuts_3": "FRJ13", "ia_filter_1": 0.8609323501586914, "ia_filter_2": -0.05533127523153644, "cached_visible": null, "flipped": false, "flipped_on": null, "flipped_to": null, "session": null}, {"version_UUID": "c669688c-9613-4122-88dc-e294549cc437", "creation_time": "2025-01-03T05:36:51.210159Z", "creation_date": "2025-01-03", "creation_day_since_launch": 3857, "creation_year": 2025, "creation_month": 1, "site_cat": 5, "type": "adult", "lon": 3.8840969, "lat": 43.6524684, "movelab_annotation": {"edited_user_notes": "With this picture we can't identify any mosquito species, because it's blurry and you can't recognize the typical traits of any of them. Still, your observation is very useful. At www.mosquitoalert.com you will find tricks and tips for catching and photographing these insects. Please send more pictures!", "photo_html": "<a href=\"/media/tigapics/2a4a61a7-c97f-4c45-99ff-5382c9d0b140.jpg\" target=\"_blank\"><img src=\"/media/tigapics_popups/2a4a61a7-c97f-4c45-99ff-5382c9d0b140.jpg\"></a>", "tiger_certainty_category": -2, "aegypti_certainty_category": -2, "score": -2, "classification": "none"}, "movelab_annotation_euro": {"edited_user_notes": "With this picture we can't identify any mosquito species, because it's blurry and you can't recognize the typical traits of any of them. Still, your observation is very useful. At www.mosquitoalert.com you will find tricks and tips for catching and photographing these insects. Please send more pictures!", "photo_html": "<a href=\"/media/tigapics/2a4a61a7-c97f-4c45-99ff-5382c9d0b140.jpg\" target=\"_blank\"><img src=\"/media/tigapics_popups/2a4a61a7-c97f-4c45-99ff-5382c9d0b140.jpg\"></a>", "class_name": "Not sure", "class_label": "not-sure", "class_id": 9, "class_value": null}, "tiger_responses": {}, "tiger_responses_text": {"question_6": "question_6_answer_64", "question_13": "question_13_answer_132"}, "site_responses": null, "site_responses_text": null, "tigaprob_cat": 0, "visible": true, "latest_version": true, "n_photos": 1, "final_expert_status_text": 1, "responses": [{"id": 986253, "translated_question": "What type of mosquito do you think it was?", "translated_answer": "I don't know", "question_id": 6, "question": "question_6", "answer_id": 64, "answer": "question_6_answer_64", "answer_value": null, "report": "c669688c-9613-4122-88dc-e294549cc437"}, {"id": 986254, "translated_question": "Where did you find the mosquito?", "translated_answer": "In a building", "question_id": 13, "question": "question_13", "answer_id": 132, "answer": "question_13_answer_132", "answer_value": null, "report": "c669688c-9613-4122-88dc-e294549cc437"}], "country": "FRA", "updated_at": "2025-01-03T05:36:51.784015Z", "datetime_fix_offset": null, "point": "SRID=4326;POINT (3.8840969 43.6524684)", "nuts_2": "FRJ1", "nuts_3": "FRJ13", "ia_filter_1": 0.8667930960655212, "ia_filter_2": -0.012348610781287104, "cached_visible": null, "flipped": false, "flipped_on": null, "flipped_to": null, "session": null}, {"version_UUID": "3dd228da-f254-43a8-ad50-89537f7712af", "creation_time": "2025-01-03T09:42:56.811370Z", "creation_date": "2025-01-03", "creation_day_since_launch": 3857, "creation_year": 2025, "creation_month": 1, "site_cat": 5, "type": "bite", "lon": 1.2402192503213882, "lat": -2.1420772050384147, "movelab_annotation": null, "movelab_annotation_euro": null, "tiger_responses": null, "tiger_responses_text": null, "site_responses": null, "site_responses_text": null, "tigaprob_cat": 0, "visible": true, "latest_version": true, "n_photos": 0, "final_expert_status_text": 1, "responses": [{"id": 986269, "translated_question": "\u00bfCu\u00e1ntas picaduras tienes y en qu\u00e9 parte del cuerpo?", "translated_answer": "", "question_id": 1, "question": "question_1", "answer_id": 11, "answer": "N/A", "answer_value": "7", "report": "3dd228da-f254-43a8-ad50-89537f7712af"}, {"id": 986270, "translated_question": "\u00bfDonde te han picado?", "translated_answer": "Cabeza", "question_id": 2, "question": "question_2", "answer_id": 21, "answer": "question_2_answer_21", "answer_value": "2", "report": "3dd228da-f254-43a8-ad50-89537f7712af"}, {"id": 986271, "translated_question": "\u00bfDonde te han picado?", "translated_answer": "Brazo derecho", "question_id": 2, "question": "question_2", "answer_id": 23, "answer": "question_2_answer_23", "answer_value": "2", "report": "3dd228da-f254-43a8-ad50-89537f7712af"}, {"id": 986272, "translated_question": "\u00bfDonde te han picado?", "translated_answer": "Brazo izquierdo", "question_id": 2, "question": "question_2", "answer_id": 22, "answer": "question_2_answer_22", "answer_value": "1", "report": "3dd228da-f254-43a8-ad50-89537f7712af"}, {"id": 986273, "translated_question": "\u00bfDonde te han picado?", "translated_answer": "Pierna derecha", "question_id": 2, "question": "question_2", "answer_id": 26, "answer": "question_2_answer_26", "answer_value": "2", "report": "3dd228da-f254-43a8-ad50-89537f7712af"}, {"id": 986274, "translated_question": "\u00bfD\u00f3nde te han picado?", "translated_answer": "Dentro de un edificio", "question_id": 4, "question": "question_4", "answer_id": 42, "answer": "question_4_answer_42", "answer_value": null, "report": "3dd228da-f254-43a8-ad50-89537f7712af"}, {"id": 986275, "translated_question": "\u00bfEn qu\u00e9 momento ha sido?", "translated_answer": "Noche", "question_id": 3, "question": "question_3", "answer_id": 34, "answer": "question_3_answer_34", "answer_value": null, "report": "3dd228da-f254-43a8-ad50-89537f7712af"}, {"id": 986276, "translated_question": "\u00bfCuando te han picado?", "translated_answer": "En las \u00faltimas 24h", "question_id": 5, "question": "question_5", "answer_id": 52, "answer": "question_5_answer_52", "answer_value": null, "report": "3dd228da-f254-43a8-ad50-89537f7712af"}], "country": null, "updated_at": "2025-01-03T09:42:57.361381Z", "datetime_fix_offset": null, "point": "SRID=4326;POINT (1.240219250321388 -2.142077205038415)", "nuts_2": null, "nuts_3": null, "ia_filter_1": null, "ia_filter_2": null, "cached_visible": null, "flipped": false, "flipped_on": null, "flipped_to": null, "session": null}, {"version_UUID": "43355abf-5c0c-4fe4-9b3b-cb0383a681e4", "creation_time": "2025-01-03T11:01:06.590843Z", "creation_date": "2025-01-03", "creation_day_since_launch": 3857, "creation_year": 2025, "creation_month": 1, "site_cat": 5, "type": "adult", "lon": -8.8949023, "lat": 38.5223195, "movelab_annotation": {"edited_user_notes": "Foto muito boa! Conseguiu tornar o mosquito dom\u00e9stico comum bastante f\u00e1cil de identificar. Obrigado por participar!", "photo_html": "<a href=\"/media/tigapics/9b3f4abb-4b14-4201-9fc2-e42d0d731602.jpg\" target=\"_blank\"><img src=\"/media/tigapics_popups/9b3f4abb-4b14-4201-9fc2-e42d0d731602.jpg\"></a>", "tiger_certainty_category": -3, "aegypti_certainty_category": -3, "score": -3, "classification": "none"}, "movelab_annotation_euro": {"edited_user_notes": "Foto muito boa! Conseguiu tornar o mosquito dom\u00e9stico comum bastante f\u00e1cil de identificar. Obrigado por participar!", "photo_html": "<a href=\"/media/tigapics/9b3f4abb-4b14-4201-9fc2-e42d0d731602.jpg\" target=\"_blank\"><img src=\"/media/tigapics_popups/9b3f4abb-4b14-4201-9fc2-e42d0d731602.jpg\"></a>", "class_name": "Culex sp.", "class_label": "culex-sp", "class_id": 10, "class_value": 2}, "tiger_responses": {}, "tiger_responses_text": {"question_6": "question_6_answer_64", "question_13": "question_13_answer_132"}, "site_responses": null, "site_responses_text": null, "tigaprob_cat": 0, "visible": true, "latest_version": true, "n_photos": 1, "final_expert_status_text": 1, "responses": [{"id": 986277, "translated_question": "Que tipo de mosquito acha que \u00e9?", "translated_answer": "N\u00e3o sei", "question_id": 6, "question": "question_6", "answer_id": 64, "answer": "question_6_answer_64", "answer_value": null, "report": "43355abf-5c0c-4fe4-9b3b-cb0383a681e4"}, {"id": 986278, "translated_question": "Onde encontraste o mosquito?", "translated_answer": "Dentro de um edif\u00edcio", "question_id": 13, "question": "question_13", "answer_id": 132, "answer": "question_13_answer_132", "answer_value": null, "report": "43355abf-5c0c-4fe4-9b3b-cb0383a681e4"}], "country": "PRT", "updated_at": "2025-01-03T11:01:07.251708Z", "datetime_fix_offset": null, "point": "SRID=4326;POINT (-8.8949023 38.5223195)", "nuts_2": "PT17", "nuts_3": "PT170", "ia_filter_1": 0.863071620464325, "ia_filter_2": 0.14024390243902443, "cached_visible": null, "flipped": false, "flipped_on": null, "flipped_to": null, "session": null}, {"version_UUID": "0c56567f-22bf-46cd-bdd4-cd1f119aa69f", "creation_time": "2025-01-03T13:00:27.181049Z", "creation_date": "2025-01-03", "creation_day_since_launch": 3857, "creation_year": 2025, "creation_month": 1, "site_cat": 5, "type": "adult", "lon": 12.487898385837866, "lat": 41.79561741255656, "movelab_annotation": null, "movelab_annotation_euro": null, "tiger_responses": {}, "tiger_responses_text": {"question_6": "question_6_answer_62", "question_13": "question_13_answer_132"}, "site_responses": null, "site_responses_text": null, "tigaprob_cat": 0, "visible": true, "latest_version": true, "n_photos": 0, "final_expert_status_text": 1, "responses": [{"id": 986279, "translated_question": "Che tipo di zanzare credi sia stata?", "translated_answer": "Zanzara comune", "question_id": 6, "question": "question_6", "answer_id": 62, "answer": "question_6_answer_62", "answer_value": null, "report": "0c56567f-22bf-46cd-bdd4-cd1f119aa69f"}, {"id": 986280, "translated_question": "Dove hai trovato la zanzara?", "translated_answer": "In un edificio", "question_id": 13, "question": "question_13", "answer_id": 132, "answer": "question_13_answer_132", "answer_value": null, "report": "0c56567f-22bf-46cd-bdd4-cd1f119aa69f"}], "country": "ITA", "updated_at": "2025-01-03T13:00:46.793519Z", "datetime_fix_offset": -3600, "point": "SRID=4326;POINT (12.48789838583787 41.79561741255656)", "nuts_2": "ITI4", "nuts_3": "ITI43", "ia_filter_1": -1.0, "ia_filter_2": -1.0, "cached_visible": null, "flipped": false, "flipped_on": null, "flipped_to": null, "session": null}, {"version_UUID": "e8edd4be-75ba-4432-99b6-d493837d0bb1", "creation_time": "2025-01-03T13:00:46.337024Z", "creation_date": "2025-01-03", "creation_day_since_launch": 3857, "creation_year": 2025, "creation_month": 1, "site_cat": 5, "type": "bite", "lon": 12.487898385837866, "lat": 41.79561741255656, "movelab_annotation": null, "movelab_annotation_euro": null, "tiger_responses": null, "tiger_responses_text": null, "site_responses": null, "site_responses_text": null, "tigaprob_cat": 0, "visible": true, "latest_version": true, "n_photos": 0, "final_expert_status_text": 1, "responses": [{"id": 986281, "translated_question": "Quante punture hai ricevuto e in che parte del corpo?", "translated_answer": "", "question_id": 1, "question": "question_1", "answer_id": 11, "answer": "N/A", "answer_value": "1", "report": "e8edd4be-75ba-4432-99b6-d493837d0bb1"}, {"id": 986282, "translated_question": "Dove ti hanno punto?", "translated_answer": "Braccio destro", "question_id": 2, "question": "question_2", "answer_id": 23, "answer": "question_2_answer_23", "answer_value": "1", "report": "e8edd4be-75ba-4432-99b6-d493837d0bb1"}, {"id": 986283, "translated_question": "Dove eri quando ti hanno punto?", "translated_answer": "In un edificio", "question_id": 4, "question": "question_4", "answer_id": 42, "answer": "question_4_answer_42", "answer_value": null, "report": "e8edd4be-75ba-4432-99b6-d493837d0bb1"}, {"id": 986284, "translated_question": "Quando ti hanno punto?", "translated_answer": "Nelle ultime 24 ore", "question_id": 5, "question": "question_5", "answer_id": 52, "answer": "question_5_answer_52", "answer_value": null, "report": "e8edd4be-75ba-4432-99b6-d493837d0bb1"}, {"id": 986285, "translated_question": "Quando \u00e8 successo?", "translated_answer": "Sera-Notte", "question_id": 3, "question": "question_3", "answer_id": 34, "answer": "question_3_answer_34", "answer_value": null, "report": "e8edd4be-75ba-4432-99b6-d493837d0bb1"}], "country": "ITA", "updated_at": "2025-01-03T13:00:48.273338Z", "datetime_fix_offset": -3600, "point": "SRID=4326;POINT (12.48789838583787 41.79561741255656)", "nuts_2": "ITI4", "nuts_3": "ITI43", "ia_filter_1": null, "ia_filter_2": null, "cached_visible": null, "flipped": false, "flipped_on": null, "flipped_to": null, "session": null}, {"version_UUID": "dbabc2df-0086-4ff0-9459-bac1e6c1c772", "creation_time": "2025-01-03T17:01:10.234727Z", "creation_date": "2025-01-03", "creation_day_since_launch": 3857, "creation_year": 2025, "creation_month": 1, "site_cat": 5, "type": "adult", "lon": 43.0429432, "lat": 36.8544592, "movelab_annotation": null, "movelab_annotation_euro": null, "tiger_responses": {}, "tiger_responses_text": {"question_6": "question_6_answer_62", "question_13": "question_13_answer_133"}, "site_responses": null, "site_responses_text": null, "tigaprob_cat": 0, "visible": true, "latest_version": true, "n_photos": 0, "final_expert_status_text": 1, "responses": [{"id": 986299, "translated_question": "What type of mosquito do you think it was?", "translated_answer": "Common mosquito", "question_id": 6, "question": "question_6", "answer_id": 62, "answer": "question_6_answer_62", "answer_value": null, "report": "dbabc2df-0086-4ff0-9459-bac1e6c1c772"}, {"id": 986300, "translated_question": "Where did you find the mosquito?", "translated_answer": "Outdoors", "question_id": 13, "question": "question_13", "answer_id": 133, "answer": "question_13_answer_133", "answer_value": null, "report": "dbabc2df-0086-4ff0-9459-bac1e6c1c772"}], "country": null, "updated_at": "2025-01-03T17:01:13.070684Z", "datetime_fix_offset": null, "point": "SRID=4326;POINT (43.0429432 36.8544592)", "nuts_2": null, "nuts_3": null, "ia_filter_1": -1.0, "ia_filter_2": -1.0, "cached_visible": null, "flipped": false, "flipped_on": null, "flipped_to": null, "session": null}, {"version_UUID": "40ea7018-da35-460d-826d-a312e41901c7", "creation_time": "2025-01-03T19:32:55.198015Z", "creation_date": "2025-01-03", "creation_day_since_launch": 3857, "creation_year": 2025, "creation_month": 1, "site_cat": 5, "type": "bite", "lon": -66.6443209, "lat": 18.450387, "movelab_annotation": null, "movelab_annotation_euro": null, "tiger_responses": null, "tiger_responses_text": null, "site_responses": null, "site_responses_text": null, "tigaprob_cat": 0, "visible": true, "latest_version": true, "n_photos": 0, "final_expert_status_text": 1, "responses": [{"id": 986301, "translated_question": "How many bites do you have and where are they on your body?", "translated_answer": "", "question_id": 1, "question": "question_1", "answer_id": 11, "answer": "N/A", "answer_value": "1", "report": "40ea7018-da35-460d-826d-a312e41901c7"}, {"id": 986302, "translated_question": "Where did they bite you?", "translated_answer": "Inside a building", "question_id": 4, "question": "question_4", "answer_id": 42, "answer": "question_4_answer_42", "answer_value": null, "report": "40ea7018-da35-460d-826d-a312e41901c7"}, {"id": 986303, "translated_question": "When were you bitten?", "translated_answer": "Just now", "question_id": 5, "question": "question_5", "answer_id": 51, "answer": "question_5_answer_51", "answer_value": null, "report": "40ea7018-da35-460d-826d-a312e41901c7"}, {"id": 986304, "translated_question": "Where did they bite you?", "translated_answer": "Left leg", "question_id": 2, "question": "question_2", "answer_id": 25, "answer": "question_2_answer_25", "answer_value": "1", "report": "40ea7018-da35-460d-826d-a312e41901c7"}], "country": null, "updated_at": "2025-01-03T19:32:57.913142Z", "datetime_fix_offset": null, "point": "SRID=4326;POINT (-66.6443209 18.450387)", "nuts_2": null, "nuts_3": null, "ia_filter_1": null, "ia_filter_2": null, "cached_visible": null, "flipped": false, "flipped_on": null, "flipped_to": null, "session": null}, {"version_UUID": "bc1990be-7e1a-4d34-9fff-34f6324944bb", "creation_time": "2025-01-03T20:21:10.252373Z", "creation_date": "2025-01-03", "creation_day_since_launch": 3857, "creation_year": 2025, "creation_month": 1, "site_cat": 5, "type": "bite", "lon": -1.1180726, "lat": 37.9664407, "movelab_annotation": null, "movelab_annotation_euro": null, "tiger_responses": null, "tiger_responses_text": null, "site_responses": null, "site_responses_text": null, "tigaprob_cat": 0, "visible": true, "latest_version": true, "n_photos": 0, "final_expert_status_text": 1, "responses": [{"id": 986309, "translated_question": "\u00bfCu\u00e1ntas picaduras tienes y en qu\u00e9 parte del cuerpo?", "translated_answer": "", "question_id": 1, "question": "question_1", "answer_id": 11, "answer": "N/A", "answer_value": "2", "report": "bc1990be-7e1a-4d34-9fff-34f6324944bb"}, {"id": 986310, "translated_question": "\u00bfD\u00f3nde te han picado?", "translated_answer": "No lo s\u00e9", "question_id": 4, "question": "question_4", "answer_id": 44, "answer": "question_4_answer_44", "answer_value": null, "report": "bc1990be-7e1a-4d34-9fff-34f6324944bb"}, {"id": 986311, "translated_question": "\u00bfCuando te han picado?", "translated_answer": "En las \u00faltimas 24h", "question_id": 5, "question": "question_5", "answer_id": 52, "answer": "question_5_answer_52", "answer_value": null, "report": "bc1990be-7e1a-4d34-9fff-34f6324944bb"}, {"id": 986312, "translated_question": "\u00bfEn qu\u00e9 momento ha sido?", "translated_answer": "Noche", "question_id": 3, "question": "question_3", "answer_id": 34, "answer": "question_3_answer_34", "answer_value": null, "report": "bc1990be-7e1a-4d34-9fff-34f6324944bb"}, {"id": 986313, "translated_question": "\u00bfDonde te han picado?", "translated_answer": "Pierna derecha", "question_id": 2, "question": "question_2", "answer_id": 26, "answer": "question_2_answer_26", "answer_value": "2", "report": "bc1990be-7e1a-4d34-9fff-34f6324944bb"}], "country": "ESP", "updated_at": "2025-01-03T20:21:10.709083Z", "datetime_fix_offset": null, "point": "SRID=4326;POINT (-1.1180726 37.9664407)", "nuts_2": "ES62", "nuts_3": "ES620", "ia_filter_1": null, "ia_filter_2": null, "cached_visible": null, "flipped": false, "flipped_on": null, "flipped_to": null, "session": null}, {"version_UUID": "69d8492a-5db9-41be-b970-305d3ee8a11e", "creation_time": "2025-01-03T22:30:08.291605Z", "creation_date": "2025-01-03", "creation_day_since_launch": 3857, "creation_year": 2025, "creation_month": 1, "site_cat": 5, "type": "adult", "lon": -3.825133815407753, "lat": 40.33052162016428, "movelab_annotation": null, "movelab_annotation_euro": null, "tiger_responses": {}, "tiger_responses_text": {"question_6": "question_6_answer_62", "question_13": "question_13_answer_132"}, "site_responses": null, "site_responses_text": null, "tigaprob_cat": 0, "visible": true, "latest_version": true, "n_photos": 0, "final_expert_status_text": 1, "responses": [{"id": 986314, "translated_question": "\u00bfQu\u00e9 tipo de mosquito crees que es?", "translated_answer": "Mosquito com\u00fan", "question_id": 6, "question": "question_6", "answer_id": 62, "answer": "question_6_answer_62", "answer_value": null, "report": "69d8492a-5db9-41be-b970-305d3ee8a11e"}, {"id": 986315, "translated_question": "\u00bfD\u00f3nde has encontrado el mosquito?", "translated_answer": "Dentro de un edificio", "question_id": 13, "question": "question_13", "answer_id": 132, "answer": "question_13_answer_132", "answer_value": null, "report": "69d8492a-5db9-41be-b970-305d3ee8a11e"}], "country": "ESP", "updated_at": "2025-01-03T22:31:27.001561Z", "datetime_fix_offset": null, "point": "SRID=4326;POINT (-3.825133815407753 40.33052162016428)", "nuts_2": "ES30", "nuts_3": "ES300", "ia_filter_1": -1.0, "ia_filter_2": -1.0, "cached_visible": null, "flipped": false, "flipped_on": null, "flipped_to": null, "session": null}, {"version_UUID": "50c8c81d-40b5-463c-9d75-452ba7cf4cb3", "creation_time": "2025-01-03T23:44:39.097123Z", "creation_date": "2025-01-03", "creation_day_since_launch": 3857, "creation_year": 2025, "creation_month": 1, "site_cat": 5, "type": "adult", "lon": -0.469098575413227, "lat": 39.49212250743257, "movelab_annotation": null, "movelab_annotation_euro": null, "tiger_responses": {}, "tiger_responses_text": {"question_6": "question_6_answer_62", "question_13": "question_13_answer_133"}, "site_responses": null, "site_responses_text": null, "tigaprob_cat": 0, "visible": true, "latest_version": true, "n_photos": 0, "final_expert_status_text": 1, "responses": [{"id": 986321, "translated_question": "What type of mosquito do you think it was?", "translated_answer": "Common mosquito", "question_id": 6, "question": "question_6", "answer_id": 62, "answer": "question_6_answer_62", "answer_value": null, "report": "50c8c81d-40b5-463c-9d75-452ba7cf4cb3"}, {"id": 986322, "translated_question": "Where did you find the mosquito?", "translated_answer": "Outdoors", "question_id": 13, "question": "question_13", "answer_id": 133, "answer": "question_13_answer_133", "answer_value": null, "report": "50c8c81d-40b5-463c-9d75-452ba7cf4cb3"}], "country": "ESP", "updated_at": "2025-01-03T23:44:39.714788Z", "datetime_fix_offset": null, "point": "SRID=4326;POINT (-0.469098575413227 39.49212250743257)", "nuts_2": "ES52", "nuts_3": "ES523", "ia_filter_1": -1.0, "ia_filter_2": -1.0, "cached_visible": null, "flipped": false, "flipped_on": null, "flipped_to": null, "session": null}, {"version_UUID": "c8ad9855-459b-41d0-9c71-4677b7f1a2ee", "creation_time": "2025-01-04T00:48:52.210867Z", "creation_date": "2025-01-04", "creation_day_since_launch": 3858, "creation_year": 2025, "creation_month": 1, "site_cat": 5, "type": "adult", "lon": -38.0999696, "lat": -7.7408292, "movelab_annotation": null, "movelab_annotation_euro": null, "tiger_responses": {}, "tiger_responses_text": {"question_6": "question_6_answer_64", "question_13": "question_13_answer_132"}, "site_responses": null, "site_responses_text": null, "tigaprob_cat": 0, "visible": true, "latest_version": true, "n_photos": 0, "final_expert_status_text": 1, "responses": [{"id": 986323, "translated_question": "Que tipo de mosquito acha que \u00e9?", "translated_answer": "N\u00e3o sei", "question_id": 6, "question": "question_6", "answer_id": 64, "answer": "question_6_answer_64", "answer_value": null, "report": "c8ad9855-459b-41d0-9c71-4677b7f1a2ee"}, {"id": 986324, "translated_question": "Onde encontraste o mosquito?", "translated_answer": "Dentro de um edif\u00edcio", "question_id": 13, "question": "question_13", "answer_id": 132, "answer": "question_13_answer_132", "answer_value": null, "report": "c8ad9855-459b-41d0-9c71-4677b7f1a2ee"}], "country": null, "updated_at": "2025-01-04T01:01:12.206369Z", "datetime_fix_offset": null, "point": "SRID=4326;POINT (-38.0999696 -7.7408292)", "nuts_2": null, "nuts_3": null, "ia_filter_1": -1.0, "ia_filter_2": -1.0, "cached_visible": null, "flipped": false, "flipped_on": null, "flipped_to": null, "session": null}]