[{"version_UUID": "0e781810-133b-4145-ac97-718ddf39c93d", "creation_time": "2026-01-01T03:08:09.322760Z", "creation_date": "2026-01-01", "creation_day_since_launch": 4220, "creation_year": 2026, "creation_month": 1, "site_cat": 5, "type": "bite", "lon": 9.8211547, "lat": 44.8172916, "location_is_masked": false, "movelab_annotation": null, "movelab_annotation_euro": null, "tiger_responses": null, "tiger_responses_text": null, "site_responses": null, "site_responses_text": null, "tigaprob_cat": 0, "latest_version": true, "visible": true, "n_photos": 0, "final_expert_status_text": 1, "responses": [{"id": 1133263, "translated_question": "Quante punture hai ricevuto e in che parte del corpo?", "translated_answer": "", "question_id": 1, "question": "question_1", "answer_id": 11, "answer": "N/A", "answer_value": "2", "report": "0e781810-133b-4145-ac97-718ddf39c93d"}, {"id": 1133264, "translated_question": "Dove ti hanno punto?", "translated_answer": "Braccio destro", "question_id": 2, "question": "question_2", "answer_id": 23, "answer": "question_2_answer_23", "answer_value": "1", "report": "0e781810-133b-4145-ac97-718ddf39c93d"}, {"id": 1133265, "translated_question": "Dove ti hanno punto?", "translated_answer": "Gamba destra", "question_id": 2, "question": "question_2", "answer_id": 26, "answer": "question_2_answer_26", "answer_value": "1", "report": "0e781810-133b-4145-ac97-718ddf39c93d"}, {"id": 1133266, "translated_question": "Dove eri quando ti hanno punto?", "translated_answer": "All'aperto", "question_id": 4, "question": "question_4", "answer_id": 43, "answer": "question_4_answer_43", "answer_value": null, "report": "0e781810-133b-4145-ac97-718ddf39c93d"}, {"id": 1133267, "translated_question": "Quando \u00e8 successo?", "translated_answer": "Mezzogiorno", "question_id": 3, "question": "question_3", "answer_id": 32, "answer": "question_3_answer_32", "answer_value": null, "report": "0e781810-133b-4145-ac97-718ddf39c93d"}], "country": "ITA", "updated_at": "2026-01-01T03:08:08.504366Z", "datetime_fix_offset": null, "point": "SRID=4326;POINT (9.821154699999999 44.8172916)", "nuts_2": "ITH5", "nuts_3": "ITH52", "cached_visible": true, "session": null}, {"version_UUID": "a167f462-6f6a-49de-a70c-55efb01ace78", "creation_time": "2026-01-01T10:20:21.409139Z", "creation_date": "2026-01-01", "creation_day_since_launch": 4220, "creation_year": 2026, "creation_month": 1, "site_cat": 5, "type": "bite", "lon": 0.13832362459080452, "lat": 38.83127698309608, "location_is_masked": false, "movelab_annotation": null, "movelab_annotation_euro": null, "tiger_responses": null, "tiger_responses_text": null, "site_responses": null, "site_responses_text": null, "tigaprob_cat": 0, "latest_version": true, "visible": true, "n_photos": 0, "final_expert_status_text": 1, "responses": [{"id": 1133269, "translated_question": "How many bites do you have and where are they on your body?", "translated_answer": "", "question_id": 1, "question": "question_1", "answer_id": 11, "answer": "N/A", "answer_value": "2", "report": "a167f462-6f6a-49de-a70c-55efb01ace78"}, {"id": 1133270, "translated_question": "Where did they bite you?", "translated_answer": "Right arm", "question_id": 2, "question": "question_2", "answer_id": 23, "answer": "question_2_answer_23", "answer_value": "1", "report": "a167f462-6f6a-49de-a70c-55efb01ace78"}, {"id": 1133271, "translated_question": "Where did they bite you?", "translated_answer": "Left leg", "question_id": 2, "question": "question_2", "answer_id": 25, "answer": "question_2_answer_25", "answer_value": "1", "report": "a167f462-6f6a-49de-a70c-55efb01ace78"}, {"id": 1133272, "translated_question": "Where did they bite you?", "translated_answer": "Inside a building", "question_id": 4, "question": "question_4", "answer_id": 42, "answer": "question_4_answer_42", "answer_value": null, "report": "a167f462-6f6a-49de-a70c-55efb01ace78"}, {"id": 1133273, "translated_question": "When were you bitten?", "translated_answer": "In the last 24 hours", "question_id": 5, "question": "question_5", "answer_id": 52, "answer": "question_5_answer_52", "answer_value": null, "report": "a167f462-6f6a-49de-a70c-55efb01ace78"}, {"id": 1133274, "translated_question": "What time was it?", "translated_answer": "Night", "question_id": 3, "question": "question_3", "answer_id": 34, "answer": "question_3_answer_34", "answer_value": null, "report": "a167f462-6f6a-49de-a70c-55efb01ace78"}], "country": "ESP", "updated_at": "2026-01-01T10:20:21.961240Z", "datetime_fix_offset": null, "point": "SRID=4326;POINT (0.1383236245908045 38.83127698309608)", "nuts_2": "ES52", "nuts_3": "ES521", "cached_visible": true, "session": null}, {"version_UUID": "cba41cf9-1df9-445f-9570-6fa0ad5d4fc3", "creation_time": "2026-01-01T10:21:07.061284Z", "creation_date": "2026-01-01", "creation_day_since_launch": 4220, "creation_year": 2026, "creation_month": 1, "site_cat": 5, "type": "bite", "lon": 0.1383248594292685, "lat": 38.83127654159424, "location_is_masked": false, "movelab_annotation": null, "movelab_annotation_euro": null, "tiger_responses": null, "tiger_responses_text": null, "site_responses": null, "site_responses_text": null, "tigaprob_cat": 0, "latest_version": true, "visible": true, "n_photos": 0, "final_expert_status_text": 1, "responses": [{"id": 1133276, "translated_question": "How many bites do you have and where are they on your body?", "translated_answer": "", "question_id": 1, "question": "question_1", "answer_id": 11, "answer": "N/A", "answer_value": "2", "report": "cba41cf9-1df9-445f-9570-6fa0ad5d4fc3"}, {"id": 1133277, "translated_question": "Where did they bite you?", "translated_answer": "Right arm", "question_id": 2, "question": "question_2", "answer_id": 23, "answer": "question_2_answer_23", "answer_value": "1", "report": "cba41cf9-1df9-445f-9570-6fa0ad5d4fc3"}, {"id": 1133278, "translated_question": "Where did they bite you?", "translated_answer": "Left leg", "question_id": 2, "question": "question_2", "answer_id": 25, "answer": "question_2_answer_25", "answer_value": "1", "report": "cba41cf9-1df9-445f-9570-6fa0ad5d4fc3"}, {"id": 1133279, "translated_question": "Where did they bite you?", "translated_answer": "Inside a building", "question_id": 4, "question": "question_4", "answer_id": 42, "answer": "question_4_answer_42", "answer_value": null, "report": "cba41cf9-1df9-445f-9570-6fa0ad5d4fc3"}, {"id": 1133280, "translated_question": "When were you bitten?", "translated_answer": "In the last 24 hours", "question_id": 5, "question": "question_5", "answer_id": 52, "answer": "question_5_answer_52", "answer_value": null, "report": "cba41cf9-1df9-445f-9570-6fa0ad5d4fc3"}, {"id": 1133281, "translated_question": "What time was it?", "translated_answer": "Night", "question_id": 3, "question": "question_3", "answer_id": 34, "answer": "question_3_answer_34", "answer_value": null, "report": "cba41cf9-1df9-445f-9570-6fa0ad5d4fc3"}], "country": "ESP", "updated_at": "2026-01-01T10:21:10.617005Z", "datetime_fix_offset": null, "point": "SRID=4326;POINT (0.1383248594292685 38.83127654159424)", "nuts_2": "ES52", "nuts_3": "ES521", "cached_visible": true, "session": null}, {"version_UUID": "7c7628cf-e443-430f-8270-38d9ef202c6d", "creation_time": "2026-01-01T13:08:54.251331Z", "creation_date": "2026-01-01", "creation_day_since_launch": 4220, "creation_year": 2026, "creation_month": 1, "site_cat": 5, "type": "bite", "lon": -2.8886324912309647, "lat": 43.20511789795439, "location_is_masked": false, "movelab_annotation": null, "movelab_annotation_euro": null, "tiger_responses": null, "tiger_responses_text": null, "site_responses": null, "site_responses_text": null, "tigaprob_cat": 0, "latest_version": true, "visible": true, "n_photos": 0, "final_expert_status_text": 1, "responses": [{"id": 1133283, "translated_question": "\u00bfCu\u00e1ntas picaduras tienes y en qu\u00e9 parte del cuerpo?", "translated_answer": "", "question_id": 1, "question": "question_1", "answer_id": 11, "answer": "N/A", "answer_value": "1", "report": "7c7628cf-e443-430f-8270-38d9ef202c6d"}, {"id": 1133284, "translated_question": "\u00bfDonde te han picado?", "translated_answer": "Brazo derecho", "question_id": 2, "question": "question_2", "answer_id": 23, "answer": "question_2_answer_23", "answer_value": "1", "report": "7c7628cf-e443-430f-8270-38d9ef202c6d"}, {"id": 1133285, "translated_question": "\u00bfD\u00f3nde te han picado?", "translated_answer": "Dentro de un edificio", "question_id": 4, "question": "question_4", "answer_id": 42, "answer": "question_4_answer_42", "answer_value": null, "report": "7c7628cf-e443-430f-8270-38d9ef202c6d"}, {"id": 1133286, "translated_question": "\u00bfCuando te han picado?", "translated_answer": "En las \u00faltimas 24h", "question_id": 5, "question": "question_5", "answer_id": 52, "answer": "question_5_answer_52", "answer_value": null, "report": "7c7628cf-e443-430f-8270-38d9ef202c6d"}, {"id": 1133287, "translated_question": "\u00bfEn qu\u00e9 momento ha sido?", "translated_answer": "Noche", "question_id": 3, "question": "question_3", "answer_id": 34, "answer": "question_3_answer_34", "answer_value": null, "report": "7c7628cf-e443-430f-8270-38d9ef202c6d"}], "country": "ESP", "updated_at": "2026-01-01T13:09:37.119172Z", "datetime_fix_offset": null, "point": "SRID=4326;POINT (-2.888632491230965 43.20511789795439)", "nuts_2": "ES21", "nuts_3": "ES213", "cached_visible": true, "session": null}, {"version_UUID": "bf11afa2-4c90-43fa-a3a4-26474bcd6322", "creation_time": "2026-01-01T14:48:41.819838Z", "creation_date": "2026-01-01", "creation_day_since_launch": 4220, "creation_year": 2026, "creation_month": 1, "site_cat": 5, "type": "adult", "lon": 14.4825132, "lat": 40.7139171, "location_is_masked": false, "movelab_annotation": {"edited_user_notes": "Questa immagine mostra un insetto che non \u00e8 una zanzara e non appartiene quindi alla famiglia dei Culicidi. Su www.mosquitoalert.com troverai soluzioni e suggerimenti per catturare e fotografare questi insetti. Si prega di inviare altre foto!", "photo_html": "<a href=\"https://webserver.mosquitoalert.com/media/tigapics/85b06b74-e6e8-47b1-9fa2-fb1c4e503284.jpeg\" target=\"_blank\"><img src=\"https://webserver.mosquitoalert.com/media/tigapics_popups/85b06b74-e6e8-47b1-9fa2-fb1c4e503284.jpeg\"></a>", "tiger_certainty_category": -2, "aegypti_certainty_category": -2, "score": -2, "classification": "none"}, "movelab_annotation_euro": {"edited_user_notes": "Questa immagine mostra un insetto che non \u00e8 una zanzara e non appartiene quindi alla famiglia dei Culicidi. Su www.mosquitoalert.com troverai soluzioni e suggerimenti per catturare e fotografare questi insetti. Si prega di inviare altre foto!", "photo_html": "<a href=\"https://webserver.mosquitoalert.com/media/tigapics/85b06b74-e6e8-47b1-9fa2-fb1c4e503284.jpeg\" target=\"_blank\"><img src=\"https://webserver.mosquitoalert.com/media/tigapics_popups/85b06b74-e6e8-47b1-9fa2-fb1c4e503284.jpeg\"></a>", "class_name": "Other species", "class_label": "other-species", "class_id": 2, "class_value": null}, "tiger_responses": {}, "tiger_responses_text": {"question_13": "question_13_answer_132"}, "site_responses": null, "site_responses_text": null, "tigaprob_cat": 0, "latest_version": true, "visible": true, "n_photos": 2, "final_expert_status_text": 1, "responses": [{"id": 1133288, "translated_question": "Dove hai trovato la zanzara?", "translated_answer": "In un edificio", "question_id": 13, "question": "question_13", "answer_id": 132, "answer": "question_13_answer_132", "answer_value": null, "report": "bf11afa2-4c90-43fa-a3a4-26474bcd6322"}], "country": "ITA", "updated_at": "2026-01-01T17:47:57.746064Z", "datetime_fix_offset": null, "point": "SRID=4326;POINT (14.4825132 40.7139171)", "nuts_2": "ITF3", "nuts_3": "ITF33", "cached_visible": true, "session": null}, {"version_UUID": "43f1e4cb-73e5-44f8-96e2-1a56933a3fac", "creation_time": "2026-01-01T20:27:21.776970Z", "creation_date": "2026-01-01", "creation_day_since_launch": 4220, "creation_year": 2026, "creation_month": 1, "site_cat": 5, "type": "bite", "lon": 18.442662321031094, "lat": 47.19747387942492, "location_is_masked": false, "movelab_annotation": null, "movelab_annotation_euro": null, "tiger_responses": null, "tiger_responses_text": null, "site_responses": null, "site_responses_text": null, "tigaprob_cat": 0, "latest_version": true, "visible": true, "n_photos": 0, "final_expert_status_text": 1, "responses": [{"id": 1133291, "translated_question": "How many bites do you have and where are they on your body?", "translated_answer": "", "question_id": 1, "question": "question_1", "answer_id": 11, "answer": "N/A", "answer_value": "3", "report": "43f1e4cb-73e5-44f8-96e2-1a56933a3fac"}, {"id": 1133292, "translated_question": "Where did they bite you?", "translated_answer": "Left leg", "question_id": 2, "question": "question_2", "answer_id": 25, "answer": "question_2_answer_25", "answer_value": "1", "report": "43f1e4cb-73e5-44f8-96e2-1a56933a3fac"}, {"id": 1133293, "translated_question": "Where did they bite you?", "translated_answer": "Right arm", "question_id": 2, "question": "question_2", "answer_id": 23, "answer": "question_2_answer_23", "answer_value": "2", "report": "43f1e4cb-73e5-44f8-96e2-1a56933a3fac"}, {"id": 1133294, "translated_question": "Where did they bite you?", "translated_answer": "Inside a building", "question_id": 4, "question": "question_4", "answer_id": 42, "answer": "question_4_answer_42", "answer_value": null, "report": "43f1e4cb-73e5-44f8-96e2-1a56933a3fac"}, {"id": 1133295, "translated_question": "When were you bitten?", "translated_answer": "Just now", "question_id": 5, "question": "question_5", "answer_id": 51, "answer": "question_5_answer_51", "answer_value": null, "report": "43f1e4cb-73e5-44f8-96e2-1a56933a3fac"}], "country": "HUN", "updated_at": "2026-01-01T20:27:27.032559Z", "datetime_fix_offset": null, "point": "SRID=4326;POINT (18.44266232103109 47.19747387942492)", "nuts_2": "HU21", "nuts_3": "HU211", "cached_visible": true, "session": null}, {"version_UUID": "a79b82a2-1920-464b-9928-79ef78c92675", "creation_time": "2026-01-01T21:30:20.510051Z", "creation_date": "2026-01-01", "creation_day_since_launch": 4220, "creation_year": 2026, "creation_month": 1, "site_cat": 5, "type": "adult", "lon": -8.7212837, "lat": 42.2270056, "location_is_masked": false, "movelab_annotation": {"edited_user_notes": null, "photo_html": "<a href=\"https://webserver.mosquitoalert.com/media/tigapics/8fee76ba-4f0b-4e02-802a-279b85eef94c.jpeg\" target=\"_blank\"><img src=\"https://webserver.mosquitoalert.com/media/tigapics_popups/8fee76ba-4f0b-4e02-802a-279b85eef94c.jpeg\"></a>", "tiger_certainty_category": -3, "aegypti_certainty_category": -3, "score": -3, "classification": "none"}, "movelab_annotation_euro": {"edited_user_notes": null, "photo_html": "<a href=\"https://webserver.mosquitoalert.com/media/tigapics/8fee76ba-4f0b-4e02-802a-279b85eef94c.jpeg\" target=\"_blank\"><img src=\"https://webserver.mosquitoalert.com/media/tigapics_popups/8fee76ba-4f0b-4e02-802a-279b85eef94c.jpeg\"></a>", "class_name": "Culex sp.", "class_label": "culex-sp", "class_id": 10, "class_value": 2}, "tiger_responses": {}, "tiger_responses_text": {"question_13": "question_13_answer_132"}, "site_responses": null, "site_responses_text": null, "tigaprob_cat": 0, "latest_version": true, "visible": true, "n_photos": 3, "final_expert_status_text": 1, "responses": [{"id": 1133296, "translated_question": "\u00bfD\u00f3nde has encontrado el mosquito?", "translated_answer": "Dentro de un edificio", "question_id": 13, "question": "question_13", "answer_id": 132, "answer": "question_13_answer_132", "answer_value": null, "report": "a79b82a2-1920-464b-9928-79ef78c92675"}], "country": "ESP", "updated_at": "2026-01-02T03:47:25.191656Z", "datetime_fix_offset": null, "point": "SRID=4326;POINT (-8.721283700000001 42.2270056)", "nuts_2": "ES11", "nuts_3": "ES114", "cached_visible": true, "session": null}, {"version_UUID": "9a9ceb53-a333-4e84-9338-96d65a27d452", "creation_time": "2026-01-02T12:23:54.636458Z", "creation_date": "2026-01-02", "creation_day_since_launch": 4221, "creation_year": 2026, "creation_month": 1, "site_cat": 5, "type": "bite", "lon": 7.8008361, "lat": 43.8291303, "location_is_masked": false, "movelab_annotation": null, "movelab_annotation_euro": null, "tiger_responses": null, "tiger_responses_text": null, "site_responses": null, "site_responses_text": null, "tigaprob_cat": 0, "latest_version": true, "visible": true, "n_photos": 0, "final_expert_status_text": 1, "responses": [{"id": 1133299, "translated_question": "Quante punture hai ricevuto e in che parte del corpo?", "translated_answer": "", "question_id": 1, "question": "question_1", "answer_id": 11, "answer": "N/A", "answer_value": "8", "report": "9a9ceb53-a333-4e84-9338-96d65a27d452"}, {"id": 1133300, "translated_question": "Dove ti hanno punto?", "translated_answer": "Testa", "question_id": 2, "question": "question_2", "answer_id": 21, "answer": "question_2_answer_21", "answer_value": "6", "report": "9a9ceb53-a333-4e84-9338-96d65a27d452"}, {"id": 1133301, "translated_question": "Dove ti hanno punto?", "translated_answer": "Braccio destro", "question_id": 2, "question": "question_2", "answer_id": 23, "answer": "question_2_answer_23", "answer_value": "2", "report": "9a9ceb53-a333-4e84-9338-96d65a27d452"}, {"id": 1133302, "translated_question": "Dove eri quando ti hanno punto?", "translated_answer": "In un edificio", "question_id": 4, "question": "question_4", "answer_id": 42, "answer": "question_4_answer_42", "answer_value": null, "report": "9a9ceb53-a333-4e84-9338-96d65a27d452"}, {"id": 1133303, "translated_question": "Quando ti hanno punto?", "translated_answer": "Nelle ultime 24 ore", "question_id": 5, "question": "question_5", "answer_id": 52, "answer": "question_5_answer_52", "answer_value": null, "report": "9a9ceb53-a333-4e84-9338-96d65a27d452"}, {"id": 1133304, "translated_question": "Quando \u00e8 successo?", "translated_answer": "Sera-Notte", "question_id": 3, "question": "question_3", "answer_id": 34, "answer": "question_3_answer_34", "answer_value": null, "report": "9a9ceb53-a333-4e84-9338-96d65a27d452"}], "country": "ITA", "updated_at": "2026-01-02T12:23:55.557146Z", "datetime_fix_offset": null, "point": "SRID=4326;POINT (7.8008361 43.8291303)", "nuts_2": "ITC3", "nuts_3": "ITC31", "cached_visible": true, "session": null}, {"version_UUID": "2a4348d8-d092-408d-adaa-f754faeb6dad", "creation_time": "2026-01-02T22:18:31.255137Z", "creation_date": "2026-01-02", "creation_day_since_launch": 4221, "creation_year": 2026, "creation_month": 1, "site_cat": 5, "type": "bite", "lon": 16.560056009322757, "lat": 40.38970002260553, "location_is_masked": false, "movelab_annotation": null, "movelab_annotation_euro": null, "tiger_responses": null, "tiger_responses_text": null, "site_responses": null, "site_responses_text": null, "tigaprob_cat": 0, "latest_version": true, "visible": true, "n_photos": 0, "final_expert_status_text": 1, "responses": [{"id": 1133306, "translated_question": "Quante punture hai ricevuto e in che parte del corpo?", "translated_answer": "", "question_id": 1, "question": "question_1", "answer_id": 11, "answer": "N/A", "answer_value": "2", "report": "2a4348d8-d092-408d-adaa-f754faeb6dad"}, {"id": 1133307, "translated_question": "Dove ti hanno punto?", "translated_answer": "Gamba sinistra", "question_id": 2, "question": "question_2", "answer_id": 25, "answer": "question_2_answer_25", "answer_value": "1", "report": "2a4348d8-d092-408d-adaa-f754faeb6dad"}, {"id": 1133308, "translated_question": "Dove ti hanno punto?", "translated_answer": "Gamba destra", "question_id": 2, "question": "question_2", "answer_id": 26, "answer": "question_2_answer_26", "answer_value": "1", "report": "2a4348d8-d092-408d-adaa-f754faeb6dad"}, {"id": 1133309, "translated_question": "Dove eri quando ti hanno punto?", "translated_answer": "Non so", "question_id": 4, "question": "question_4", "answer_id": 44, "answer": "question_4_answer_44", "answer_value": null, "report": "2a4348d8-d092-408d-adaa-f754faeb6dad"}, {"id": 1133310, "translated_question": "Quando ti hanno punto?", "translated_answer": "Nelle ultime 24 ore", "question_id": 5, "question": "question_5", "answer_id": 52, "answer": "question_5_answer_52", "answer_value": null, "report": "2a4348d8-d092-408d-adaa-f754faeb6dad"}, {"id": 1133311, "translated_question": "Quando \u00e8 successo?", "translated_answer": "Sera-Notte", "question_id": 3, "question": "question_3", "answer_id": 34, "answer": "question_3_answer_34", "answer_value": null, "report": "2a4348d8-d092-408d-adaa-f754faeb6dad"}], "country": "ITA", "updated_at": "2026-01-02T22:18:31.891952Z", "datetime_fix_offset": null, "point": "SRID=4326;POINT (16.56005600932276 40.38970002260553)", "nuts_2": "ITF5", "nuts_3": "ITF52", "cached_visible": true, "session": null}, {"version_UUID": "05603ad9-784a-4cdb-b676-97f3d92f3098", "creation_time": "2026-01-02T22:19:10.285823Z", "creation_date": "2026-01-02", "creation_day_since_launch": 4221, "creation_year": 2026, "creation_month": 1, "site_cat": 5, "type": "bite", "lon": 16.562614180147648, "lat": 40.38940123508974, "location_is_masked": false, "movelab_annotation": null, "movelab_annotation_euro": null, "tiger_responses": null, "tiger_responses_text": null, "site_responses": null, "site_responses_text": null, "tigaprob_cat": 0, "latest_version": true, "visible": true, "n_photos": 0, "final_expert_status_text": 1, "responses": [{"id": 1133312, "translated_question": "Quante punture hai ricevuto e in che parte del corpo?", "translated_answer": "", "question_id": 1, "question": "question_1", "answer_id": 11, "answer": "N/A", "answer_value": "3", "report": "05603ad9-784a-4cdb-b676-97f3d92f3098"}, {"id": 1133313, "translated_question": "Dove ti hanno punto?", "translated_answer": "Gamba sinistra", "question_id": 2, "question": "question_2", "answer_id": 25, "answer": "question_2_answer_25", "answer_value": "2", "report": "05603ad9-784a-4cdb-b676-97f3d92f3098"}, {"id": 1133314, "translated_question": "Dove ti hanno punto?", "translated_answer": "Gamba destra", "question_id": 2, "question": "question_2", "answer_id": 26, "answer": "question_2_answer_26", "answer_value": "1", "report": "05603ad9-784a-4cdb-b676-97f3d92f3098"}, {"id": 1133315, "translated_question": "Dove eri quando ti hanno punto?", "translated_answer": "Non so", "question_id": 4, "question": "question_4", "answer_id": 44, "answer": "question_4_answer_44", "answer_value": null, "report": "05603ad9-784a-4cdb-b676-97f3d92f3098"}, {"id": 1133316, "translated_question": "Quando ti hanno punto?", "translated_answer": "Nelle ultime 24 ore", "question_id": 5, "question": "question_5", "answer_id": 52, "answer": "question_5_answer_52", "answer_value": null, "report": "05603ad9-784a-4cdb-b676-97f3d92f3098"}, {"id": 1133317, "translated_question": "Quando \u00e8 successo?", "translated_answer": "Sera-Notte", "question_id": 3, "question": "question_3", "answer_id": 34, "answer": "question_3_answer_34", "answer_value": null, "report": "05603ad9-784a-4cdb-b676-97f3d92f3098"}], "country": "ITA", "updated_at": "2026-01-02T22:19:10.761959Z", "datetime_fix_offset": null, "point": "SRID=4326;POINT (16.56261418014765 40.38940123508974)", "nuts_2": "ITF5", "nuts_3": "ITF52", "cached_visible": true, "session": null}, {"version_UUID": "372b5c85-451d-45de-bf9d-eaad77dff09b", "creation_time": "2026-01-02T23:07:24.058967Z", "creation_date": "2026-01-02", "creation_day_since_launch": 4221, "creation_year": 2026, "creation_month": 1, "site_cat": 5, "type": "bite", "lon": -46.8362963, "lat": -23.4129446, "location_is_masked": false, "movelab_annotation": null, "movelab_annotation_euro": null, "tiger_responses": null, "tiger_responses_text": null, "site_responses": null, "site_responses_text": null, "tigaprob_cat": 0, "latest_version": true, "visible": true, "n_photos": 0, "final_expert_status_text": 1, "responses": [{"id": 1133319, "translated_question": "Quantas picadas tens e em que parte do corpo?", "translated_answer": "", "question_id": 1, "question": "question_1", "answer_id": 11, "answer": "N/A", "answer_value": "3", "report": "372b5c85-451d-45de-bf9d-eaad77dff09b"}, {"id": 1133320, "translated_question": "Onde te picaram?", "translated_answer": "Bra\u00e7o esquerdo", "question_id": 2, "question": "question_2", "answer_id": 22, "answer": "question_2_answer_22", "answer_value": "3", "report": "372b5c85-451d-45de-bf9d-eaad77dff09b"}, {"id": 1133321, "translated_question": "Em que per\u00edodo foi?", "translated_answer": "Tarde", "question_id": 3, "question": "question_3", "answer_id": 33, "answer": "question_3_answer_33", "answer_value": null, "report": "372b5c85-451d-45de-bf9d-eaad77dff09b"}, {"id": 1133322, "translated_question": "Onde te picaram?", "translated_answer": "Dentro de um edif\u00edcio", "question_id": 4, "question": "question_4", "answer_id": 42, "answer": "question_4_answer_42", "answer_value": null, "report": "372b5c85-451d-45de-bf9d-eaad77dff09b"}, {"id": 1133323, "translated_question": "Quando te picaram?", "translated_answer": "Nas \u00faltimas 24h", "question_id": 5, "question": "question_5", "answer_id": 52, "answer": "question_5_answer_52", "answer_value": null, "report": "372b5c85-451d-45de-bf9d-eaad77dff09b"}], "country": null, "updated_at": "2026-01-02T23:07:26.372388Z", "datetime_fix_offset": null, "point": "SRID=4326;POINT (-46.8362963 -23.4129446)", "nuts_2": null, "nuts_3": null, "cached_visible": true, "session": null}, {"version_UUID": "3a739a7f-d22f-43b8-a2bf-99ac2c32fe23", "creation_time": "2026-01-02T23:08:34.526141Z", "creation_date": "2026-01-02", "creation_day_since_launch": 4221, "creation_year": 2026, "creation_month": 1, "site_cat": 5, "type": "bite", "lon": -46.8362878, "lat": -23.4128823, "location_is_masked": false, "movelab_annotation": null, "movelab_annotation_euro": null, "tiger_responses": null, "tiger_responses_text": null, "site_responses": null, "site_responses_text": null, "tigaprob_cat": 0, "latest_version": true, "visible": true, "n_photos": 0, "final_expert_status_text": 1, "responses": [{"id": 1133324, "translated_question": "Quantas picadas tens e em que parte do corpo?", "translated_answer": "", "question_id": 1, "question": "question_1", "answer_id": 11, "answer": "N/A", "answer_value": "3", "report": "3a739a7f-d22f-43b8-a2bf-99ac2c32fe23"}, {"id": 1133325, "translated_question": "Onde te picaram?", "translated_answer": "Bra\u00e7o esquerdo", "question_id": 2, "question": "question_2", "answer_id": 22, "answer": "question_2_answer_22", "answer_value": "3", "report": "3a739a7f-d22f-43b8-a2bf-99ac2c32fe23"}, {"id": 1133326, "translated_question": "Onde te picaram?", "translated_answer": "Dentro de um edif\u00edcio", "question_id": 4, "question": "question_4", "answer_id": 42, "answer": "question_4_answer_42", "answer_value": null, "report": "3a739a7f-d22f-43b8-a2bf-99ac2c32fe23"}, {"id": 1133327, "translated_question": "Quando te picaram?", "translated_answer": "Nas \u00faltimas 24h", "question_id": 5, "question": "question_5", "answer_id": 52, "answer": "question_5_answer_52", "answer_value": null, "report": "3a739a7f-d22f-43b8-a2bf-99ac2c32fe23"}, {"id": 1133328, "translated_question": "Em que per\u00edodo foi?", "translated_answer": "Tarde", "question_id": 3, "question": "question_3", "answer_id": 33, "answer": "question_3_answer_33", "answer_value": null, "report": "3a739a7f-d22f-43b8-a2bf-99ac2c32fe23"}], "country": null, "updated_at": "2026-01-02T23:08:31.780589Z", "datetime_fix_offset": null, "point": "SRID=4326;POINT (-46.8362878 -23.4128823)", "nuts_2": null, "nuts_3": null, "cached_visible": true, "session": null}, {"version_UUID": "83bbd4f3-4cbd-406c-bf4d-ffdee8b320a0", "creation_time": "2026-01-03T00:44:48.140660Z", "creation_date": "2026-01-03", "creation_day_since_launch": 4222, "creation_year": 2026, "creation_month": 1, "site_cat": 5, "type": "bite", "lon": 36.9588617, "lat": -1.2559132, "location_is_masked": false, "movelab_annotation": null, "movelab_annotation_euro": null, "tiger_responses": null, "tiger_responses_text": null, "site_responses": null, "site_responses_text": null, "tigaprob_cat": 0, "latest_version": true, "visible": true, "n_photos": 0, "final_expert_status_text": 1, "responses": [{"id": 1133330, "translated_question": "How many bites do you have and where are they on your body?", "translated_answer": "", "question_id": 1, "question": "question_1", "answer_id": 11, "answer": "N/A", "answer_value": "3", "report": "83bbd4f3-4cbd-406c-bf4d-ffdee8b320a0"}, {"id": 1133331, "translated_question": "Where did they bite you?", "translated_answer": "Left arm", "question_id": 2, "question": "question_2", "answer_id": 22, "answer": "question_2_answer_22", "answer_value": "2", "report": "83bbd4f3-4cbd-406c-bf4d-ffdee8b320a0"}, {"id": 1133332, "translated_question": "Where did they bite you?", "translated_answer": "Inside a building", "question_id": 4, "question": "question_4", "answer_id": 42, "answer": "question_4_answer_42", "answer_value": null, "report": "83bbd4f3-4cbd-406c-bf4d-ffdee8b320a0"}, {"id": 1133333, "translated_question": "When were you bitten?", "translated_answer": "Just now", "question_id": 5, "question": "question_5", "answer_id": 51, "answer": "question_5_answer_51", "answer_value": null, "report": "83bbd4f3-4cbd-406c-bf4d-ffdee8b320a0"}, {"id": 1133334, "translated_question": "Where did they bite you?", "translated_answer": "Left leg", "question_id": 2, "question": "question_2", "answer_id": 25, "answer": "question_2_answer_25", "answer_value": "1", "report": "83bbd4f3-4cbd-406c-bf4d-ffdee8b320a0"}], "country": null, "updated_at": "2026-01-03T00:44:50.872778Z", "datetime_fix_offset": null, "point": "SRID=4326;POINT (36.9588617 -1.2559132)", "nuts_2": null, "nuts_3": null, "cached_visible": true, "session": null}, {"version_UUID": "17c9363e-bf41-47f3-9dfe-fbb4e574e21e", "creation_time": "2026-01-03T00:58:45.543037Z", "creation_date": "2026-01-03", "creation_day_since_launch": 4222, "creation_year": 2026, "creation_month": 1, "site_cat": 5, "type": "bite", "lon": -9.2258417, "lat": 38.7369525, "location_is_masked": false, "movelab_annotation": null, "movelab_annotation_euro": null, "tiger_responses": null, "tiger_responses_text": null, "site_responses": null, "site_responses_text": null, "tigaprob_cat": 0, "latest_version": true, "visible": true, "n_photos": 0, "final_expert_status_text": 1, "responses": [{"id": 1133338, "translated_question": "Quantas picadas tens e em que parte do corpo?", "translated_answer": "", "question_id": 1, "question": "question_1", "answer_id": 11, "answer": "N/A", "answer_value": "2", "report": "17c9363e-bf41-47f3-9dfe-fbb4e574e21e"}, {"id": 1133339, "translated_question": "Onde te picaram?", "translated_answer": "Cabe\u00e7a", "question_id": 2, "question": "question_2", "answer_id": 21, "answer": "question_2_answer_21", "answer_value": "2", "report": "17c9363e-bf41-47f3-9dfe-fbb4e574e21e"}, {"id": 1133340, "translated_question": "Onde te picaram?", "translated_answer": "Dentro de um edif\u00edcio", "question_id": 4, "question": "question_4", "answer_id": 42, "answer": "question_4_answer_42", "answer_value": null, "report": "17c9363e-bf41-47f3-9dfe-fbb4e574e21e"}, {"id": 1133341, "translated_question": "Em que per\u00edodo foi?", "translated_answer": "Noite", "question_id": 3, "question": "question_3", "answer_id": 34, "answer": "question_3_answer_34", "answer_value": null, "report": "17c9363e-bf41-47f3-9dfe-fbb4e574e21e"}], "country": "PRT", "updated_at": "2026-01-03T00:58:45.595112Z", "datetime_fix_offset": null, "point": "SRID=4326;POINT (-9.2258417 38.7369525)", "nuts_2": "PT17", "nuts_3": "PT170", "cached_visible": true, "session": null}]